series_code,year,event,circuit_name,session,session_id,car,class,driver_name,driver_id,lap,stint_number,stint_lap,lap_time,lap_time_s1,lap_time_s2,lap_time_s3,pit_time,flags,est_tire_age,air_temp_f,track_temp_f,humidity_percent,raining,race_duration_minutes
imsa,2023,Laguna Seca,WeatherTech Raceway Laguna Seca,race,569,14,GTDPRO,Jack Hawksworth,jack hawksworth,1,1.0,0,112.622,56.4,35.411,20.811,,FCY,0,59.7,88.88,78.0,False,162
imsa,2023,Laguna Seca,WeatherTech Raceway Laguna Seca,race,569,14,GTDPRO,Jack Hawksworth,jack hawksworth,2,1.0,1,109.657,41.665,44.171,23.821,,FCY,0,59.8,89.42,78.0,False,162
imsa,2023,Laguna Seca,WeatherTech Raceway Laguna Seca,race,569,14,GTDPRO,Jack Hawksworth,jack hawksworth,3,1.0,2,148.414,48.688,61.971,37.755,,FCY,0,60.3,90.68,78.0,False,162
imsa,2023,Laguna Seca,WeatherTech Raceway Laguna Seca,race,569,14,GTDPRO,Jack Hawksworth,jack hawksworth,4,1.0,3,125.258,52.379,52.034,20.845,,GF,0,60.7,91.22,77.0,False,162
imsa,2023,Laguna Seca,WeatherTech Raceway Laguna Seca,race,569,14,GTDPRO,Jack Hawksworth,jack hawksworth,5,1.0,4,87.165,32.658,34.083,20.424,,GF,1,60.9,91.58,77.0,False,162
imsa,2023,Laguna Seca,WeatherTech Raceway Laguna Seca,race,569,14,GTDPRO,Jack Hawksworth,jack hawksworth,6,1.0,5,86.333,32.561,33.47,20.302,,GF,2,61.5,91.58,76.0,False,162
imsa,2023,Laguna Seca,WeatherTech Raceway Laguna Seca,race,569,14,GTDPRO,Jack Hawksworth,jack hawksworth,7,1.0,6,86.329,32.476,33.481,20.372,,GF,3,61.6,91.58,76.0,False,162
imsa,2023,Laguna Seca,WeatherTech Raceway Laguna Seca,race,569,14,GTDPRO,Jack Hawksworth,jack hawksworth,8,1.0,7,86.325,32.478,33.461,20.386,,GF,4,61.6,92.12,75.0,False,162
imsa,2023,Laguna Seca,WeatherTech Raceway Laguna Seca,race,569,14,GTDPRO,Jack Hawksworth,jack hawksworth,9,1.0,8,86.311,32.423,33.512,20.376,,GF,5,61.7,92.12,76.0,False,162
imsa,2023,Laguna Seca,WeatherTech Raceway Laguna Seca,race,569,14,GTDPRO,Jack Hawksworth,jack hawksworth,10,1.0,9,86.556,32.685,33.479,20.392,,GF,6,61.7,92.3,76.0,False,162
imsa,2023,Laguna Seca,WeatherTech Raceway Laguna Seca,race,569,14,GTDPRO,Jack Hawksworth,jack hawksworth,11,1.0,10,97.997,32.785,39.702,25.51,,FCY,7,61.8,92.84,75.0,False,162
imsa,2023,Laguna Seca,WeatherTech Raceway Laguna Seca,race,569,14,GTDPRO,Jack Hawksworth,jack hawksworth,12,1.0,11,96.89,37.121,37.055,22.714,,FCY,7,61.6,93.02,75.0,False,162
imsa,2023,Laguna Seca,WeatherTech Raceway Laguna Seca,race,569,14,GTDPRO,Jack Hawksworth,jack hawksworth,13,1.0,12,140.495,43.984,51.023,45.488,,FCY,7,61.7,93.74,76.0,False,162
imsa,2023,Laguna Seca,WeatherTech Raceway Laguna Seca,race,569,14,GTDPRO,Jack Hawksworth,jack hawksworth,14,1.0,13,146.392,55.924,58.504,31.964,,FCY,7,61.7,94.28,75.0,False,162
imsa,2023,Laguna Seca,WeatherTech Raceway Laguna Seca,race,569,14,GTDPRO,Jack Hawksworth,jack hawksworth,15,1.0,14,137.138,55.506,55.263,26.369,,FCY,7,61.8,94.82,75.0,False,162
imsa,2023,Laguna Seca,WeatherTech Raceway Laguna Seca,race,569,14,GTDPRO,Jack Hawksworth,jack hawksworth,16,1.0,15,153.704,45.021,51.359,57.324,,FCY,7,62.3,95.36,75.0,False,162
imsa,2023,Laguna Seca,WeatherTech Raceway Laguna Seca,race,569,14,GTDPRO,Jack Hawksworth,jack hawksworth,17,1.0,16,128.635,51.574,49.741,27.32,50.433,FCY,0,62.5,95.54,75.0,False,162
imsa,2023,Laguna Seca,WeatherTech Raceway Laguna Seca,race,569,14,GTDPRO,Jack Hawksworth,jack hawksworth,18,1.0,17,148.282,61.136,50.303,36.843,,FCY,0,62.7,96.26,74.0,False,162
imsa,2023,Laguna Seca,WeatherTech Raceway Laguna Seca,race,569,14,GTDPRO,Jack Hawksworth,jack hawksworth,19,1.0,18,124.261,54.043,49.176,21.042,,GF,0,62.7,96.62,74.0,False,162
imsa,2023,Laguna Seca,WeatherTech Raceway Laguna Seca,race,569,14,GTDPRO,Jack Hawksworth,jack hawksworth,20,1.0,19,88.675,33.136,34.823,20.716,,GF,1,62.8,96.8,74.0,False,162
imsa,2023,Laguna Seca,WeatherTech Raceway Laguna Seca,race,569,14,GTDPRO,Jack Hawksworth,jack hawksworth,21,1.0,20,85.39,32.173,33.03,20.187,,GF,2,62.9,97.16,74.0,False,162
imsa,2023,Laguna Seca,WeatherTech Raceway Laguna Seca,race,569,14,GTDPRO,Jack Hawksworth,jack hawksworth,22,1.0,21,86.77,32.39,33.826,20.554,,GF,3,62.9,97.16,74.0,False,162
imsa,2023,Laguna Seca,WeatherTech Raceway Laguna Seca,race,569,14,GTDPRO,Jack Hawksworth,jack hawksworth,23,1.0,22,87.053,32.978,33.838,20.237,,GF,4,63.1,97.34,74.0,False,162
imsa,2023,Laguna Seca,WeatherTech Raceway Laguna Seca,race,569,14,GTDPRO,Jack Hawksworth,jack hawksworth,24,1.0,23,85.821,32.163,33.281,20.377,,GF,5,63.3,97.52,73.0,False,162
imsa,2023,Laguna Seca,WeatherTech Raceway Laguna Seca,race,569,14,GTDPRO,Jack Hawksworth,jack hawksworth,25,1.0,24,86.879,32.861,33.582,20.436,,GF,6,63.3,97.52,73.0,False,162
imsa,2023,Laguna Seca,WeatherTech Raceway Laguna Seca,race,569,14,GTDPRO,Jack Hawksworth,jack hawksworth,26,1.0,25,86.976,32.754,33.538,20.684,,GF,7,63.3,97.7,73.0,False,162
imsa,2023,Laguna Seca,WeatherTech Raceway Laguna Seca,race,569,14,GTDPRO,Jack Hawksworth,jack hawksworth,27,1.0,26,86.307,32.542,33.431,20.334,,GF,8,63.3,98.06,73.0,False,162
imsa,2023,Laguna Seca,WeatherTech Raceway Laguna Seca,race,569,14,GTDPRO,Jack Hawksworth,jack hawksworth,28,1.0,27,87.115,32.553,33.755,20.807,,GF,9,63.6,98.24,73.0,False,162
imsa,2023,Laguna Seca,WeatherTech Raceway Laguna Seca,race,569,14,GTDPRO,Jack Hawksworth,jack hawksworth,29,1.0,28,86.815,32.578,33.83,20.407,,GF,10,63.8,98.24,73.0,False,162
imsa,2023,Laguna Seca,WeatherTech Raceway Laguna Seca,race,569,14,GTDPRO,Jack Hawksworth,jack hawksworth,30,1.0,29,86.611,32.646,33.574,20.391,,GF,11,64.0,98.6,73.0,False,162
imsa,2023,Laguna Seca,WeatherTech Raceway Laguna Seca,race,569,14,GTDPRO,Jack Hawksworth,jack hawksworth,31,1.0,30,86.575,32.751,33.404,20.42,,GF,12,64.1,98.42,73.0,False,162
imsa,2023,Laguna Seca,WeatherTech Raceway Laguna Seca,race,569,14,GTDPRO,Jack Hawksworth,jack hawksworth,32,1.0,31,86.845,32.576,33.76,20.509,,GF,13,64.4,98.96,72.0,False,162
imsa,2023,Laguna Seca,WeatherTech Raceway Laguna Seca,race,569,14,GTDPRO,Jack Hawksworth,jack hawksworth,33,1.0,32,86.669,32.588,33.578,20.503,,GF,14,64.7,99.14,72.0,False,162
imsa,2023,Laguna Seca,WeatherTech Raceway Laguna Seca,race,569,14,GTDPRO,Jack Hawksworth,jack hawksworth,34,1.0,33,87.917,33.541,33.802,20.574,,FCY,15,64.9,99.32,72.0,False,162
imsa,2023,Laguna Seca,WeatherTech Raceway Laguna Seca,race,569,14,GTDPRO,Jack Hawksworth,jack hawksworth,35,1.0,34,101.249,38.086,41.367,21.796,,FCY,15,65.4,99.5,71.0,False,162
imsa,2023,Laguna Seca,WeatherTech Raceway Laguna Seca,race,569,14,GTDPRO,Jack Hawksworth,jack hawksworth,36,1.0,35,102.028,35.218,39.229,27.581,,FCY,15,65.5,99.5,71.0,False,162
imsa,2023,Laguna Seca,WeatherTech Raceway Laguna Seca,race,569,14,GTDPRO,Jack Hawksworth,jack hawksworth,37,1.0,36,144.514,56.945,59.995,27.574,,FCY,15,65.5,99.68,70.0,False,162
imsa,2023,Laguna Seca,WeatherTech Raceway Laguna Seca,race,569,14,GTDPRO,Jack Hawksworth,jack hawksworth,38,1.0,37,189.19,55.802,59.914,73.474,,FCY,15,65.8,100.58,70.0,False,162
imsa,2023,Laguna Seca,WeatherTech Raceway Laguna Seca,race,569,14,GTDPRO,Ben Barnicoat,ben barnicoat,39,2.0,0,133.644,50.607,53.769,29.268,61.693,FCY,0,65.9,100.94,70.0,False,162
imsa,2023,Laguna Seca,WeatherTech Raceway Laguna Seca,race,569,14,GTDPRO,Ben Barnicoat,ben barnicoat,40,2.0,1,148.749,59.761,56.861,32.127,,FCY,0,65.9,101.3,70.0,False,162
imsa,2023,Laguna Seca,WeatherTech Raceway Laguna Seca,race,569,14,GTDPRO,Ben Barnicoat,ben barnicoat,41,2.0,2,148.301,58.653,62.51,27.138,,FCY,0,66.0,101.66,70.0,False,162
imsa,2023,Laguna Seca,WeatherTech Raceway Laguna Seca,race,569,14,GTDPRO,Ben Barnicoat,ben barnicoat,42,2.0,3,127.104,53.163,53.442,20.499,,GF,0,66.2,101.66,70.0,False,162
imsa,2023,Laguna Seca,WeatherTech Raceway Laguna Seca,race,569,14,GTDPRO,Ben Barnicoat,ben barnicoat,43,2.0,4,86.906,32.728,86399.0,86399.0,,GF,1,66.5,101.84,70.0,False,162
imsa,2023,Laguna Seca,WeatherTech Raceway Laguna Seca,race,569,14,GTDPRO,Ben Barnicoat,ben barnicoat,44,2.0,5,86.709,32.52,33.74,20.449,,GF,2,66.7,102.02,69.0,False,162
imsa,2023,Laguna Seca,WeatherTech Raceway Laguna Seca,race,569,14,GTDPRO,Ben Barnicoat,ben barnicoat,45,2.0,6,86.364,32.637,86399.0,86399.0,,GF,3,67.0,102.56,69.0,False,162
imsa,2023,Laguna Seca,WeatherTech Raceway Laguna Seca,race,569,14,GTDPRO,Ben Barnicoat,ben barnicoat,46,2.0,7,86.443,32.521,33.602,20.32,,GF,4,67.1,102.38,69.0,False,162
imsa,2023,Laguna Seca,WeatherTech Raceway Laguna Seca,race,569,14,GTDPRO,Ben Barnicoat,ben barnicoat,47,2.0,8,86.822,32.593,86399.0,86399.0,,GF,5,67.2,102.38,68.0,False,162
imsa,2023,Laguna Seca,WeatherTech Raceway Laguna Seca,race,569,14,GTDPRO,Ben Barnicoat,ben barnicoat,48,2.0,9,87.446,33.317,33.816,20.313,,GF,6,67.3,102.38,68.0,False,162
imsa,2023,Laguna Seca,WeatherTech Raceway Laguna Seca,race,569,14,GTDPRO,Ben Barnicoat,ben barnicoat,49,2.0,10,86.654,32.664,86399.0,86399.0,,GF,7,67.5,102.56,68.0,False,162
imsa,2023,Laguna Seca,WeatherTech Raceway Laguna Seca,race,569,14,GTDPRO,Ben Barnicoat,ben barnicoat,50,2.0,11,87.194,32.832,86399.0,86399.0,,GF,8,67.5,102.56,68.0,False,162
imsa,2023,Laguna Seca,WeatherTech Raceway Laguna Seca,race,569,14,GTDPRO,Ben Barnicoat,ben barnicoat,51,2.0,12,87.48,32.73,34.204,20.546,,GF,9,67.6,102.74,68.0,False,162
imsa,2023,Laguna Seca,WeatherTech Raceway Laguna Seca,race,569,14,GTDPRO,Ben Barnicoat,ben barnicoat,52,2.0,13,89.046,32.73,35.19,21.126,,GF,10,67.8,102.92,68.0,False,162
imsa,2023,Laguna Seca,WeatherTech Raceway Laguna Seca,race,569,14,GTDPRO,Ben Barnicoat,ben barnicoat,53,2.0,14,88.824,33.641,86399.0,86399.0,,GF,11,67.9,102.74,67.0,False,162
imsa,2023,Laguna Seca,WeatherTech Raceway Laguna Seca,race,569,14,GTDPRO,Ben Barnicoat,ben barnicoat,54,2.0,15,87.023,32.95,86399.0,86399.0,,GF,12,68.0,102.74,67.0,False,162
imsa,2023,Laguna Seca,WeatherTech Raceway Laguna Seca,race,569,14,GTDPRO,Ben Barnicoat,ben barnicoat,55,2.0,16,87.528,32.813,86399.0,86399.0,,GF,13,68.1,102.92,67.0,False,162
imsa,2023,Laguna Seca,WeatherTech Raceway Laguna Seca,race,569,14,GTDPRO,Ben Barnicoat,ben barnicoat,56,2.0,17,117.182,32.668,33.849,50.665,,GF,14,67.9,102.92,67.0,False,162
imsa,2023,Laguna Seca,WeatherTech Raceway Laguna Seca,race,569,14,GTDPRO,Ben Barnicoat,ben barnicoat,57,2.0,18,95.59,41.028,34.26,20.302,42.528,GF,0,67.7,102.92,67.0,False,162
imsa,2023,Laguna Seca,WeatherTech Raceway Laguna Seca,race,569,14,GTDPRO,Ben Barnicoat,ben barnicoat,58,2.0,19,86.787,32.574,86399.0,86399.0,,GF,0,67.6,103.1,67.0,False,162
imsa,2023,Laguna Seca,WeatherTech Raceway Laguna Seca,race,569,14,GTDPRO,Ben Barnicoat,ben barnicoat,59,2.0,20,87.076,32.718,86399.0,86399.0,,GF,1,67.7,103.64,67.0,False,162
imsa,2023,Laguna Seca,WeatherTech Raceway Laguna Seca,race,569,14,GTDPRO,Ben Barnicoat,ben barnicoat,60,2.0,21,87.104,32.537,86399.0,86399.0,,GF,2,67.7,103.64,67.0,False,162
imsa,2023,Laguna Seca,WeatherTech Raceway Laguna Seca,race,569,14,GTDPRO,Ben Barnicoat,ben barnicoat,61,2.0,22,94.968,33.421,38.683,22.864,,FCY,3,67.8,103.64,67.0,False,162
imsa,2023,Laguna Seca,WeatherTech Raceway Laguna Seca,race,569,14,GTDPRO,Ben Barnicoat,ben barnicoat,62,2.0,23,141.713,48.181,60.404,33.128,,FCY,3,67.8,103.46,67.0,False,162
imsa,2023,Laguna Seca,WeatherTech Raceway Laguna Seca,race,569,14,GTDPRO,Ben Barnicoat,ben barnicoat,63,2.0,24,144.548,58.268,55.454,30.826,,FCY,3,67.7,103.46,67.0,False,162
imsa,2023,Laguna Seca,WeatherTech Raceway Laguna Seca,race,569,14,GTDPRO,Ben Barnicoat,ben barnicoat,64,2.0,25,145.037,55.175,56.757,33.105,,FCY,3,67.9,103.82,67.0,False,162
imsa,2023,Laguna Seca,WeatherTech Raceway Laguna Seca,race,569,14,GTDPRO,Ben Barnicoat,ben barnicoat,65,2.0,26,142.214,54.728,56.485,31.001,,FCY,3,67.9,103.64,67.0,False,162
imsa,2023,Laguna Seca,WeatherTech Raceway Laguna Seca,race,569,14,GTDPRO,Ben Barnicoat,ben barnicoat,66,2.0,27,131.03,56.762,53.461,20.807,,FCY,3,67.8,104.18,67.0,False,162
imsa,2023,Laguna Seca,WeatherTech Raceway Laguna Seca,race,569,14,GTDPRO,Ben Barnicoat,ben barnicoat,67,2.0,28,87.762,32.974,34.321,20.467,,FCY,3,67.7,104.54,67.0,False,162
imsa,2023,Laguna Seca,WeatherTech Raceway Laguna Seca,race,569,14,GTDPRO,Ben Barnicoat,ben barnicoat,68,2.0,29,87.178,32.758,34.037,20.383,,GF,3,67.7,104.54,67.0,False,162
imsa,2023,Laguna Seca,WeatherTech Raceway Laguna Seca,race,569,14,GTDPRO,Ben Barnicoat,ben barnicoat,69,2.0,30,86.186,32.393,33.413,20.38,,GF,4,67.9,104.72,67.0,False,162
imsa,2023,Laguna Seca,WeatherTech Raceway Laguna Seca,race,569,14,GTDPRO,Ben Barnicoat,ben barnicoat,70,2.0,31,86.379,32.523,86399.0,86399.0,,GF,5,67.9,104.9,67.0,False,162
imsa,2023,Laguna Seca,WeatherTech Raceway Laguna Seca,race,569,14,GTDPRO,Ben Barnicoat,ben barnicoat,71,2.0,32,86.269,32.509,33.458,20.302,,GF,6,67.9,105.08,67.0,False,162
imsa,2023,Laguna Seca,WeatherTech Raceway Laguna Seca,race,569,14,GTDPRO,Ben Barnicoat,ben barnicoat,72,2.0,33,86.014,32.429,33.234,20.351,,GF,7,67.9,104.9,67.0,False,162
imsa,2023,Laguna Seca,WeatherTech Raceway Laguna Seca,race,569,14,GTDPRO,Ben Barnicoat,ben barnicoat,73,2.0,34,86.701,32.672,33.507,20.522,,GF,8,67.7,104.9,67.0,False,162
imsa,2023,Laguna Seca,WeatherTech Raceway Laguna Seca,race,569,14,GTDPRO,Ben Barnicoat,ben barnicoat,74,2.0,35,86.496,32.51,33.501,20.485,,GF,9,67.7,104.9,67.0,False,162
imsa,2023,Laguna Seca,WeatherTech Raceway Laguna Seca,race,569,14,GTDPRO,Ben Barnicoat,ben barnicoat,75,2.0,36,87.942,32.821,33.949,21.172,,GF,10,67.6,104.72,67.0,False,162
imsa,2023,Laguna Seca,WeatherTech Raceway Laguna Seca,race,569,14,GTDPRO,Ben Barnicoat,ben barnicoat,76,2.0,37,87.494,33.018,33.947,20.529,,GF,11,67.8,104.54,67.0,False,162
imsa,2023,Laguna Seca,WeatherTech Raceway Laguna Seca,race,569,14,GTDPRO,Ben Barnicoat,ben barnicoat,77,2.0,38,87.835,32.969,86399.0,86399.0,,GF,12,67.8,104.36,67.0,False,162
imsa,2023,Laguna Seca,WeatherTech Raceway Laguna Seca,race,569,14,GTDPRO,Ben Barnicoat,ben barnicoat,78,2.0,39,87.064,32.7,33.753,20.611,,GF,13,67.8,104.54,67.0,False,162
imsa,2023,Laguna Seca,WeatherTech Raceway Laguna Seca,race,569,14,GTDPRO,Ben Barnicoat,ben barnicoat,79,2.0,40,87.412,32.676,86399.0,86399.0,,GF,14,68.0,104.36,67.0,False,162
imsa,2023,Laguna Seca,WeatherTech Raceway Laguna Seca,race,569,14,GTDPRO,Ben Barnicoat,ben barnicoat,80,2.0,41,87.157,32.913,86399.0,86399.0,,GF,15,67.8,104.18,67.0,False,162
imsa,2023,Laguna Seca,WeatherTech Raceway Laguna Seca,race,569,14,GTDPRO,Ben Barnicoat,ben barnicoat,81,2.0,42,86.907,32.72,86399.0,86399.0,,GF,16,67.8,104.0,68.0,False,162
imsa,2023,Laguna Seca,WeatherTech Raceway Laguna Seca,race,569,14,GTDPRO,Ben Barnicoat,ben barnicoat,82,2.0,43,86.791,32.682,33.592,20.517,,GF,17,67.6,104.0,67.0,False,162
imsa,2023,Laguna Seca,WeatherTech Raceway Laguna Seca,race,569,14,GTDPRO,Ben Barnicoat,ben barnicoat,83,2.0,44,86.674,32.626,33.497,20.551,,GF,18,67.4,104.0,67.0,False,162
imsa,2023,Laguna Seca,WeatherTech Raceway Laguna Seca,race,569,14,GTDPRO,Ben Barnicoat,ben barnicoat,84,2.0,45,87.46,32.857,86399.0,86399.0,,GF,19,67.4,103.82,68.0,False,162
imsa,2023,Laguna Seca,WeatherTech Raceway Laguna Seca,race,569,14,GTDPRO,Ben Barnicoat,ben barnicoat,85,2.0,46,87.487,32.839,86399.0,86399.0,,GF,20,67.7,104.0,68.0,False,162
imsa,2023,Laguna Seca,WeatherTech Raceway Laguna Seca,race,569,14,GTDPRO,Ben Barnicoat,ben barnicoat,86,2.0,47,88.786,33.7,34.075,21.011,,GF,21,67.7,104.0,67.0,False,162
imsa,2023,Laguna Seca,WeatherTech Raceway Laguna Seca,race,569,14,GTDPRO,Ben Barnicoat,ben barnicoat,87,2.0,48,89.041,34.035,86399.0,86399.0,,GF,22,67.4,103.82,67.0,False,162
imsa,2023,Laguna Seca,WeatherTech Raceway Laguna Seca,race,569,14,GTDPRO,Ben Barnicoat,ben barnicoat,88,2.0,49,87.994,32.979,33.876,21.139,,GF,23,67.5,103.82,68.0,False,162
imsa,2023,Laguna Seca,WeatherTech Raceway Laguna Seca,race,569,14,GTDPRO,Ben Barnicoat,ben barnicoat,89,2.0,50,87.589,33.068,86399.0,86399.0,,GF,24,67.7,103.64,67.0,False,162
imsa,2023,Laguna Seca,WeatherTech Raceway Laguna Seca,race,569,14,GTDPRO,Ben Barnicoat,ben barnicoat,90,2.0,51,88.176,33.163,86399.0,86399.0,,GF,25,67.6,103.64,67.0,False,162
imsa,2023,Laguna Seca,WeatherTech Raceway Laguna Seca,race,569,14,GTDPRO,Ben Barnicoat,ben barnicoat,91,2.0,52,87.56,33.113,86399.0,86399.0,,GF,26,66.9,103.64,68.0,False,162
imsa,2023,Laguna Seca,WeatherTech Raceway Laguna Seca,race,569,14,GTDPRO,Ben Barnicoat,ben barnicoat,92,2.0,53,88.283,33.19,34.109,20.984,,GF,27,66.7,103.64,68.0,False,162
imsa,2023,Laguna Seca,WeatherTech Raceway Laguna Seca,race,569,14,GTDPRO,Ben Barnicoat,ben barnicoat,93,2.0,54,88.479,33.136,86399.0,86399.0,,GF,28,66.8,103.82,68.0,False,162
imsa,2023,Laguna Seca,WeatherTech Raceway Laguna Seca,race,569,14,GTDPRO,Ben Barnicoat,ben barnicoat,94,2.0,55,88.497,33.761,33.742,20.994,,GF,29,67.0,103.82,68.0,False,162
imsa,2023,Laguna Seca,WeatherTech Raceway Laguna Seca,race,569,14,GTDPRO,Ben Barnicoat,ben barnicoat,95,2.0,56,90.083,33.946,34.784,21.353,,GF,30,67.0,103.64,68.0,False,162
imsa,2023,Laguna Seca,WeatherTech Raceway Laguna Seca,race,569,14,GTDPRO,Ben Barnicoat,ben barnicoat,96,2.0,57,89.19,34.339,34.078,20.773,,GF,31,66.8,103.64,68.0,False,162
imsa,2023,Laguna Seca,WeatherTech Raceway Laguna Seca,race,569,14,GTDPRO,Ben Barnicoat,ben barnicoat,97,2.0,58,89.568,33.346,34.871,21.351,,FF,32,66.8,103.64,68.0,False,162
imsa,2023,Laguna Seca,WeatherTech Raceway Laguna Seca,race,569,23,GTDPRO,Alex Riberas,alex riberas,1,1.0,0,109.044,54.643,33.848,20.553,,FCY,0,59.7,88.88,78.0,False,162
imsa,2023,Laguna Seca,WeatherTech Raceway Laguna Seca,race,569,23,GTDPRO,Alex Riberas,alex riberas,2,1.0,1,105.715,40.203,41.41,24.102,,FCY,0,59.8,89.42,78.0,False,162
imsa,2023,Laguna Seca,WeatherTech Raceway Laguna Seca,race,569,23,GTDPRO,Alex Riberas,alex riberas,3,1.0,2,149.535,51.366,61.661,36.508,,FCY,0,60.3,90.68,78.0,False,162
imsa,2023,Laguna Seca,WeatherTech Raceway Laguna Seca,race,569,23,GTDPRO,Alex Riberas,alex riberas,4,1.0,3,127.788,53.17,53.647,20.971,,GF,0,60.7,91.22,77.0,False,162
imsa,2023,Laguna Seca,WeatherTech Raceway Laguna Seca,race,569,23,GTDPRO,Alex Riberas,alex riberas,5,1.0,4,87.618,33.151,33.985,20.482,,GF,1,60.9,91.58,77.0,False,162
imsa,2023,Laguna Seca,WeatherTech Raceway Laguna Seca,race,569,23,GTDPRO,Alex Riberas,alex riberas,6,1.0,5,86.498,32.561,33.656,20.281,,GF,2,61.5,91.58,76.0,False,162
imsa,2023,Laguna Seca,WeatherTech Raceway Laguna Seca,race,569,23,GTDPRO,Alex Riberas,alex riberas,7,1.0,6,86.266,32.419,33.427,20.42,,GF,3,61.6,91.58,76.0,False,162
imsa,2023,Laguna Seca,WeatherTech Raceway Laguna Seca,race,569,23,GTDPRO,Alex Riberas,alex riberas,8,1.0,7,86.214,32.439,33.362,20.413,,GF,4,61.7,91.76,75.0,False,162
imsa,2023,Laguna Seca,WeatherTech Raceway Laguna Seca,race,569,23,GTDPRO,Alex Riberas,alex riberas,9,1.0,8,86.348,32.531,86399.0,86399.0,,GF,5,61.7,92.12,76.0,False,162
imsa,2023,Laguna Seca,WeatherTech Raceway Laguna Seca,race,569,23,GTDPRO,Alex Riberas,alex riberas,10,1.0,9,86.458,32.601,33.455,20.402,,GF,6,61.7,92.3,76.0,False,162
imsa,2023,Laguna Seca,WeatherTech Raceway Laguna Seca,race,569,23,GTDPRO,Alex Riberas,alex riberas,11,1.0,10,96.153,32.662,39.322,24.169,,FCY,7,61.8,92.84,75.0,False,162
imsa,2023,Laguna Seca,WeatherTech Raceway Laguna Seca,race,569,23,GTDPRO,Alex Riberas,alex riberas,12,1.0,11,96.442,36.229,36.793,23.42,,FCY,7,61.6,93.02,75.0,False,162
imsa,2023,Laguna Seca,WeatherTech Raceway Laguna Seca,race,569,23,GTDPRO,Alex Riberas,alex riberas,13,1.0,12,140.527,44.85,51.985,43.692,,FCY,7,61.7,93.74,76.0,False,162
imsa,2023,Laguna Seca,WeatherTech Raceway Laguna Seca,race,569,23,GTDPRO,Alex Riberas,alex riberas,14,1.0,13,147.668,56.919,56.419,34.33,,FCY,7,61.7,94.28,75.0,False,162
imsa,2023,Laguna Seca,WeatherTech Raceway Laguna Seca,race,569,23,GTDPRO,Alex Riberas,alex riberas,15,1.0,14,134.731,54.915,53.878,25.938,,FCY,7,61.8,94.82,75.0,False,162
imsa,2023,Laguna Seca,WeatherTech Raceway Laguna Seca,race,569,23,GTDPRO,Alex Riberas,alex riberas,16,1.0,15,167.864,47.587,53.937,66.34,,FCY,7,62.3,95.36,75.0,False,162
imsa,2023,Laguna Seca,WeatherTech Raceway Laguna Seca,race,569,23,GTDPRO,Alex Riberas,alex riberas,17,1.0,16,123.1,46.435,49.296,27.369,54.133,FCY,0,62.5,95.54,75.0,False,162
imsa,2023,Laguna Seca,WeatherTech Raceway Laguna Seca,race,569,23,GTDPRO,Alex Riberas,alex riberas,18,1.0,17,148.461,61.206,50.246,37.009,,FCY,0,62.7,96.26,74.0,False,162
imsa,2023,Laguna Seca,WeatherTech Raceway Laguna Seca,race,569,23,GTDPRO,Alex Riberas,alex riberas,19,1.0,18,123.533,53.982,49.092,20.459,,GF,0,62.7,96.62,74.0,False,162
imsa,2023,Laguna Seca,WeatherTech Raceway Laguna Seca,race,569,23,GTDPRO,Alex Riberas,alex riberas,20,1.0,19,88.812,32.71,35.328,20.774,,GF,1,62.8,96.8,74.0,False,162
imsa,2023,Laguna Seca,WeatherTech Raceway Laguna Seca,race,569,23,GTDPRO,Alex Riberas,alex riberas,21,1.0,20,86.788,32.65,33.939,20.199,,GF,2,62.9,97.16,74.0,False,162
imsa,2023,Laguna Seca,WeatherTech Raceway Laguna Seca,race,569,23,GTDPRO,Alex Riberas,alex riberas,22,1.0,21,85.051,31.96,32.911,20.18,,GF,3,62.9,97.16,74.0,False,162
imsa,2023,Laguna Seca,WeatherTech Raceway Laguna Seca,race,569,23,GTDPRO,Alex Riberas,alex riberas,23,1.0,22,87.908,32.929,34.305,20.674,,GF,4,63.1,97.34,74.0,False,162
imsa,2023,Laguna Seca,WeatherTech Raceway Laguna Seca,race,569,23,GTDPRO,Alex Riberas,alex riberas,24,1.0,23,87.13,32.681,33.835,20.614,,GF,5,63.3,97.52,73.0,False,162
imsa,2023,Laguna Seca,WeatherTech Raceway Laguna Seca,race,569,23,GTDPRO,Alex Riberas,alex riberas,25,1.0,24,87.069,32.623,33.996,20.45,,GF,6,63.3,97.52,73.0,False,162
imsa,2023,Laguna Seca,WeatherTech Raceway Laguna Seca,race,569,23,GTDPRO,Alex Riberas,alex riberas,26,1.0,25,86.731,33.083,33.281,20.367,,GF,7,63.3,97.7,73.0,False,162
imsa,2023,Laguna Seca,WeatherTech Raceway Laguna Seca,race,569,23,GTDPRO,Alex Riberas,alex riberas,27,1.0,26,86.265,32.458,33.033,20.774,,GF,8,63.3,98.06,73.0,False,162
imsa,2023,Laguna Seca,WeatherTech Raceway Laguna Seca,race,569,23,GTDPRO,Alex Riberas,alex riberas,28,1.0,27,87.448,32.57,34.395,20.483,,GF,9,63.6,98.24,73.0,False,162
imsa,2023,Laguna Seca,WeatherTech Raceway Laguna Seca,race,569,23,GTDPRO,Alex Riberas,alex riberas,29,1.0,28,87.878,34.106,33.474,20.298,,GF,10,63.8,98.24,73.0,False,162
imsa,2023,Laguna Seca,WeatherTech Raceway Laguna Seca,race,569,23,GTDPRO,Alex Riberas,alex riberas,30,1.0,29,86.004,32.599,33.091,20.314,,GF,11,64.0,98.6,73.0,False,162
imsa,2023,Laguna Seca,WeatherTech Raceway Laguna Seca,race,569,23,GTDPRO,Alex Riberas,alex riberas,31,1.0,30,86.308,32.336,86399.0,86399.0,,GF,12,64.1,98.42,73.0,False,162
imsa,2023,Laguna Seca,WeatherTech Raceway Laguna Seca,race,569,23,GTDPRO,Alex Riberas,alex riberas,32,1.0,31,85.897,32.293,33.09,20.514,,GF,13,64.4,98.96,72.0,False,162
imsa,2023,Laguna Seca,WeatherTech Raceway Laguna Seca,race,569,23,GTDPRO,Alex Riberas,alex riberas,33,1.0,32,86.09,32.498,33.205,20.387,,GF,14,64.7,99.14,72.0,False,162
imsa,2023,Laguna Seca,WeatherTech Raceway Laguna Seca,race,569,23,GTDPRO,Alex Riberas,alex riberas,34,1.0,33,87.443,32.511,33.595,21.337,,FCY,15,64.9,99.32,72.0,False,162
imsa,2023,Laguna Seca,WeatherTech Raceway Laguna Seca,race,569,23,GTDPRO,Alex Riberas,alex riberas,35,1.0,34,103.079,39.388,41.51,22.181,,FCY,15,65.4,99.5,71.0,False,162
imsa,2023,Laguna Seca,WeatherTech Raceway Laguna Seca,race,569,23,GTDPRO,Alex Riberas,alex riberas,36,1.0,35,100.873,36.325,38.766,25.782,,FCY,15,65.5,99.5,71.0,False,162
imsa,2023,Laguna Seca,WeatherTech Raceway Laguna Seca,race,569,23,GTDPRO,Alex Riberas,alex riberas,37,1.0,36,144.913,57.007,60.52,27.386,,FCY,15,65.5,99.68,70.0,False,162
imsa,2023,Laguna Seca,WeatherTech Raceway Laguna Seca,race,569,23,GTDPRO,Alex Riberas,alex riberas,38,1.0,37,167.325,55.272,60.195,51.858,,FCY,15,65.8,100.58,70.0,False,162
imsa,2023,Laguna Seca,WeatherTech Raceway Laguna Seca,race,569,23,GTDPRO,Alex Riberas,alex riberas,39,1.0,38,147.22,64.368,54.475,28.377,54.776,FCY,0,65.9,100.94,70.0,False,162
imsa,2023,Laguna Seca,WeatherTech Raceway Laguna Seca,race,569,23,GTDPRO,Alex Riberas,alex riberas,40,1.0,39,149.386,59.231,56.711,33.444,,FCY,0,65.9,101.3,70.0,False,162
imsa,2023,Laguna Seca,WeatherTech Raceway Laguna Seca,race,569,23,GTDPRO,Alex Riberas,alex riberas,41,1.0,40,147.242,60.075,58.052,29.115,,FCY,0,66.0,101.66,70.0,False,162
imsa,2023,Laguna Seca,WeatherTech Raceway Laguna Seca,race,569,23,GTDPRO,Alex Riberas,alex riberas,42,1.0,41,128.689,53.999,53.96,20.73,,GF,0,66.2,101.66,70.0,False,162
imsa,2023,Laguna Seca,WeatherTech Raceway Laguna Seca,race,569,23,GTDPRO,Alex Riberas,alex riberas,43,1.0,42,88.046,33.387,34.087,20.572,,GF,1,66.5,101.84,70.0,False,162
imsa,2023,Laguna Seca,WeatherTech Raceway Laguna Seca,race,569,23,GTDPRO,Alex Riberas,alex riberas,44,1.0,43,86.401,32.465,33.599,20.337,,GF,2,66.7,102.02,69.0,False,162
imsa,2023,Laguna Seca,WeatherTech Raceway Laguna Seca,race,569,23,GTDPRO,Alex Riberas,alex riberas,45,1.0,44,85.989,32.4,33.24,20.349,,GF,3,67.0,102.56,69.0,False,162
imsa,2023,Laguna Seca,WeatherTech Raceway Laguna Seca,race,569,23,GTDPRO,Alex Riberas,alex riberas,46,1.0,45,86.162,32.449,33.369,20.344,,GF,4,67.1,102.38,69.0,False,162
imsa,2023,Laguna Seca,WeatherTech Raceway Laguna Seca,race,569,23,GTDPRO,Alex Riberas,alex riberas,47,1.0,46,85.962,32.296,33.273,20.393,,GF,5,67.2,102.38,68.0,False,162
imsa,2023,Laguna Seca,WeatherTech Raceway Laguna Seca,race,569,23,GTDPRO,Alex Riberas,alex riberas,48,1.0,47,85.991,32.443,33.183,20.365,,GF,6,67.3,102.38,68.0,False,162
imsa,2023,Laguna Seca,WeatherTech Raceway Laguna Seca,race,569,23,GTDPRO,Alex Riberas,alex riberas,49,1.0,48,86.154,32.535,33.243,20.376,,GF,7,67.4,102.38,68.0,False,162
imsa,2023,Laguna Seca,WeatherTech Raceway Laguna Seca,race,569,23,GTDPRO,Alex Riberas,alex riberas,50,1.0,49,86.367,32.536,33.297,20.534,,GF,8,67.5,102.56,68.0,False,162
imsa,2023,Laguna Seca,WeatherTech Raceway Laguna Seca,race,569,23,GTDPRO,Alex Riberas,alex riberas,51,1.0,50,86.881,32.643,33.706,20.532,,GF,9,67.6,102.74,68.0,False,162
imsa,2023,Laguna Seca,WeatherTech Raceway Laguna Seca,race,569,23,GTDPRO,Alex Riberas,alex riberas,52,1.0,51,86.654,32.563,33.387,20.704,,GF,10,67.8,102.92,68.0,False,162
imsa,2023,Laguna Seca,WeatherTech Raceway Laguna Seca,race,569,23,GTDPRO,Alex Riberas,alex riberas,53,1.0,52,128.377,33.238,33.937,61.202,,GF,11,68.0,102.74,67.0,False,162
imsa,2023,Laguna Seca,WeatherTech Raceway Laguna Seca,race,569,23,GTDPRO,Ross Gunn,ross gunn,54,2.0,0,93.82,39.136,34.4,20.284,52.656,GF,0,68.0,102.74,67.0,False,162
imsa,2023,Laguna Seca,WeatherTech Raceway Laguna Seca,race,569,23,GTDPRO,Ross Gunn,ross gunn,55,2.0,1,85.282,32.078,33.113,20.091,,GF,0,68.0,103.1,67.0,False,162
imsa,2023,Laguna Seca,WeatherTech Raceway Laguna Seca,race,569,23,GTDPRO,Ross Gunn,ross gunn,56,2.0,2,84.946,32.003,32.838,20.105,,GF,1,67.9,102.92,67.0,False,162
imsa,2023,Laguna Seca,WeatherTech Raceway Laguna Seca,race,569,23,GTDPRO,Ross Gunn,ross gunn,57,2.0,3,85.055,32.061,32.844,20.15,,GF,2,67.7,102.92,67.0,False,162
imsa,2023,Laguna Seca,WeatherTech Raceway Laguna Seca,race,569,23,GTDPRO,Ross Gunn,ross gunn,58,2.0,4,86.959,32.389,34.27,20.3,,GF,3,67.6,103.1,67.0,False,162
imsa,2023,Laguna Seca,WeatherTech Raceway Laguna Seca,race,569,23,GTDPRO,Ross Gunn,ross gunn,59,2.0,5,85.633,32.14,33.236,20.257,,GF,4,67.7,103.64,67.0,False,162
imsa,2023,Laguna Seca,WeatherTech Raceway Laguna Seca,race,569,23,GTDPRO,Ross Gunn,ross gunn,60,2.0,6,86.004,32.385,33.091,20.528,,GF,5,67.7,103.64,67.0,False,162
imsa,2023,Laguna Seca,WeatherTech Raceway Laguna Seca,race,569,23,GTDPRO,Ross Gunn,ross gunn,61,2.0,7,95.426,32.514,39.822,23.09,,FCY,6,67.8,103.64,67.0,False,162
imsa,2023,Laguna Seca,WeatherTech Raceway Laguna Seca,race,569,23,GTDPRO,Ross Gunn,ross gunn,62,2.0,8,143.483,51.808,61.63,30.045,,FCY,6,67.8,103.46,67.0,False,162
imsa,2023,Laguna Seca,WeatherTech Raceway Laguna Seca,race,569,23,GTDPRO,Ross Gunn,ross gunn,63,2.0,9,92.892,33.742,36.827,22.323,,FCY,6,67.7,103.46,67.0,False,162
imsa,2023,Laguna Seca,WeatherTech Raceway Laguna Seca,race,569,23,GTDPRO,Ross Gunn,ross gunn,64,2.0,10,100.565,39.074,35.543,25.948,,FCY,6,67.7,103.46,67.0,False,162
imsa,2023,Laguna Seca,WeatherTech Raceway Laguna Seca,race,569,23,GTDPRO,Ross Gunn,ross gunn,65,2.0,11,169.519,47.356,85.135,37.028,,FCY,6,68.0,103.82,67.0,False,162
imsa,2023,Laguna Seca,WeatherTech Raceway Laguna Seca,race,569,23,GTDPRO,Ross Gunn,ross gunn,66,2.0,12,99.734,35.694,37.236,26.804,,FCY,6,67.8,104.0,67.0,False,162
imsa,2023,Laguna Seca,WeatherTech Raceway Laguna Seca,race,569,23,GTDPRO,Ross Gunn,ross gunn,67,2.0,13,140.685,55.451,57.154,28.08,,FCY,6,67.7,104.36,67.0,False,162
imsa,2023,Laguna Seca,WeatherTech Raceway Laguna Seca,race,569,23,GTDPRO,Ross Gunn,ross gunn,68,2.0,14,130.794,65.314,44.715,20.765,,GF,6,67.7,104.54,67.0,False,162
imsa,2023,Laguna Seca,WeatherTech Raceway Laguna Seca,race,569,23,GTDPRO,Ross Gunn,ross gunn,69,2.0,15,88.59,33.036,35.156,20.398,,GF,7,67.9,104.72,67.0,False,162
imsa,2023,Laguna Seca,WeatherTech Raceway Laguna Seca,race,569,23,GTDPRO,Ross Gunn,ross gunn,70,2.0,16,98.567,32.371,33.283,32.913,,GF,8,67.9,104.9,67.0,False,162
imsa,2023,Laguna Seca,WeatherTech Raceway Laguna Seca,race,569,23,GTDPRO,Ross Gunn,ross gunn,71,2.0,17,264.769,211.124,33.364,20.281,197.513,GF,0,67.8,104.9,67.0,False,162
imsa,2023,Laguna Seca,WeatherTech Raceway Laguna Seca,race,569,23,GTDPRO,Ross Gunn,ross gunn,72,2.0,18,86.182,32.136,33.461,20.585,,GF,0,67.7,104.9,67.0,False,162
imsa,2023,Laguna Seca,WeatherTech Raceway Laguna Seca,race,569,23,GTDPRO,Ross Gunn,ross gunn,73,2.0,19,86.349,32.457,33.563,20.329,,GF,1,67.6,104.72,67.0,False,162
imsa,2023,Laguna Seca,WeatherTech Raceway Laguna Seca,race,569,23,GTDPRO,Ross Gunn,ross gunn,74,2.0,20,86.453,32.141,33.346,20.966,,GF,2,67.8,104.54,67.0,False,162
imsa,2023,Laguna Seca,WeatherTech Raceway Laguna Seca,race,569,23,GTDPRO,Ross Gunn,ross gunn,75,2.0,21,85.964,32.222,33.326,20.416,,GF,3,67.8,104.36,67.0,False,162
imsa,2023,Laguna Seca,WeatherTech Raceway Laguna Seca,race,569,23,GTDPRO,Ross Gunn,ross gunn,76,2.0,22,86.571,32.373,33.729,20.469,,GF,4,67.8,104.54,67.0,False,162
imsa,2023,Laguna Seca,WeatherTech Raceway Laguna Seca,race,569,23,GTDPRO,Ross Gunn,ross gunn,77,2.0,23,87.18,32.568,33.989,20.623,,GF,5,68.0,104.36,67.0,False,162
imsa,2023,Laguna Seca,WeatherTech Raceway Laguna Seca,race,569,23,GTDPRO,Ross Gunn,ross gunn,78,2.0,24,86.913,32.583,33.747,20.583,,GF,6,67.8,104.18,67.0,False,162
imsa,2023,Laguna Seca,WeatherTech Raceway Laguna Seca,race,569,23,GTDPRO,Ross Gunn,ross gunn,79,2.0,25,86.924,32.532,33.86,20.532,,GF,7,67.8,104.0,68.0,False,162
imsa,2023,Laguna Seca,WeatherTech Raceway Laguna Seca,race,569,23,GTDPRO,Ross Gunn,ross gunn,80,2.0,26,86.589,32.509,33.598,20.482,,GF,8,67.6,104.0,67.0,False,162
imsa,2023,Laguna Seca,WeatherTech Raceway Laguna Seca,race,569,23,GTDPRO,Ross Gunn,ross gunn,81,2.0,27,86.812,32.542,33.586,20.684,,GF,9,67.4,104.0,67.0,False,162
imsa,2023,Laguna Seca,WeatherTech Raceway Laguna Seca,race,569,23,GTDPRO,Ross Gunn,ross gunn,82,2.0,28,87.781,33.1,33.965,20.716,,GF,10,67.4,103.82,68.0,False,162
imsa,2023,Laguna Seca,WeatherTech Raceway Laguna Seca,race,569,23,GTDPRO,Ross Gunn,ross gunn,83,2.0,29,87.572,32.687,33.843,21.042,,GF,11,67.7,104.0,68.0,False,162
imsa,2023,Laguna Seca,WeatherTech Raceway Laguna Seca,race,569,23,GTDPRO,Ross Gunn,ross gunn,84,2.0,30,88.143,32.909,34.201,21.033,,GF,12,67.7,104.0,67.0,False,162
imsa,2023,Laguna Seca,WeatherTech Raceway Laguna Seca,race,569,23,GTDPRO,Ross Gunn,ross gunn,85,2.0,31,88.487,33.378,34.026,21.083,,GF,13,67.4,103.82,67.0,False,162
imsa,2023,Laguna Seca,WeatherTech Raceway Laguna Seca,race,569,23,GTDPRO,Ross Gunn,ross gunn,86,2.0,32,88.144,32.663,34.951,20.53,,GF,14,67.5,103.82,68.0,False,162
imsa,2023,Laguna Seca,WeatherTech Raceway Laguna Seca,race,569,23,GTDPRO,Ross Gunn,ross gunn,87,2.0,33,87.16,32.693,33.851,20.616,,GF,15,67.7,103.64,67.0,False,162
imsa,2023,Laguna Seca,WeatherTech Raceway Laguna Seca,race,569,23,GTDPRO,Ross Gunn,ross gunn,88,2.0,34,88.882,33.791,34.568,20.523,,GF,16,67.6,103.64,67.0,False,162
imsa,2023,Laguna Seca,WeatherTech Raceway Laguna Seca,race,569,23,GTDPRO,Ross Gunn,ross gunn,89,2.0,35,87.203,32.756,33.936,20.511,,GF,17,66.9,103.64,68.0,False,162
imsa,2023,Laguna Seca,WeatherTech Raceway Laguna Seca,race,569,23,GTDPRO,Ross Gunn,ross gunn,90,2.0,36,88.657,33.1,35.012,20.545,,GF,18,66.7,103.64,68.0,False,162
imsa,2023,Laguna Seca,WeatherTech Raceway Laguna Seca,race,569,23,GTDPRO,Ross Gunn,ross gunn,91,2.0,37,88.074,32.932,34.218,20.924,,GF,19,66.8,103.82,68.0,False,162
imsa,2023,Laguna Seca,WeatherTech Raceway Laguna Seca,race,569,23,GTDPRO,Ross Gunn,ross gunn,92,2.0,38,89.103,33.611,34.662,20.83,,GF,20,67.0,103.82,68.0,False,162
imsa,2023,Laguna Seca,WeatherTech Raceway Laguna Seca,race,569,23,GTDPRO,Ross Gunn,ross gunn,93,2.0,39,89.556,33.225,34.903,21.428,,GF,21,67.0,103.64,68.0,False,162
imsa,2023,Laguna Seca,WeatherTech Raceway Laguna Seca,race,569,23,GTDPRO,Ross Gunn,ross gunn,94,2.0,40,87.44,33.061,33.756,20.623,,GF,22,66.8,103.64,68.0,False,162
imsa,2023,Laguna Seca,WeatherTech Raceway Laguna Seca,race,569,23,GTDPRO,Ross Gunn,ross gunn,95,2.0,41,89.4,33.545,34.953,20.902,,FF,23,66.8,103.64,68.0,False,162
imsa,2023,Laguna Seca,WeatherTech Raceway Laguna Seca,race,569,3,GTDPRO,Jordan Taylor,jordan taylor,1,1.0,0,110.196,55.222,34.455,20.519,,FCY,0,59.7,88.88,78.0,False,162
imsa,2023,Laguna Seca,WeatherTech Raceway Laguna Seca,race,569,3,GTDPRO,Jordan Taylor,jordan taylor,2,1.0,1,109.141,40.582,42.385,26.174,,FCY,0,59.8,89.42,78.0,False,162
imsa,2023,Laguna Seca,WeatherTech Raceway Laguna Seca,race,569,3,GTDPRO,Jordan Taylor,jordan taylor,3,1.0,2,147.253,48.495,61.713,37.045,,FCY,0,60.3,90.68,78.0,False,162
imsa,2023,Laguna Seca,WeatherTech Raceway Laguna Seca,race,569,3,GTDPRO,Jordan Taylor,jordan taylor,4,1.0,3,126.763,52.959,53.187,20.617,,GF,0,60.7,91.22,77.0,False,162
imsa,2023,Laguna Seca,WeatherTech Raceway Laguna Seca,race,569,3,GTDPRO,Jordan Taylor,jordan taylor,5,1.0,4,87.343,32.705,33.956,20.682,,GF,1,60.9,91.58,77.0,False,162
imsa,2023,Laguna Seca,WeatherTech Raceway Laguna Seca,race,569,3,GTDPRO,Jordan Taylor,jordan taylor,6,1.0,5,86.61,32.6,33.717,20.293,,GF,2,61.5,91.58,76.0,False,162
imsa,2023,Laguna Seca,WeatherTech Raceway Laguna Seca,race,569,3,GTDPRO,Jordan Taylor,jordan taylor,7,1.0,6,86.257,32.316,33.53,20.411,,GF,3,61.6,91.58,76.0,False,162
imsa,2023,Laguna Seca,WeatherTech Raceway Laguna Seca,race,569,3,GTDPRO,Jordan Taylor,jordan taylor,8,1.0,7,86.251,32.4,33.523,20.328,,GF,4,61.7,91.76,75.0,False,162
imsa,2023,Laguna Seca,WeatherTech Raceway Laguna Seca,race,569,3,GTDPRO,Jordan Taylor,jordan taylor,9,1.0,8,86.315,32.38,33.618,20.317,,GF,5,61.7,92.12,76.0,False,162
imsa,2023,Laguna Seca,WeatherTech Raceway Laguna Seca,race,569,3,GTDPRO,Jordan Taylor,jordan taylor,10,1.0,9,86.504,32.449,33.548,20.507,,GF,6,61.7,92.3,76.0,False,162
imsa,2023,Laguna Seca,WeatherTech Raceway Laguna Seca,race,569,3,GTDPRO,Jordan Taylor,jordan taylor,11,1.0,10,98.912,32.648,40.965,25.299,,FCY,7,61.8,92.84,75.0,False,162
imsa,2023,Laguna Seca,WeatherTech Raceway Laguna Seca,race,569,3,GTDPRO,Jordan Taylor,jordan taylor,12,1.0,11,96.576,36.384,36.992,23.2,,FCY,7,61.6,93.02,75.0,False,162
imsa,2023,Laguna Seca,WeatherTech Raceway Laguna Seca,race,569,3,GTDPRO,Jordan Taylor,jordan taylor,13,1.0,12,140.378,44.061,50.597,45.72,,FCY,7,61.7,93.74,76.0,False,162
imsa,2023,Laguna Seca,WeatherTech Raceway Laguna Seca,race,569,3,GTDPRO,Jordan Taylor,jordan taylor,14,1.0,13,146.611,55.338,58.452,32.821,,FCY,7,61.7,94.28,75.0,False,162
imsa,2023,Laguna Seca,WeatherTech Raceway Laguna Seca,race,569,3,GTDPRO,Jordan Taylor,jordan taylor,15,1.0,14,137.14,54.27,55.935,26.935,,FCY,7,61.8,94.82,75.0,False,162
imsa,2023,Laguna Seca,WeatherTech Raceway Laguna Seca,race,569,3,GTDPRO,Jordan Taylor,jordan taylor,16,1.0,15,153.648,44.489,52.829,56.33,,FCY,7,62.3,95.36,75.0,False,162
imsa,2023,Laguna Seca,WeatherTech Raceway Laguna Seca,race,569,3,GTDPRO,Jordan Taylor,jordan taylor,17,1.0,16,127.398,50.132,50.945,26.321,48.399,FCY,0,62.5,95.54,75.0,False,162
imsa,2023,Laguna Seca,WeatherTech Raceway Laguna Seca,race,569,3,GTDPRO,Jordan Taylor,jordan taylor,18,1.0,17,148.649,61.163,50.852,36.634,,FCY,0,62.7,96.26,74.0,False,162
imsa,2023,Laguna Seca,WeatherTech Raceway Laguna Seca,race,569,3,GTDPRO,Jordan Taylor,jordan taylor,19,1.0,18,125.588,53.971,50.628,20.989,,GF,0,62.7,96.62,74.0,False,162
imsa,2023,Laguna Seca,WeatherTech Raceway Laguna Seca,race,569,3,GTDPRO,Jordan Taylor,jordan taylor,20,1.0,19,87.689,33.321,34.037,20.331,,GF,1,62.8,96.8,74.0,False,162
imsa,2023,Laguna Seca,WeatherTech Raceway Laguna Seca,race,569,3,GTDPRO,Jordan Taylor,jordan taylor,21,1.0,20,86.191,32.303,33.544,20.344,,GF,2,62.9,97.16,74.0,False,162
imsa,2023,Laguna Seca,WeatherTech Raceway Laguna Seca,race,569,3,GTDPRO,Jordan Taylor,jordan taylor,22,1.0,21,87.248,32.643,34.181,20.424,,GF,3,62.9,97.16,74.0,False,162
imsa,2023,Laguna Seca,WeatherTech Raceway Laguna Seca,race,569,3,GTDPRO,Jordan Taylor,jordan taylor,23,1.0,22,86.088,32.387,33.404,20.297,,GF,4,63.1,97.34,74.0,False,162
imsa,2023,Laguna Seca,WeatherTech Raceway Laguna Seca,race,569,3,GTDPRO,Jordan Taylor,jordan taylor,24,1.0,23,86.8,32.292,34.053,20.455,,GF,5,63.3,97.52,73.0,False,162
imsa,2023,Laguna Seca,WeatherTech Raceway Laguna Seca,race,569,3,GTDPRO,Jordan Taylor,jordan taylor,25,1.0,24,86.798,32.725,33.708,20.365,,GF,6,63.3,97.52,73.0,False,162
imsa,2023,Laguna Seca,WeatherTech Raceway Laguna Seca,race,569,3,GTDPRO,Jordan Taylor,jordan taylor,26,1.0,25,86.202,32.449,33.337,20.416,,GF,7,63.3,97.7,73.0,False,162
imsa,2023,Laguna Seca,WeatherTech Raceway Laguna Seca,race,569,3,GTDPRO,Jordan Taylor,jordan taylor,27,1.0,26,85.763,32.311,33.262,20.19,,GF,8,63.3,98.06,73.0,False,162
imsa,2023,Laguna Seca,WeatherTech Raceway Laguna Seca,race,569,3,GTDPRO,Jordan Taylor,jordan taylor,28,1.0,27,86.897,32.281,34.101,20.515,,GF,9,63.6,98.24,73.0,False,162
imsa,2023,Laguna Seca,WeatherTech Raceway Laguna Seca,race,569,3,GTDPRO,Jordan Taylor,jordan taylor,29,1.0,28,86.41,32.69,33.293,20.427,,GF,10,63.8,98.24,73.0,False,162
imsa,2023,Laguna Seca,WeatherTech Raceway Laguna Seca,race,569,3,GTDPRO,Jordan Taylor,jordan taylor,30,1.0,29,86.745,32.647,33.832,20.266,,GF,11,64.0,98.6,73.0,False,162
imsa,2023,Laguna Seca,WeatherTech Raceway Laguna Seca,race,569,3,GTDPRO,Jordan Taylor,jordan taylor,31,1.0,30,86.517,32.49,33.582,20.445,,GF,12,64.1,98.42,73.0,False,162
imsa,2023,Laguna Seca,WeatherTech Raceway Laguna Seca,race,569,3,GTDPRO,Jordan Taylor,jordan taylor,32,1.0,31,86.552,32.504,33.426,20.622,,GF,13,64.3,98.78,73.0,False,162
imsa,2023,Laguna Seca,WeatherTech Raceway Laguna Seca,race,569,3,GTDPRO,Jordan Taylor,jordan taylor,33,1.0,32,86.596,32.69,33.499,20.407,,GF,14,64.7,99.14,72.0,False,162
imsa,2023,Laguna Seca,WeatherTech Raceway Laguna Seca,race,569,3,GTDPRO,Jordan Taylor,jordan taylor,34,1.0,33,86.477,32.498,33.522,20.457,,FCY,15,64.9,99.32,72.0,False,162
imsa,2023,Laguna Seca,WeatherTech Raceway Laguna Seca,race,569,3,GTDPRO,Jordan Taylor,jordan taylor,35,1.0,34,103.972,41.402,40.649,21.921,,FCY,15,65.4,99.5,71.0,False,162
imsa,2023,Laguna Seca,WeatherTech Raceway Laguna Seca,race,569,3,GTDPRO,Jordan Taylor,jordan taylor,36,1.0,35,102.421,34.845,39.695,27.881,,FCY,15,65.5,99.5,71.0,False,162
imsa,2023,Laguna Seca,WeatherTech Raceway Laguna Seca,race,569,3,GTDPRO,Jordan Taylor,jordan taylor,37,1.0,36,144.496,56.533,59.464,28.499,,FCY,15,65.5,99.68,70.0,False,162
imsa,2023,Laguna Seca,WeatherTech Raceway Laguna Seca,race,569,3,GTDPRO,Jordan Taylor,jordan taylor,38,1.0,37,176.431,56.252,60.214,59.965,,FCY,15,65.8,100.58,70.0,False,162
imsa,2023,Laguna Seca,WeatherTech Raceway Laguna Seca,race,569,3,GTDPRO,Antonio Garcia,antonio garcia,39,2.0,0,144.825,62.714,52.939,29.172,60.512,FCY,0,65.9,100.94,70.0,False,162
imsa,2023,Laguna Seca,WeatherTech Raceway Laguna Seca,race,569,3,GTDPRO,Antonio Garcia,antonio garcia,40,2.0,1,149.226,59.699,56.377,33.15,,FCY,0,65.9,101.3,70.0,False,162
imsa,2023,Laguna Seca,WeatherTech Raceway Laguna Seca,race,569,3,GTDPRO,Antonio Garcia,antonio garcia,41,2.0,2,148.322,59.799,58.543,29.98,,FCY,0,66.0,101.66,70.0,False,162
imsa,2023,Laguna Seca,WeatherTech Raceway Laguna Seca,race,569,3,GTDPRO,Antonio Garcia,antonio garcia,42,2.0,3,127.85,53.17,54.324,20.356,,GF,0,66.2,101.66,70.0,False,162
imsa,2023,Laguna Seca,WeatherTech Raceway Laguna Seca,race,569,3,GTDPRO,Antonio Garcia,antonio garcia,43,2.0,4,86.928,32.439,33.978,20.511,,GF,1,66.5,101.84,70.0,False,162
imsa,2023,Laguna Seca,WeatherTech Raceway Laguna Seca,race,569,3,GTDPRO,Antonio Garcia,antonio garcia,44,2.0,5,87.06,32.701,33.68,20.679,,GF,2,66.7,102.02,69.0,False,162
imsa,2023,Laguna Seca,WeatherTech Raceway Laguna Seca,race,569,3,GTDPRO,Antonio Garcia,antonio garcia,45,2.0,6,86.285,32.391,86399.0,86399.0,,GF,3,67.0,102.56,69.0,False,162
imsa,2023,Laguna Seca,WeatherTech Raceway Laguna Seca,race,569,3,GTDPRO,Antonio Garcia,antonio garcia,46,2.0,7,86.352,32.437,33.642,20.273,,GF,4,67.1,102.38,69.0,False,162
imsa,2023,Laguna Seca,WeatherTech Raceway Laguna Seca,race,569,3,GTDPRO,Antonio Garcia,antonio garcia,47,2.0,8,85.796,32.075,33.543,20.178,,GF,5,67.2,102.38,68.0,False,162
imsa,2023,Laguna Seca,WeatherTech Raceway Laguna Seca,race,569,3,GTDPRO,Antonio Garcia,antonio garcia,48,2.0,9,86.079,32.215,33.597,20.267,,GF,6,67.3,102.38,68.0,False,162
imsa,2023,Laguna Seca,WeatherTech Raceway Laguna Seca,race,569,3,GTDPRO,Antonio Garcia,antonio garcia,49,2.0,10,86.247,32.208,33.746,20.293,,GF,7,67.4,102.38,68.0,False,162
imsa,2023,Laguna Seca,WeatherTech Raceway Laguna Seca,race,569,3,GTDPRO,Antonio Garcia,antonio garcia,50,2.0,11,86.214,32.295,33.67,20.249,,GF,8,67.5,102.56,68.0,False,162
imsa,2023,Laguna Seca,WeatherTech Raceway Laguna Seca,race,569,3,GTDPRO,Antonio Garcia,antonio garcia,51,2.0,12,86.257,32.332,33.625,20.3,,GF,9,67.6,102.74,68.0,False,162
imsa,2023,Laguna Seca,WeatherTech Raceway Laguna Seca,race,569,3,GTDPRO,Antonio Garcia,antonio garcia,52,2.0,13,86.691,32.444,33.89,20.357,,GF,10,67.8,102.92,68.0,False,162
imsa,2023,Laguna Seca,WeatherTech Raceway Laguna Seca,race,569,3,GTDPRO,Antonio Garcia,antonio garcia,53,2.0,14,86.922,32.61,33.673,20.639,,GF,11,67.9,102.74,67.0,False,162
imsa,2023,Laguna Seca,WeatherTech Raceway Laguna Seca,race,569,3,GTDPRO,Antonio Garcia,antonio garcia,54,2.0,15,88.609,33.355,34.433,20.821,,GF,12,68.0,102.74,67.0,False,162
imsa,2023,Laguna Seca,WeatherTech Raceway Laguna Seca,race,569,3,GTDPRO,Antonio Garcia,antonio garcia,55,2.0,16,86.935,32.669,86399.0,86399.0,,GF,13,68.1,102.92,67.0,False,162
imsa,2023,Laguna Seca,WeatherTech Raceway Laguna Seca,race,569,3,GTDPRO,Antonio Garcia,antonio garcia,56,2.0,17,86.585,32.588,33.62,20.377,,GF,14,67.9,102.92,67.0,False,162
imsa,2023,Laguna Seca,WeatherTech Raceway Laguna Seca,race,569,3,GTDPRO,Antonio Garcia,antonio garcia,57,2.0,18,119.996,32.877,33.693,53.426,,GF,15,67.7,102.92,67.0,False,162
imsa,2023,Laguna Seca,WeatherTech Raceway Laguna Seca,race,569,3,GTDPRO,Antonio Garcia,antonio garcia,58,2.0,19,95.273,39.784,34.899,20.59,45.287,GF,0,67.6,103.1,67.0,False,162
imsa,2023,Laguna Seca,WeatherTech Raceway Laguna Seca,race,569,3,GTDPRO,Antonio Garcia,antonio garcia,59,2.0,20,86.599,32.988,33.499,20.112,,GF,0,67.7,103.64,67.0,False,162
imsa,2023,Laguna Seca,WeatherTech Raceway Laguna Seca,race,569,3,GTDPRO,Antonio Garcia,antonio garcia,60,2.0,21,87.204,32.428,33.885,20.891,,GF,1,67.7,103.64,67.0,False,162
imsa,2023,Laguna Seca,WeatherTech Raceway Laguna Seca,race,569,3,GTDPRO,Antonio Garcia,antonio garcia,61,2.0,22,94.13,32.712,37.751,23.667,,FCY,2,67.8,103.64,67.0,False,162
imsa,2023,Laguna Seca,WeatherTech Raceway Laguna Seca,race,569,3,GTDPRO,Antonio Garcia,antonio garcia,62,2.0,23,142.422,50.652,61.292,30.478,,FCY,2,67.8,103.46,67.0,False,162
imsa,2023,Laguna Seca,WeatherTech Raceway Laguna Seca,race,569,3,GTDPRO,Antonio Garcia,antonio garcia,63,2.0,24,96.444,34.612,37.519,24.313,,FCY,2,67.6,103.46,67.0,False,162
imsa,2023,Laguna Seca,WeatherTech Raceway Laguna Seca,race,569,3,GTDPRO,Antonio Garcia,antonio garcia,64,2.0,25,114.246,41.578,44.033,28.635,,FCY,2,67.7,103.46,67.0,False,162
imsa,2023,Laguna Seca,WeatherTech Raceway Laguna Seca,race,569,3,GTDPRO,Antonio Garcia,antonio garcia,65,2.0,26,153.568,55.548,58.891,39.129,,FCY,2,68.0,103.82,67.0,False,162
imsa,2023,Laguna Seca,WeatherTech Raceway Laguna Seca,race,569,3,GTDPRO,Antonio Garcia,antonio garcia,66,2.0,27,98.269,35.472,36.737,26.06,,FCY,2,67.8,104.0,67.0,False,162
imsa,2023,Laguna Seca,WeatherTech Raceway Laguna Seca,race,569,3,GTDPRO,Antonio Garcia,antonio garcia,67,2.0,28,140.14,54.873,57.219,28.048,,FCY,2,67.7,104.36,67.0,False,162
imsa,2023,Laguna Seca,WeatherTech Raceway Laguna Seca,race,569,3,GTDPRO,Antonio Garcia,antonio garcia,68,2.0,29,130.721,65.867,44.428,20.426,,GF,2,67.7,104.54,67.0,False,162
imsa,2023,Laguna Seca,WeatherTech Raceway Laguna Seca,race,569,3,GTDPRO,Antonio Garcia,antonio garcia,69,2.0,30,88.328,32.808,34.974,20.546,,GF,3,67.9,104.72,67.0,False,162
imsa,2023,Laguna Seca,WeatherTech Raceway Laguna Seca,race,569,3,GTDPRO,Antonio Garcia,antonio garcia,70,2.0,31,99.095,32.691,33.505,32.899,,GF,4,67.9,104.9,67.0,False,162
imsa,2023,Laguna Seca,WeatherTech Raceway Laguna Seca,race,569,3,GTDPRO,Antonio Garcia,antonio garcia,71,2.0,32,264.806,211.1,33.597,20.109,197.439,GF,0,67.8,104.9,67.0,False,162
imsa,2023,Laguna Seca,WeatherTech Raceway Laguna Seca,race,569,3,GTDPRO,Antonio Garcia,antonio garcia,72,2.0,33,86.927,32.013,34.037,20.877,,GF,0,67.7,104.9,67.0,False,162
imsa,2023,Laguna Seca,WeatherTech Raceway Laguna Seca,race,569,3,GTDPRO,Antonio Garcia,antonio garcia,73,2.0,34,86.595,32.664,33.744,20.187,,GF,1,67.6,104.72,67.0,False,162
imsa,2023,Laguna Seca,WeatherTech Raceway Laguna Seca,race,569,3,GTDPRO,Antonio Garcia,antonio garcia,74,2.0,35,86.495,32.224,34.029,20.242,,GF,2,67.8,104.54,67.0,False,162
imsa,2023,Laguna Seca,WeatherTech Raceway Laguna Seca,race,569,3,GTDPRO,Antonio Garcia,antonio garcia,75,2.0,36,86.096,32.241,33.538,20.317,,GF,3,67.8,104.36,67.0,False,162
imsa,2023,Laguna Seca,WeatherTech Raceway Laguna Seca,race,569,3,GTDPRO,Antonio Garcia,antonio garcia,76,2.0,37,86.748,32.487,33.671,20.59,,GF,4,67.8,104.54,67.0,False,162
imsa,2023,Laguna Seca,WeatherTech Raceway Laguna Seca,race,569,3,GTDPRO,Antonio Garcia,antonio garcia,77,2.0,38,87.459,33.06,86399.0,86399.0,,GF,5,68.0,104.36,67.0,False,162
imsa,2023,Laguna Seca,WeatherTech Raceway Laguna Seca,race,569,3,GTDPRO,Antonio Garcia,antonio garcia,78,2.0,39,86.525,32.219,33.812,20.494,,GF,6,67.8,104.18,67.0,False,162
imsa,2023,Laguna Seca,WeatherTech Raceway Laguna Seca,race,569,3,GTDPRO,Antonio Garcia,antonio garcia,79,2.0,40,86.657,32.582,33.71,20.365,,GF,7,67.8,104.0,68.0,False,162
imsa,2023,Laguna Seca,WeatherTech Raceway Laguna Seca,race,569,3,GTDPRO,Antonio Garcia,antonio garcia,80,2.0,41,86.336,32.364,33.663,20.309,,GF,8,67.6,104.0,67.0,False,162
imsa,2023,Laguna Seca,WeatherTech Raceway Laguna Seca,race,569,3,GTDPRO,Antonio Garcia,antonio garcia,81,2.0,42,88.161,32.699,86399.0,86399.0,,GF,9,67.4,104.0,67.0,False,162
imsa,2023,Laguna Seca,WeatherTech Raceway Laguna Seca,race,569,3,GTDPRO,Antonio Garcia,antonio garcia,82,2.0,43,86.758,32.48,33.839,20.439,,GF,10,67.5,104.0,68.0,False,162
imsa,2023,Laguna Seca,WeatherTech Raceway Laguna Seca,race,569,3,GTDPRO,Antonio Garcia,antonio garcia,83,2.0,44,87.248,32.731,34.224,20.293,,GF,11,67.7,104.0,68.0,False,162
imsa,2023,Laguna Seca,WeatherTech Raceway Laguna Seca,race,569,3,GTDPRO,Antonio Garcia,antonio garcia,84,2.0,45,87.098,32.404,34.272,20.422,,GF,12,67.7,104.0,67.0,False,162
imsa,2023,Laguna Seca,WeatherTech Raceway Laguna Seca,race,569,3,GTDPRO,Antonio Garcia,antonio garcia,85,2.0,46,88.03,32.932,34.047,21.051,,GF,13,67.4,103.82,67.0,False,162
imsa,2023,Laguna Seca,WeatherTech Raceway Laguna Seca,race,569,3,GTDPRO,Antonio Garcia,antonio garcia,86,2.0,47,88.235,32.681,35.09,20.464,,GF,14,67.5,103.82,68.0,False,162
imsa,2023,Laguna Seca,WeatherTech Raceway Laguna Seca,race,569,3,GTDPRO,Antonio Garcia,antonio garcia,87,2.0,48,87.058,32.661,33.829,20.568,,GF,15,67.7,103.64,67.0,False,162
imsa,2023,Laguna Seca,WeatherTech Raceway Laguna Seca,race,569,3,GTDPRO,Antonio Garcia,antonio garcia,88,2.0,49,87.993,33.452,34.102,20.439,,GF,16,67.6,103.64,67.0,False,162
imsa,2023,Laguna Seca,WeatherTech Raceway Laguna Seca,race,569,3,GTDPRO,Antonio Garcia,antonio garcia,89,2.0,50,87.474,33.088,33.838,20.548,,GF,17,66.9,103.64,68.0,False,162
imsa,2023,Laguna Seca,WeatherTech Raceway Laguna Seca,race,569,3,GTDPRO,Antonio Garcia,antonio garcia,90,2.0,51,88.582,33.161,35.049,20.372,,GF,18,66.7,103.64,68.0,False,162
imsa,2023,Laguna Seca,WeatherTech Raceway Laguna Seca,race,569,3,GTDPRO,Antonio Garcia,antonio garcia,91,2.0,52,88.245,32.851,34.435,20.959,,GF,19,66.8,103.82,68.0,False,162
imsa,2023,Laguna Seca,WeatherTech Raceway Laguna Seca,race,569,3,GTDPRO,Antonio Garcia,antonio garcia,92,2.0,53,88.622,33.721,34.309,20.592,,GF,20,67.0,103.82,68.0,False,162
imsa,2023,Laguna Seca,WeatherTech Raceway Laguna Seca,race,569,3,GTDPRO,Antonio Garcia,antonio garcia,93,2.0,54,89.833,33.752,34.875,21.206,,GF,21,67.0,103.64,68.0,False,162
imsa,2023,Laguna Seca,WeatherTech Raceway Laguna Seca,race,569,3,GTDPRO,Antonio Garcia,antonio garcia,94,2.0,55,87.518,32.913,86399.0,86399.0,,GF,22,66.8,103.64,68.0,False,162
imsa,2023,Laguna Seca,WeatherTech Raceway Laguna Seca,race,569,3,GTDPRO,Antonio Garcia,antonio garcia,95,2.0,56,89.388,33.793,34.505,21.09,,FF,23,66.8,103.64,68.0,False,162
imsa,2023,Laguna Seca,WeatherTech Raceway Laguna Seca,race,569,79,GTDPRO,Daniel Juncadella,daniel juncadella,1,1.0,0,108.592,54.317,86399.0,86399.0,,FCY,0,59.7,88.88,78.0,False,162
imsa,2023,Laguna Seca,WeatherTech Raceway Laguna Seca,race,569,79,GTDPRO,Daniel Juncadella,daniel juncadella,2,1.0,1,105.839,40.052,41.486,24.301,,FCY,0,59.8,89.42,78.0,False,162
imsa,2023,Laguna Seca,WeatherTech Raceway Laguna Seca,race,569,79,GTDPRO,Daniel Juncadella,daniel juncadella,3,1.0,2,148.882,51.096,61.427,36.359,,FCY,0,60.3,90.68,78.0,False,162
imsa,2023,Laguna Seca,WeatherTech Raceway Laguna Seca,race,569,79,GTDPRO,Daniel Juncadella,daniel juncadella,4,1.0,3,128.524,53.284,53.466,21.774,,GF,0,60.7,91.22,77.0,False,162
imsa,2023,Laguna Seca,WeatherTech Raceway Laguna Seca,race,569,79,GTDPRO,Daniel Juncadella,daniel juncadella,5,1.0,4,87.421,33.091,33.852,20.478,,GF,1,60.9,91.58,77.0,False,162
imsa,2023,Laguna Seca,WeatherTech Raceway Laguna Seca,race,569,79,GTDPRO,Daniel Juncadella,daniel juncadella,6,1.0,5,86.611,32.566,33.664,20.381,,GF,2,61.5,91.58,76.0,False,162
imsa,2023,Laguna Seca,WeatherTech Raceway Laguna Seca,race,569,79,GTDPRO,Daniel Juncadella,daniel juncadella,7,1.0,6,86.119,32.286,33.466,20.367,,GF,3,61.6,91.58,76.0,False,162
imsa,2023,Laguna Seca,WeatherTech Raceway Laguna Seca,race,569,79,GTDPRO,Daniel Juncadella,daniel juncadella,8,1.0,7,86.212,32.357,33.477,20.378,,GF,4,61.7,91.76,75.0,False,162
imsa,2023,Laguna Seca,WeatherTech Raceway Laguna Seca,race,569,79,GTDPRO,Daniel Juncadella,daniel juncadella,9,1.0,8,86.181,32.405,33.395,20.381,,GF,5,61.7,92.12,76.0,False,162
imsa,2023,Laguna Seca,WeatherTech Raceway Laguna Seca,race,569,79,GTDPRO,Daniel Juncadella,daniel juncadella,10,1.0,9,86.545,32.615,33.514,20.416,,GF,6,61.7,92.3,76.0,False,162
imsa,2023,Laguna Seca,WeatherTech Raceway Laguna Seca,race,569,79,GTDPRO,Daniel Juncadella,daniel juncadella,11,1.0,10,94.561,32.664,39.226,22.671,,FCY,7,61.8,92.84,75.0,False,162
imsa,2023,Laguna Seca,WeatherTech Raceway Laguna Seca,race,569,79,GTDPRO,Daniel Juncadella,daniel juncadella,12,1.0,11,96.196,35.338,37.758,23.1,,FCY,7,61.7,93.02,75.0,False,162
imsa,2023,Laguna Seca,WeatherTech Raceway Laguna Seca,race,569,79,GTDPRO,Daniel Juncadella,daniel juncadella,13,1.0,12,141.532,45.856,52.488,43.188,,FCY,7,61.7,93.74,76.0,False,162
imsa,2023,Laguna Seca,WeatherTech Raceway Laguna Seca,race,569,79,GTDPRO,Daniel Juncadella,daniel juncadella,14,1.0,13,147.474,56.202,56.58,34.692,,FCY,7,61.7,94.28,75.0,False,162
imsa,2023,Laguna Seca,WeatherTech Raceway Laguna Seca,race,569,79,GTDPRO,Daniel Juncadella,daniel juncadella,15,1.0,14,134.901,54.983,51.772,28.146,,FCY,7,61.8,94.82,75.0,False,162
imsa,2023,Laguna Seca,WeatherTech Raceway Laguna Seca,race,569,79,GTDPRO,Daniel Juncadella,daniel juncadella,16,1.0,15,161.778,47.957,54.485,59.336,,FCY,7,62.3,95.36,75.0,False,162
imsa,2023,Laguna Seca,WeatherTech Raceway Laguna Seca,race,569,79,GTDPRO,Jules Gounon,jules gounon,17,2.0,0,127.195,50.313,49.87,27.012,51.408,FCY,0,62.5,95.54,75.0,False,162
imsa,2023,Laguna Seca,WeatherTech Raceway Laguna Seca,race,569,79,GTDPRO,Jules Gounon,jules gounon,18,2.0,1,148.427,60.752,50.676,36.999,,FCY,0,62.7,96.26,74.0,False,162
imsa,2023,Laguna Seca,WeatherTech Raceway Laguna Seca,race,569,79,GTDPRO,Jules Gounon,jules gounon,19,2.0,2,124.856,54.26,49.873,20.723,,GF,0,62.7,96.62,74.0,False,162
imsa,2023,Laguna Seca,WeatherTech Raceway Laguna Seca,race,569,79,GTDPRO,Jules Gounon,jules gounon,20,2.0,3,90.081,33.441,36.101,20.539,,GF,1,62.8,96.8,74.0,False,162
imsa,2023,Laguna Seca,WeatherTech Raceway Laguna Seca,race,569,79,GTDPRO,Jules Gounon,jules gounon,21,2.0,4,86.483,32.673,33.345,20.465,,GF,2,62.9,97.16,74.0,False,162
imsa,2023,Laguna Seca,WeatherTech Raceway Laguna Seca,race,569,79,GTDPRO,Jules Gounon,jules gounon,22,2.0,5,85.691,32.061,33.318,20.312,,GF,3,62.9,97.16,74.0,False,162
imsa,2023,Laguna Seca,WeatherTech Raceway Laguna Seca,race,569,79,GTDPRO,Jules Gounon,jules gounon,23,2.0,6,88.115,33.297,34.084,20.734,,GF,4,63.1,97.34,74.0,False,162
imsa,2023,Laguna Seca,WeatherTech Raceway Laguna Seca,race,569,79,GTDPRO,Jules Gounon,jules gounon,24,2.0,7,86.973,32.648,33.856,20.469,,GF,5,63.3,97.52,73.0,False,162
imsa,2023,Laguna Seca,WeatherTech Raceway Laguna Seca,race,569,79,GTDPRO,Jules Gounon,jules gounon,25,2.0,8,87.239,32.789,33.904,20.546,,GF,6,63.3,97.52,73.0,False,162
imsa,2023,Laguna Seca,WeatherTech Raceway Laguna Seca,race,569,79,GTDPRO,Jules Gounon,jules gounon,26,2.0,9,86.396,32.628,33.387,20.381,,GF,7,63.3,97.7,73.0,False,162
imsa,2023,Laguna Seca,WeatherTech Raceway Laguna Seca,race,569,79,GTDPRO,Jules Gounon,jules gounon,27,2.0,10,85.993,32.283,33.362,20.348,,GF,8,63.3,98.06,73.0,False,162
imsa,2023,Laguna Seca,WeatherTech Raceway Laguna Seca,race,569,79,GTDPRO,Jules Gounon,jules gounon,28,2.0,11,88.068,33.125,34.405,20.538,,GF,9,63.6,98.24,73.0,False,162
imsa,2023,Laguna Seca,WeatherTech Raceway Laguna Seca,race,569,79,GTDPRO,Jules Gounon,jules gounon,29,2.0,12,86.94,32.993,33.568,20.379,,GF,10,63.8,98.24,73.0,False,162
imsa,2023,Laguna Seca,WeatherTech Raceway Laguna Seca,race,569,79,GTDPRO,Jules Gounon,jules gounon,30,2.0,13,86.064,32.291,33.46,20.313,,GF,11,64.0,98.6,73.0,False,162
imsa,2023,Laguna Seca,WeatherTech Raceway Laguna Seca,race,569,79,GTDPRO,Jules Gounon,jules gounon,31,2.0,14,86.003,32.304,33.339,20.36,,GF,12,64.1,98.42,73.0,False,162
imsa,2023,Laguna Seca,WeatherTech Raceway Laguna Seca,race,569,79,GTDPRO,Jules Gounon,jules gounon,32,2.0,15,86.259,32.45,33.443,20.366,,GF,13,64.4,98.96,72.0,False,162
imsa,2023,Laguna Seca,WeatherTech Raceway Laguna Seca,race,569,79,GTDPRO,Jules Gounon,jules gounon,33,2.0,16,86.334,32.509,33.475,20.35,,GF,14,64.7,99.14,72.0,False,162
imsa,2023,Laguna Seca,WeatherTech Raceway Laguna Seca,race,569,79,GTDPRO,Jules Gounon,jules gounon,34,2.0,17,87.594,32.692,33.821,21.081,,FCY,15,64.9,99.32,72.0,False,162
imsa,2023,Laguna Seca,WeatherTech Raceway Laguna Seca,race,569,79,GTDPRO,Jules Gounon,jules gounon,35,2.0,18,102.825,38.324,41.675,22.826,,FCY,15,65.4,99.5,71.0,False,162
imsa,2023,Laguna Seca,WeatherTech Raceway Laguna Seca,race,569,79,GTDPRO,Jules Gounon,jules gounon,36,2.0,19,100.765,35.377,37.961,27.427,,FCY,15,65.5,99.5,71.0,False,162
imsa,2023,Laguna Seca,WeatherTech Raceway Laguna Seca,race,569,79,GTDPRO,Jules Gounon,jules gounon,37,2.0,20,143.925,56.873,60.743,26.309,,FCY,15,65.5,99.68,70.0,False,162
imsa,2023,Laguna Seca,WeatherTech Raceway Laguna Seca,race,569,79,GTDPRO,Jules Gounon,jules gounon,38,2.0,21,188.286,56.41,60.187,71.689,,FCY,15,65.8,100.58,70.0,False,162
imsa,2023,Laguna Seca,WeatherTech Raceway Laguna Seca,race,569,79,GTDPRO,Jules Gounon,jules gounon,39,2.0,22,132.786,49.858,52.527,30.401,59.925,FCY,0,65.9,100.94,70.0,False,162
imsa,2023,Laguna Seca,WeatherTech Raceway Laguna Seca,race,569,79,GTDPRO,Jules Gounon,jules gounon,40,2.0,23,149.19,59.997,55.514,33.679,,FCY,0,65.9,101.3,70.0,False,162
imsa,2023,Laguna Seca,WeatherTech Raceway Laguna Seca,race,569,79,GTDPRO,Jules Gounon,jules gounon,41,2.0,24,148.122,58.764,59.202,30.156,,FCY,0,66.0,101.66,70.0,False,162
imsa,2023,Laguna Seca,WeatherTech Raceway Laguna Seca,race,569,79,GTDPRO,Jules Gounon,jules gounon,42,2.0,25,127.762,52.791,54.214,20.757,,GF,0,66.2,101.66,70.0,False,162
imsa,2023,Laguna Seca,WeatherTech Raceway Laguna Seca,race,569,79,GTDPRO,Jules Gounon,jules gounon,43,2.0,26,86.625,32.582,33.611,20.432,,GF,1,66.5,101.84,70.0,False,162
imsa,2023,Laguna Seca,WeatherTech Raceway Laguna Seca,race,569,79,GTDPRO,Jules Gounon,jules gounon,44,2.0,27,86.479,32.512,33.602,20.365,,GF,2,66.7,102.02,69.0,False,162
imsa,2023,Laguna Seca,WeatherTech Raceway Laguna Seca,race,569,79,GTDPRO,Jules Gounon,jules gounon,45,2.0,28,86.395,32.487,86399.0,86399.0,,GF,3,67.0,102.56,69.0,False,162
imsa,2023,Laguna Seca,WeatherTech Raceway Laguna Seca,race,569,79,GTDPRO,Jules Gounon,jules gounon,46,2.0,29,86.457,32.48,33.422,20.555,,GF,4,67.1,102.38,69.0,False,162
imsa,2023,Laguna Seca,WeatherTech Raceway Laguna Seca,race,569,79,GTDPRO,Jules Gounon,jules gounon,47,2.0,30,87.215,32.715,33.81,20.69,,GF,5,67.2,102.38,68.0,False,162
imsa,2023,Laguna Seca,WeatherTech Raceway Laguna Seca,race,569,79,GTDPRO,Jules Gounon,jules gounon,48,2.0,31,87.361,33.143,33.661,20.557,,GF,6,67.3,102.38,68.0,False,162
imsa,2023,Laguna Seca,WeatherTech Raceway Laguna Seca,race,569,79,GTDPRO,Jules Gounon,jules gounon,49,2.0,32,86.665,32.652,33.526,20.487,,GF,7,67.4,102.38,68.0,False,162
imsa,2023,Laguna Seca,WeatherTech Raceway Laguna Seca,race,569,79,GTDPRO,Jules Gounon,jules gounon,50,2.0,33,87.215,32.912,33.68,20.623,,GF,8,67.5,102.56,68.0,False,162
imsa,2023,Laguna Seca,WeatherTech Raceway Laguna Seca,race,569,79,GTDPRO,Jules Gounon,jules gounon,51,2.0,34,87.307,32.679,33.88,20.748,,GF,9,67.6,102.74,68.0,False,162
imsa,2023,Laguna Seca,WeatherTech Raceway Laguna Seca,race,569,79,GTDPRO,Jules Gounon,jules gounon,52,2.0,35,89.282,32.902,35.351,21.029,,GF,10,67.8,102.92,68.0,False,162
imsa,2023,Laguna Seca,WeatherTech Raceway Laguna Seca,race,569,79,GTDPRO,Jules Gounon,jules gounon,53,2.0,36,89.588,33.505,34.387,21.696,,GF,11,67.9,102.74,67.0,False,162
imsa,2023,Laguna Seca,WeatherTech Raceway Laguna Seca,race,569,79,GTDPRO,Jules Gounon,jules gounon,54,2.0,37,88.159,33.366,34.127,20.666,,GF,12,68.0,102.74,67.0,False,162
imsa,2023,Laguna Seca,WeatherTech Raceway Laguna Seca,race,569,79,GTDPRO,Jules Gounon,jules gounon,55,2.0,38,87.776,33.167,33.993,20.616,,GF,13,68.1,102.92,67.0,False,162
imsa,2023,Laguna Seca,WeatherTech Raceway Laguna Seca,race,569,79,GTDPRO,Jules Gounon,jules gounon,56,2.0,39,87.081,32.796,33.677,20.608,,GF,14,67.9,102.92,67.0,False,162
imsa,2023,Laguna Seca,WeatherTech Raceway Laguna Seca,race,569,79,GTDPRO,Jules Gounon,jules gounon,57,2.0,40,120.776,32.696,33.637,54.443,,GF,15,67.7,102.92,67.0,False,162
imsa,2023,Laguna Seca,WeatherTech Raceway Laguna Seca,race,569,79,GTDPRO,Jules Gounon,jules gounon,58,2.0,41,92.601,38.386,33.958,20.257,46.393,GF,0,67.6,103.1,67.0,False,162
imsa,2023,Laguna Seca,WeatherTech Raceway Laguna Seca,race,569,79,GTDPRO,Jules Gounon,jules gounon,59,2.0,42,85.522,32.252,33.057,20.213,,GF,0,67.7,103.64,67.0,False,162
imsa,2023,Laguna Seca,WeatherTech Raceway Laguna Seca,race,569,79,GTDPRO,Jules Gounon,jules gounon,60,2.0,43,86.412,32.246,33.466,20.7,,GF,1,67.7,103.64,67.0,False,162
imsa,2023,Laguna Seca,WeatherTech Raceway Laguna Seca,race,569,79,GTDPRO,Jules Gounon,jules gounon,61,2.0,44,95.09,33.516,38.739,22.835,,FCY,2,67.8,103.64,67.0,False,162
imsa,2023,Laguna Seca,WeatherTech Raceway Laguna Seca,race,569,79,GTDPRO,Jules Gounon,jules gounon,62,2.0,45,141.848,48.655,60.094,33.099,,FCY,2,67.8,103.46,67.0,False,162
imsa,2023,Laguna Seca,WeatherTech Raceway Laguna Seca,race,569,79,GTDPRO,Jules Gounon,jules gounon,63,2.0,46,145.33,58.562,55.859,30.909,,FCY,2,67.7,103.46,67.0,False,162
imsa,2023,Laguna Seca,WeatherTech Raceway Laguna Seca,race,569,79,GTDPRO,Jules Gounon,jules gounon,64,2.0,47,145.147,54.647,56.492,34.008,,FCY,2,67.9,103.82,67.0,False,162
imsa,2023,Laguna Seca,WeatherTech Raceway Laguna Seca,race,569,79,GTDPRO,Jules Gounon,jules gounon,65,2.0,48,142.183,54.33,55.939,31.914,,FCY,2,67.9,103.64,67.0,False,162
imsa,2023,Laguna Seca,WeatherTech Raceway Laguna Seca,race,569,79,GTDPRO,Jules Gounon,jules gounon,66,2.0,49,106.223,51.406,34.243,20.574,,FCY,2,67.8,104.18,67.0,False,162
imsa,2023,Laguna Seca,WeatherTech Raceway Laguna Seca,race,569,79,GTDPRO,Jules Gounon,jules gounon,67,2.0,50,88.404,32.587,34.887,20.93,,FCY,2,67.7,104.54,67.0,False,162
imsa,2023,Laguna Seca,WeatherTech Raceway Laguna Seca,race,569,79,GTDPRO,Jules Gounon,jules gounon,68,2.0,51,106.504,45.774,40.543,20.187,,GF,2,67.7,104.54,67.0,False,162
imsa,2023,Laguna Seca,WeatherTech Raceway Laguna Seca,race,569,79,GTDPRO,Jules Gounon,jules gounon,69,2.0,52,85.88,32.169,33.428,20.283,,GF,3,67.9,104.72,67.0,False,162
imsa,2023,Laguna Seca,WeatherTech Raceway Laguna Seca,race,569,79,GTDPRO,Jules Gounon,jules gounon,70,2.0,53,85.647,32.072,33.356,20.219,,GF,4,67.9,104.9,67.0,False,162
imsa,2023,Laguna Seca,WeatherTech Raceway Laguna Seca,race,569,79,GTDPRO,Jules Gounon,jules gounon,71,2.0,54,86.002,32.137,33.542,20.323,,GF,5,67.9,105.08,67.0,False,162
imsa,2023,Laguna Seca,WeatherTech Raceway Laguna Seca,race,569,79,GTDPRO,Jules Gounon,jules gounon,72,2.0,55,85.815,32.286,33.312,20.217,,GF,6,67.9,104.9,67.0,False,162
imsa,2023,Laguna Seca,WeatherTech Raceway Laguna Seca,race,569,79,GTDPRO,Jules Gounon,jules gounon,73,2.0,56,85.705,32.191,33.277,20.237,,GF,7,67.7,104.9,67.0,False,162
imsa,2023,Laguna Seca,WeatherTech Raceway Laguna Seca,race,569,79,GTDPRO,Jules Gounon,jules gounon,74,2.0,57,86.441,32.394,33.605,20.442,,GF,8,67.7,104.9,67.0,False,162
imsa,2023,Laguna Seca,WeatherTech Raceway Laguna Seca,race,569,79,GTDPRO,Jules Gounon,jules gounon,75,2.0,58,86.59,32.689,33.603,20.298,,GF,9,67.6,104.72,67.0,False,162
imsa,2023,Laguna Seca,WeatherTech Raceway Laguna Seca,race,569,79,GTDPRO,Jules Gounon,jules gounon,76,2.0,59,87.948,32.704,34.534,20.71,,GF,10,67.8,104.54,67.0,False,162
imsa,2023,Laguna Seca,WeatherTech Raceway Laguna Seca,race,569,79,GTDPRO,Jules Gounon,jules gounon,77,2.0,60,86.802,32.826,33.446,20.53,,GF,11,67.8,104.36,67.0,False,162
imsa,2023,Laguna Seca,WeatherTech Raceway Laguna Seca,race,569,79,GTDPRO,Jules Gounon,jules gounon,78,2.0,61,88.41,33.003,34.93,20.477,,GF,12,67.8,104.54,67.0,False,162
imsa,2023,Laguna Seca,WeatherTech Raceway Laguna Seca,race,569,79,GTDPRO,Jules Gounon,jules gounon,79,2.0,62,88.243,32.385,35.487,20.371,,GF,13,68.0,104.36,67.0,False,162
imsa,2023,Laguna Seca,WeatherTech Raceway Laguna Seca,race,569,79,GTDPRO,Jules Gounon,jules gounon,80,2.0,63,87.758,32.635,34.276,20.847,,GF,14,67.8,104.18,67.0,False,162
imsa,2023,Laguna Seca,WeatherTech Raceway Laguna Seca,race,569,79,GTDPRO,Jules Gounon,jules gounon,81,2.0,64,87.144,32.478,34.199,20.467,,GF,15,67.8,104.0,68.0,False,162
imsa,2023,Laguna Seca,WeatherTech Raceway Laguna Seca,race,569,79,GTDPRO,Jules Gounon,jules gounon,82,2.0,65,86.829,32.328,33.972,20.529,,GF,16,67.8,103.82,67.0,False,162
imsa,2023,Laguna Seca,WeatherTech Raceway Laguna Seca,race,569,79,GTDPRO,Jules Gounon,jules gounon,83,2.0,66,86.623,32.443,33.611,20.569,,GF,17,67.4,104.0,67.0,False,162
imsa,2023,Laguna Seca,WeatherTech Raceway Laguna Seca,race,569,79,GTDPRO,Jules Gounon,jules gounon,84,2.0,67,87.478,32.603,34.191,20.684,,GF,18,67.4,103.82,68.0,False,162
imsa,2023,Laguna Seca,WeatherTech Raceway Laguna Seca,race,569,79,GTDPRO,Jules Gounon,jules gounon,85,2.0,68,88.866,33.644,34.663,20.559,,GF,19,67.7,104.0,68.0,False,162
imsa,2023,Laguna Seca,WeatherTech Raceway Laguna Seca,race,569,79,GTDPRO,Jules Gounon,jules gounon,86,2.0,69,89.487,33.196,35.379,20.912,,GF,20,67.7,104.0,67.0,False,162
imsa,2023,Laguna Seca,WeatherTech Raceway Laguna Seca,race,569,79,GTDPRO,Jules Gounon,jules gounon,87,2.0,70,86.517,32.682,33.334,20.501,,GF,21,67.4,103.82,67.0,False,162
imsa,2023,Laguna Seca,WeatherTech Raceway Laguna Seca,race,569,79,GTDPRO,Jules Gounon,jules gounon,88,2.0,71,88.134,33.446,33.946,20.742,,GF,22,67.5,103.82,68.0,False,162
imsa,2023,Laguna Seca,WeatherTech Raceway Laguna Seca,race,569,79,GTDPRO,Jules Gounon,jules gounon,89,2.0,72,89.305,33.183,35.655,20.467,,GF,23,67.7,103.64,67.0,False,162
imsa,2023,Laguna Seca,WeatherTech Raceway Laguna Seca,race,569,79,GTDPRO,Jules Gounon,jules gounon,90,2.0,73,87.801,32.934,34.27,20.597,,GF,24,67.6,103.64,67.0,False,162
imsa,2023,Laguna Seca,WeatherTech Raceway Laguna Seca,race,569,79,GTDPRO,Jules Gounon,jules gounon,91,2.0,74,88.672,33.73,34.126,20.816,,GF,25,66.9,103.64,68.0,False,162
imsa,2023,Laguna Seca,WeatherTech Raceway Laguna Seca,race,569,79,GTDPRO,Jules Gounon,jules gounon,92,2.0,75,87.673,33.046,33.963,20.664,,GF,26,66.7,103.64,68.0,False,162
imsa,2023,Laguna Seca,WeatherTech Raceway Laguna Seca,race,569,79,GTDPRO,Jules Gounon,jules gounon,93,2.0,76,86.827,32.426,33.884,20.517,,GF,27,66.7,103.64,68.0,False,162
imsa,2023,Laguna Seca,WeatherTech Raceway Laguna Seca,race,569,79,GTDPRO,Jules Gounon,jules gounon,94,2.0,77,88.13,33.03,34.255,20.845,,GF,28,67.0,103.82,68.0,False,162
imsa,2023,Laguna Seca,WeatherTech Raceway Laguna Seca,race,569,79,GTDPRO,Jules Gounon,jules gounon,95,2.0,78,89.921,33.597,34.915,21.409,,GF,29,67.0,103.64,68.0,False,162
imsa,2023,Laguna Seca,WeatherTech Raceway Laguna Seca,race,569,79,GTDPRO,Jules Gounon,jules gounon,96,2.0,79,87.939,32.874,34.394,20.671,,GF,30,66.8,103.64,68.0,False,162
imsa,2023,Laguna Seca,WeatherTech Raceway Laguna Seca,race,569,79,GTDPRO,Jules Gounon,jules gounon,97,2.0,80,88.176,33.003,34.498,20.675,,FF,31,66.8,103.64,68.0,False,162
imsa,2023,Laguna Seca,WeatherTech Raceway Laguna Seca,race,569,9,GTDPRO,Klaus Bachler,klaus bachler,1,1.0,0,107.426,52.83,34.131,20.465,,FCY,0,59.7,88.88,78.0,False,162
imsa,2023,Laguna Seca,WeatherTech Raceway Laguna Seca,race,569,9,GTDPRO,Klaus Bachler,klaus bachler,2,1.0,1,105.188,39.297,41.843,24.048,,FCY,0,59.8,89.42,78.0,False,162
imsa,2023,Laguna Seca,WeatherTech Raceway Laguna Seca,race,569,9,GTDPRO,Klaus Bachler,klaus bachler,3,1.0,2,148.408,51.051,61.39,35.967,,FCY,0,60.3,90.68,78.0,False,162
imsa,2023,Laguna Seca,WeatherTech Raceway Laguna Seca,race,569,9,GTDPRO,Klaus Bachler,klaus bachler,4,1.0,3,129.841,53.975,53.312,22.554,,GF,0,60.7,91.22,77.0,False,162
imsa,2023,Laguna Seca,WeatherTech Raceway Laguna Seca,race,569,9,GTDPRO,Klaus Bachler,klaus bachler,5,1.0,4,87.359,32.59,34.426,20.343,,GF,1,60.9,91.58,77.0,False,162
imsa,2023,Laguna Seca,WeatherTech Raceway Laguna Seca,race,569,9,GTDPRO,Klaus Bachler,klaus bachler,6,1.0,5,86.381,32.395,33.65,20.336,,GF,2,61.5,91.58,76.0,False,162
imsa,2023,Laguna Seca,WeatherTech Raceway Laguna Seca,race,569,9,GTDPRO,Klaus Bachler,klaus bachler,7,1.0,6,86.132,32.337,33.55,20.245,,GF,3,61.6,91.58,76.0,False,162
imsa,2023,Laguna Seca,WeatherTech Raceway Laguna Seca,race,569,9,GTDPRO,Klaus Bachler,klaus bachler,8,1.0,7,85.882,32.09,33.536,20.256,,GF,4,61.7,91.76,75.0,False,162
imsa,2023,Laguna Seca,WeatherTech Raceway Laguna Seca,race,569,9,GTDPRO,Klaus Bachler,klaus bachler,9,1.0,8,85.772,32.053,33.481,20.238,,GF,5,61.7,92.12,76.0,False,162
imsa,2023,Laguna Seca,WeatherTech Raceway Laguna Seca,race,569,9,GTDPRO,Klaus Bachler,klaus bachler,10,1.0,9,85.746,32.127,33.461,20.158,,GF,6,61.7,92.3,76.0,False,162
imsa,2023,Laguna Seca,WeatherTech Raceway Laguna Seca,race,569,9,GTDPRO,Klaus Bachler,klaus bachler,11,1.0,10,92.121,32.249,38.293,21.579,,FCY,7,61.8,92.84,75.0,False,162
imsa,2023,Laguna Seca,WeatherTech Raceway Laguna Seca,race,569,9,GTDPRO,Klaus Bachler,klaus bachler,12,1.0,11,95.894,36.002,37.447,22.445,,FCY,7,61.7,93.02,75.0,False,162
imsa,2023,Laguna Seca,WeatherTech Raceway Laguna Seca,race,569,9,GTDPRO,Klaus Bachler,klaus bachler,13,1.0,12,145.261,48.082,54.341,42.838,,FCY,7,61.7,93.74,76.0,False,162
imsa,2023,Laguna Seca,WeatherTech Raceway Laguna Seca,race,569,9,GTDPRO,Klaus Bachler,klaus bachler,14,1.0,13,146.493,56.082,56.483,33.928,,FCY,7,61.7,94.28,75.0,False,162
imsa,2023,Laguna Seca,WeatherTech Raceway Laguna Seca,race,569,9,GTDPRO,Klaus Bachler,klaus bachler,15,1.0,14,135.649,55.37,51.141,29.138,,FCY,7,61.8,94.82,75.0,False,162
imsa,2023,Laguna Seca,WeatherTech Raceway Laguna Seca,race,569,9,GTDPRO,Klaus Bachler,klaus bachler,16,1.0,15,160.381,48.176,54.949,57.256,,FCY,7,62.3,95.36,75.0,False,162
imsa,2023,Laguna Seca,WeatherTech Raceway Laguna Seca,race,569,9,GTDPRO,Klaus Bachler,klaus bachler,17,1.0,16,128.146,49.772,52.353,26.021,44.143,FCY,0,62.5,95.54,75.0,False,162
imsa,2023,Laguna Seca,WeatherTech Raceway Laguna Seca,race,569,9,GTDPRO,Klaus Bachler,klaus bachler,18,1.0,17,149.054,59.691,52.163,37.2,,FCY,0,62.7,96.26,74.0,False,162
imsa,2023,Laguna Seca,WeatherTech Raceway Laguna Seca,race,569,9,GTDPRO,Klaus Bachler,klaus bachler,19,1.0,18,126.205,53.588,51.511,21.106,,GF,0,62.7,96.62,74.0,False,162
imsa,2023,Laguna Seca,WeatherTech Raceway Laguna Seca,race,569,9,GTDPRO,Klaus Bachler,klaus bachler,20,1.0,19,99.842,33.205,33.976,32.661,,GF,1,62.8,96.8,74.0,False,162
imsa,2023,Laguna Seca,WeatherTech Raceway Laguna Seca,race,569,9,GTDPRO,Klaus Bachler,klaus bachler,21,1.0,20,152.484,98.395,33.813,20.276,85.999,GF,0,62.9,97.16,74.0,False,162
imsa,2023,Laguna Seca,WeatherTech Raceway Laguna Seca,race,569,9,GTDPRO,Klaus Bachler,klaus bachler,22,1.0,21,86.637,32.409,33.878,20.35,,GF,0,63.1,97.34,74.0,False,162
imsa,2023,Laguna Seca,WeatherTech Raceway Laguna Seca,race,569,9,GTDPRO,Klaus Bachler,klaus bachler,23,1.0,22,86.256,32.387,33.613,20.256,,GF,1,63.3,97.52,73.0,False,162
imsa,2023,Laguna Seca,WeatherTech Raceway Laguna Seca,race,569,9,GTDPRO,Klaus Bachler,klaus bachler,24,1.0,23,86.151,32.359,33.416,20.376,,GF,2,63.3,97.52,73.0,False,162
imsa,2023,Laguna Seca,WeatherTech Raceway Laguna Seca,race,569,9,GTDPRO,Klaus Bachler,klaus bachler,25,1.0,24,85.974,32.356,33.321,20.297,,GF,3,63.3,97.7,73.0,False,162
imsa,2023,Laguna Seca,WeatherTech Raceway Laguna Seca,race,569,9,GTDPRO,Klaus Bachler,klaus bachler,26,1.0,25,86.107,32.308,33.47,20.329,,GF,4,63.3,98.06,73.0,False,162
imsa,2023,Laguna Seca,WeatherTech Raceway Laguna Seca,race,569,9,GTDPRO,Klaus Bachler,klaus bachler,27,1.0,26,86.229,32.267,33.435,20.527,,GF,5,63.6,98.24,73.0,False,162
imsa,2023,Laguna Seca,WeatherTech Raceway Laguna Seca,race,569,9,GTDPRO,Klaus Bachler,klaus bachler,28,1.0,27,86.056,32.257,33.399,20.4,,GF,6,63.8,98.24,73.0,False,162
imsa,2023,Laguna Seca,WeatherTech Raceway Laguna Seca,race,569,9,GTDPRO,Klaus Bachler,klaus bachler,29,1.0,28,87.637,33.497,33.748,20.392,,GF,7,63.9,98.42,72.0,False,162
imsa,2023,Laguna Seca,WeatherTech Raceway Laguna Seca,race,569,9,GTDPRO,Klaus Bachler,klaus bachler,30,1.0,29,87.292,32.917,33.952,20.423,,GF,8,64.1,98.42,73.0,False,162
imsa,2023,Laguna Seca,WeatherTech Raceway Laguna Seca,race,569,9,GTDPRO,Klaus Bachler,klaus bachler,31,1.0,30,86.081,32.304,33.331,20.446,,GF,9,64.3,98.78,73.0,False,162
imsa,2023,Laguna Seca,WeatherTech Raceway Laguna Seca,race,569,9,GTDPRO,Klaus Bachler,klaus bachler,32,1.0,31,86.625,32.783,33.375,20.467,,GF,10,64.7,99.14,72.0,False,162
imsa,2023,Laguna Seca,WeatherTech Raceway Laguna Seca,race,569,9,GTDPRO,Klaus Bachler,klaus bachler,33,1.0,32,86.46,32.582,33.451,20.427,,GF,11,64.9,99.32,72.0,False,162
imsa,2023,Laguna Seca,WeatherTech Raceway Laguna Seca,race,569,9,GTDPRO,Klaus Bachler,klaus bachler,34,1.0,33,92.117,34.465,36.124,21.528,,FCY,12,65.4,99.5,71.0,False,162
imsa,2023,Laguna Seca,WeatherTech Raceway Laguna Seca,race,569,9,GTDPRO,Klaus Bachler,klaus bachler,35,1.0,34,113.717,35.147,53.486,25.084,,FCY,12,65.5,99.5,71.0,False,162
imsa,2023,Laguna Seca,WeatherTech Raceway Laguna Seca,race,569,9,GTDPRO,Klaus Bachler,klaus bachler,36,1.0,35,93.559,34.973,37.181,21.405,,FCY,12,65.6,99.68,70.0,False,162
imsa,2023,Laguna Seca,WeatherTech Raceway Laguna Seca,race,569,9,GTDPRO,Klaus Bachler,klaus bachler,37,1.0,36,91.44,34.748,36.02,20.672,,FCY,12,65.6,99.86,71.0,False,162
imsa,2023,Laguna Seca,WeatherTech Raceway Laguna Seca,race,569,9,GTDPRO,Klaus Bachler,klaus bachler,38,1.0,37,167.872,41.237,58.762,67.873,,FCY,12,65.8,100.58,70.0,False,162
imsa,2023,Laguna Seca,WeatherTech Raceway Laguna Seca,race,569,9,GTDPRO,Patrick Pilet,patrick pilet,39,2.0,0,134.861,53.073,53.711,28.077,60.242,FCY,0,65.9,100.94,70.0,False,162
imsa,2023,Laguna Seca,WeatherTech Raceway Laguna Seca,race,569,9,GTDPRO,Patrick Pilet,patrick pilet,40,2.0,1,148.203,59.829,57.327,31.047,,FCY,0,65.9,101.3,70.0,False,162
imsa,2023,Laguna Seca,WeatherTech Raceway Laguna Seca,race,569,9,GTDPRO,Patrick Pilet,patrick pilet,41,2.0,2,149.578,59.554,64.283,25.741,,FCY,0,66.1,101.66,70.0,False,162
imsa,2023,Laguna Seca,WeatherTech Raceway Laguna Seca,race,569,9,GTDPRO,Patrick Pilet,patrick pilet,42,2.0,3,123.525,52.542,50.428,20.555,,GF,0,66.4,101.66,69.0,False,162
imsa,2023,Laguna Seca,WeatherTech Raceway Laguna Seca,race,569,9,GTDPRO,Patrick Pilet,patrick pilet,43,2.0,4,86.163,32.435,33.414,20.314,,GF,1,66.5,101.84,70.0,False,162
imsa,2023,Laguna Seca,WeatherTech Raceway Laguna Seca,race,569,9,GTDPRO,Patrick Pilet,patrick pilet,44,2.0,5,85.754,32.15,33.297,20.307,,GF,2,66.7,102.02,69.0,False,162
imsa,2023,Laguna Seca,WeatherTech Raceway Laguna Seca,race,569,9,GTDPRO,Patrick Pilet,patrick pilet,45,2.0,6,85.919,32.313,33.293,20.313,,GF,3,67.0,102.56,69.0,False,162
imsa,2023,Laguna Seca,WeatherTech Raceway Laguna Seca,race,569,9,GTDPRO,Patrick Pilet,patrick pilet,46,2.0,7,86.781,32.487,34.005,20.289,,GF,4,67.1,102.38,69.0,False,162
imsa,2023,Laguna Seca,WeatherTech Raceway Laguna Seca,race,569,9,GTDPRO,Patrick Pilet,patrick pilet,47,2.0,8,86.893,32.634,34.017,20.242,,GF,5,67.2,102.38,68.0,False,162
imsa,2023,Laguna Seca,WeatherTech Raceway Laguna Seca,race,569,9,GTDPRO,Patrick Pilet,patrick pilet,48,2.0,9,86.678,32.452,33.74,20.486,,GF,6,67.3,102.38,68.0,False,162
imsa,2023,Laguna Seca,WeatherTech Raceway Laguna Seca,race,569,9,GTDPRO,Patrick Pilet,patrick pilet,49,2.0,10,86.797,33.149,33.449,20.199,,GF,7,67.5,102.56,68.0,False,162
imsa,2023,Laguna Seca,WeatherTech Raceway Laguna Seca,race,569,9,GTDPRO,Patrick Pilet,patrick pilet,50,2.0,11,85.985,32.319,33.189,20.477,,GF,8,67.5,102.56,68.0,False,162
imsa,2023,Laguna Seca,WeatherTech Raceway Laguna Seca,race,569,9,GTDPRO,Patrick Pilet,patrick pilet,51,2.0,12,88.944,33.247,34.499,21.198,,GF,9,67.6,102.74,68.0,False,162
imsa,2023,Laguna Seca,WeatherTech Raceway Laguna Seca,race,569,9,GTDPRO,Patrick Pilet,patrick pilet,52,2.0,13,89.468,33.385,34.874,21.209,,GF,10,67.8,102.92,68.0,False,162
imsa,2023,Laguna Seca,WeatherTech Raceway Laguna Seca,race,569,9,GTDPRO,Patrick Pilet,patrick pilet,53,2.0,14,117.388,33.14,33.653,50.595,,GF,11,68.0,102.74,67.0,False,162
imsa,2023,Laguna Seca,WeatherTech Raceway Laguna Seca,race,569,9,GTDPRO,Patrick Pilet,patrick pilet,54,2.0,15,93.433,38.673,34.292,20.468,42.37,GF,0,68.0,102.74,67.0,False,162
imsa,2023,Laguna Seca,WeatherTech Raceway Laguna Seca,race,569,9,GTDPRO,Patrick Pilet,patrick pilet,55,2.0,16,97.997,32.378,33.289,32.33,,GF,0,68.0,103.1,67.0,False,162
imsa,2023,Laguna Seca,WeatherTech Raceway Laguna Seca,race,569,9,GTDPRO,Patrick Pilet,patrick pilet,56,2.0,17,91.401,37.387,33.609,20.405,23.935,GF,0,67.8,102.92,67.0,False,162
imsa,2023,Laguna Seca,WeatherTech Raceway Laguna Seca,race,569,9,GTDPRO,Patrick Pilet,patrick pilet,57,2.0,18,86.228,32.544,33.267,20.417,,GF,0,67.7,102.92,67.0,False,162
imsa,2023,Laguna Seca,WeatherTech Raceway Laguna Seca,race,569,9,GTDPRO,Patrick Pilet,patrick pilet,58,2.0,19,86.474,32.862,33.17,20.442,,GF,1,67.6,103.1,67.0,False,162
imsa,2023,Laguna Seca,WeatherTech Raceway Laguna Seca,race,569,9,GTDPRO,Patrick Pilet,patrick pilet,59,2.0,20,86.79,32.536,33.69,20.564,,GF,2,67.7,103.64,67.0,False,162
imsa,2023,Laguna Seca,WeatherTech Raceway Laguna Seca,race,569,9,GTDPRO,Patrick Pilet,patrick pilet,60,2.0,21,86.098,32.431,33.201,20.466,,GF,3,67.7,103.64,67.0,False,162
imsa,2023,Laguna Seca,WeatherTech Raceway Laguna Seca,race,569,9,GTDPRO,Patrick Pilet,patrick pilet,61,2.0,22,100.768,33.475,43.237,24.056,,FCY,4,67.8,103.64,67.0,False,162
imsa,2023,Laguna Seca,WeatherTech Raceway Laguna Seca,race,569,9,GTDPRO,Patrick Pilet,patrick pilet,62,2.0,23,129.181,43.268,58.817,27.096,,FCY,4,67.8,103.46,67.0,False,162
imsa,2023,Laguna Seca,WeatherTech Raceway Laguna Seca,race,569,9,GTDPRO,Patrick Pilet,patrick pilet,63,2.0,24,142.108,57.113,55.66,29.335,,FCY,4,67.7,103.46,67.0,False,162
imsa,2023,Laguna Seca,WeatherTech Raceway Laguna Seca,race,569,9,GTDPRO,Patrick Pilet,patrick pilet,64,2.0,25,144.631,55.086,55.424,34.121,,FCY,4,67.9,103.82,67.0,False,162
imsa,2023,Laguna Seca,WeatherTech Raceway Laguna Seca,race,569,9,GTDPRO,Patrick Pilet,patrick pilet,65,2.0,26,141.649,54.32,55.465,31.864,,FCY,4,67.9,103.64,67.0,False,162
imsa,2023,Laguna Seca,WeatherTech Raceway Laguna Seca,race,569,9,GTDPRO,Patrick Pilet,patrick pilet,66,2.0,27,106.668,50.957,34.875,20.836,,FCY,4,67.8,104.18,67.0,False,162
imsa,2023,Laguna Seca,WeatherTech Raceway Laguna Seca,race,569,9,GTDPRO,Patrick Pilet,patrick pilet,67,2.0,28,87.851,32.723,34.344,20.784,,FCY,4,67.7,104.54,67.0,False,162
imsa,2023,Laguna Seca,WeatherTech Raceway Laguna Seca,race,569,9,GTDPRO,Patrick Pilet,patrick pilet,68,2.0,29,105.986,45.385,40.072,20.529,,GF,4,67.7,104.54,67.0,False,162
imsa,2023,Laguna Seca,WeatherTech Raceway Laguna Seca,race,569,9,GTDPRO,Patrick Pilet,patrick pilet,69,2.0,30,86.008,32.386,33.227,20.395,,GF,5,67.9,104.72,67.0,False,162
imsa,2023,Laguna Seca,WeatherTech Raceway Laguna Seca,race,569,9,GTDPRO,Patrick Pilet,patrick pilet,70,2.0,31,85.767,32.302,33.289,20.176,,GF,6,67.9,104.9,67.0,False,162
imsa,2023,Laguna Seca,WeatherTech Raceway Laguna Seca,race,569,9,GTDPRO,Patrick Pilet,patrick pilet,71,2.0,32,86.011,32.357,33.275,20.379,,GF,7,67.9,105.08,67.0,False,162
imsa,2023,Laguna Seca,WeatherTech Raceway Laguna Seca,race,569,9,GTDPRO,Patrick Pilet,patrick pilet,72,2.0,33,85.598,32.298,33.054,20.246,,GF,8,67.9,104.9,67.0,False,162
imsa,2023,Laguna Seca,WeatherTech Raceway Laguna Seca,race,569,9,GTDPRO,Patrick Pilet,patrick pilet,73,2.0,34,86.058,32.362,33.524,20.172,,GF,9,67.7,104.9,67.0,False,162
imsa,2023,Laguna Seca,WeatherTech Raceway Laguna Seca,race,569,9,GTDPRO,Patrick Pilet,patrick pilet,74,2.0,35,85.973,32.325,33.168,20.48,,GF,10,67.7,104.9,67.0,False,162
imsa,2023,Laguna Seca,WeatherTech Raceway Laguna Seca,race,569,9,GTDPRO,Patrick Pilet,patrick pilet,75,2.0,36,86.533,32.633,33.374,20.526,,GF,11,67.6,104.72,67.0,False,162
imsa,2023,Laguna Seca,WeatherTech Raceway Laguna Seca,race,569,9,GTDPRO,Patrick Pilet,patrick pilet,76,2.0,37,87.812,32.85,34.364,20.598,,GF,12,67.8,104.54,67.0,False,162
imsa,2023,Laguna Seca,WeatherTech Raceway Laguna Seca,race,569,9,GTDPRO,Patrick Pilet,patrick pilet,77,2.0,38,87.289,33.072,33.493,20.724,,GF,13,67.8,104.36,67.0,False,162
imsa,2023,Laguna Seca,WeatherTech Raceway Laguna Seca,race,569,9,GTDPRO,Patrick Pilet,patrick pilet,78,2.0,39,87.989,33.158,34.158,20.673,,GF,14,67.8,104.54,67.0,False,162
imsa,2023,Laguna Seca,WeatherTech Raceway Laguna Seca,race,569,9,GTDPRO,Patrick Pilet,patrick pilet,79,2.0,40,88.685,32.794,35.138,20.753,,GF,15,68.0,104.36,67.0,False,162
imsa,2023,Laguna Seca,WeatherTech Raceway Laguna Seca,race,569,9,GTDPRO,Patrick Pilet,patrick pilet,80,2.0,41,87.728,32.874,33.967,20.887,,GF,16,67.8,104.18,67.0,False,162
imsa,2023,Laguna Seca,WeatherTech Raceway Laguna Seca,race,569,9,GTDPRO,Patrick Pilet,patrick pilet,81,2.0,42,87.101,32.766,33.647,20.688,,GF,17,67.8,104.0,68.0,False,162
imsa,2023,Laguna Seca,WeatherTech Raceway Laguna Seca,race,569,9,GTDPRO,Patrick Pilet,patrick pilet,82,2.0,43,87.217,32.917,33.561,20.739,,GF,18,67.8,103.82,67.0,False,162
imsa,2023,Laguna Seca,WeatherTech Raceway Laguna Seca,race,569,9,GTDPRO,Patrick Pilet,patrick pilet,83,2.0,44,86.767,32.706,33.416,20.645,,GF,19,67.4,104.0,67.0,False,162
imsa,2023,Laguna Seca,WeatherTech Raceway Laguna Seca,race,569,9,GTDPRO,Patrick Pilet,patrick pilet,84,2.0,45,88.0,32.926,33.732,21.342,,GF,20,67.4,103.82,68.0,False,162
imsa,2023,Laguna Seca,WeatherTech Raceway Laguna Seca,race,569,9,GTDPRO,Patrick Pilet,patrick pilet,85,2.0,46,87.661,33.013,33.765,20.883,,GF,21,67.7,104.0,68.0,False,162
imsa,2023,Laguna Seca,WeatherTech Raceway Laguna Seca,race,569,9,GTDPRO,Patrick Pilet,patrick pilet,86,2.0,47,89.532,33.233,35.38,20.919,,GF,22,67.7,104.0,67.0,False,162
imsa,2023,Laguna Seca,WeatherTech Raceway Laguna Seca,race,569,9,GTDPRO,Patrick Pilet,patrick pilet,87,2.0,48,87.841,32.996,34.135,20.71,,GF,23,67.4,103.82,67.0,False,162
imsa,2023,Laguna Seca,WeatherTech Raceway Laguna Seca,race,569,9,GTDPRO,Patrick Pilet,patrick pilet,88,2.0,49,87.329,32.892,33.887,20.55,,GF,24,67.5,103.82,68.0,False,162
imsa,2023,Laguna Seca,WeatherTech Raceway Laguna Seca,race,569,9,GTDPRO,Patrick Pilet,patrick pilet,89,2.0,50,88.723,33.456,34.457,20.81,,GF,25,67.7,103.64,67.0,False,162
imsa,2023,Laguna Seca,WeatherTech Raceway Laguna Seca,race,569,9,GTDPRO,Patrick Pilet,patrick pilet,90,2.0,51,87.949,33.078,34.045,20.826,,GF,26,67.6,103.64,67.0,False,162
imsa,2023,Laguna Seca,WeatherTech Raceway Laguna Seca,race,569,9,GTDPRO,Patrick Pilet,patrick pilet,91,2.0,52,88.241,33.359,34.13,20.752,,GF,27,66.9,103.64,68.0,False,162
imsa,2023,Laguna Seca,WeatherTech Raceway Laguna Seca,race,569,9,GTDPRO,Patrick Pilet,patrick pilet,92,2.0,53,88.425,33.234,34.176,21.015,,GF,28,66.7,103.64,68.0,False,162
imsa,2023,Laguna Seca,WeatherTech Raceway Laguna Seca,race,569,9,GTDPRO,Patrick Pilet,patrick pilet,93,2.0,54,89.426,33.701,34.549,21.176,,GF,29,66.8,103.82,68.0,False,162
imsa,2023,Laguna Seca,WeatherTech Raceway Laguna Seca,race,569,9,GTDPRO,Patrick Pilet,patrick pilet,94,2.0,55,88.476,33.892,33.884,20.7,,GF,30,67.0,103.82,68.0,False,162
imsa,2023,Laguna Seca,WeatherTech Raceway Laguna Seca,race,569,9,GTDPRO,Patrick Pilet,patrick pilet,95,2.0,56,91.517,34.27,35.362,21.885,,GF,31,67.0,103.64,68.0,False,162
imsa,2023,Laguna Seca,WeatherTech Raceway Laguna Seca,race,569,9,GTDPRO,Patrick Pilet,patrick pilet,96,2.0,57,89.354,34.217,34.24,20.897,,GF,32,66.8,103.64,68.0,False,162
imsa,2023,Laguna Seca,WeatherTech Raceway Laguna Seca,race,569,9,GTDPRO,Patrick Pilet,patrick pilet,97,2.0,58,89.239,33.305,34.677,21.257,,FF,33,66.8,103.64,68.0,False,162
