series,season,circuit,driver,decision_lap,real_pit_lap,model_pit_lap,race_laps,compound,tyre_age,slope_s_per_lap,pit_loss_s,b1_lap,b2_lap,b3_lap,b3_undefined,car_class,model_error,b1_error,b2_error,b3_error
f1,2022,austin,VER,8,13,31,56,MEDIUM,8,0.04355,21.64,28,32.0,,no refuelling in this series: the rule does not apply,,18,15,19.0,
f1,2022,austin,HAM,7,12,28,56,MEDIUM,7,0.04355,21.64,28,32.0,,no refuelling in this series: the rule does not apply,,16,16,20.0,
f1,2022,austin,LEC,13,18,30,56,MEDIUM,13,0.04355,21.64,28,32.0,,no refuelling in this series: the rule does not apply,,12,10,14.0,
f1,2022,austin,PER,9,14,30,56,MEDIUM,9,0.04355,21.64,28,32.0,,no refuelling in this series: the rule does not apply,,16,14,18.0,
f1,2022,austin,RUS,8,13,31,56,MEDIUM,8,0.04355,21.64,28,32.0,,no refuelling in this series: the rule does not apply,,18,15,19.0,
f1,2022,bahrain,LEC,10,15,28,57,SOFT,10,0.11402,24.79,28,21.0,,no refuelling in this series: the rule does not apply,,13,13,6.0,
f1,2022,bahrain,SAI,9,14,28,57,SOFT,12,0.11402,24.79,28,18.0,,no refuelling in this series: the rule does not apply,,14,14,4.0,
f1,2022,bahrain,HAM,6,11,25,57,SOFT,8,0.11402,24.79,28,19.0,,no refuelling in this series: the rule does not apply,,14,17,8.0,
f1,2022,bahrain,RUS,10,15,23,57,SOFT,13,0.11402,24.79,28,18.0,,no refuelling in this series: the rule does not apply,,8,13,3.0,
f1,2022,bahrain,MAG,9,14,29,57,SOFT,9,0.11402,24.79,28,21.0,,no refuelling in this series: the rule does not apply,,15,14,7.0,
f1,2022,baku,VER,13,18,30,51,MEDIUM,13,0.01307,22.48,26,,,no refuelling in this series: the rule does not apply,,12,8,,
f1,2022,baku,PER,11,16,31,51,MEDIUM,11,0.01307,22.48,26,,,no refuelling in this series: the rule does not apply,,15,10,,
f1,2022,baku,RUS,4,9,31,51,MEDIUM,4,0.01307,22.48,26,,,no refuelling in this series: the rule does not apply,,22,17,,
f1,2022,baku,HAM,4,9,31,51,MEDIUM,4,0.01307,22.48,26,,,no refuelling in this series: the rule does not apply,,22,17,,
f1,2022,baku,GAS,4,9,31,51,MEDIUM,4,0.01307,22.48,26,,,no refuelling in this series: the rule does not apply,,22,17,,
f1,2022,barcelona,VER,8,13,32,66,SOFT,11,0.08181,23.33,33,21.0,,no refuelling in this series: the rule does not apply,,19,20,8.0,
f1,2022,barcelona,PER,12,17,31,66,SOFT,15,0.08181,23.33,33,21.0,,no refuelling in this series: the rule does not apply,,14,16,4.0,
f1,2022,barcelona,RUS,8,13,32,66,SOFT,11,0.08181,23.33,33,21.0,,no refuelling in this series: the rule does not apply,,19,20,8.0,
f1,2022,barcelona,SAI,5,10,31,66,SOFT,8,0.08181,23.33,33,21.0,,no refuelling in this series: the rule does not apply,,21,23,11.0,
f1,2022,hungaroring,VER,11,16,26,70,SOFT,12,0.09075,21.61,35,21.0,,no refuelling in this series: the rule does not apply,,10,19,5.0,
f1,2022,hungaroring,HAM,14,19,35,70,MEDIUM,14,0.05925,21.61,35,27.0,,no refuelling in this series: the rule does not apply,,16,16,8.0,
f1,2022,hungaroring,RUS,11,16,25,70,SOFT,14,0.09075,21.61,35,19.0,,no refuelling in this series: the rule does not apply,,9,19,3.0,
f1,2022,hungaroring,SAI,12,17,35,70,MEDIUM,12,0.05925,21.61,35,27.0,,no refuelling in this series: the rule does not apply,,18,18,10.0,
f1,2022,hungaroring,PER,13,18,27,70,SOFT,13,0.09075,21.61,35,22.0,,no refuelling in this series: the rule does not apply,,9,17,4.0,
f1,2022,interlagos,RUS,19,24,40,71,SOFT,19,0.04453,22.34,36,32.0,,no refuelling in this series: the rule does not apply,,16,12,8.0,
f1,2022,interlagos,HAM,24,29,42,71,SOFT,24,0.04453,22.34,36,32.0,,no refuelling in this series: the rule does not apply,,13,7,3.0,
f1,2022,interlagos,SAI,12,17,29,71,MEDIUM,12,0.05869,22.34,36,28.0,,no refuelling in this series: the rule does not apply,,12,19,11.0,
f1,2022,interlagos,ALO,9,14,35,71,MEDIUM,9,0.05869,22.34,36,28.0,,no refuelling in this series: the rule does not apply,,21,22,14.0,
f1,2022,jeddah,VER,11,16,28,50,MEDIUM,11,0.01247,21.74,25,,,no refuelling in this series: the rule does not apply,,12,9,,
f1,2022,jeddah,LEC,11,16,28,50,MEDIUM,11,0.01247,21.74,25,,,no refuelling in this series: the rule does not apply,,12,9,,
f1,2022,jeddah,SAI,11,16,28,50,MEDIUM,11,0.01247,21.74,25,,,no refuelling in this series: the rule does not apply,,12,9,,
f1,2022,jeddah,PER,10,15,22,50,MEDIUM,10,0.01247,21.74,25,,,no refuelling in this series: the rule does not apply,,7,10,,
f1,2022,jeddah,RUS,11,16,28,50,MEDIUM,11,0.01247,21.74,25,,,no refuelling in this series: the rule does not apply,,12,9,,
f1,2022,melbourne,LEC,17,22,18,58,MEDIUM,17,0.02377,20.91,29,42.0,,no refuelling in this series: the rule does not apply,,4,7,20.0,
f1,2022,melbourne,PER,15,20,16,58,MEDIUM,15,0.02377,20.91,29,42.0,,no refuelling in this series: the rule does not apply,,4,9,22.0,
f1,2022,melbourne,RUS,18,23,19,58,MEDIUM,18,0.02377,20.91,29,42.0,,no refuelling in this series: the rule does not apply,,4,6,19.0,
f1,2022,melbourne,HAM,17,22,18,58,MEDIUM,17,0.02377,20.91,29,42.0,,no refuelling in this series: the rule does not apply,,4,7,20.0,
f1,2022,melbourne,NOR,15,20,16,58,MEDIUM,15,0.02377,20.91,29,42.0,,no refuelling in this series: the rule does not apply,,4,9,22.0,
f1,2022,mexico_city,VER,20,25,30,71,SOFT,23,0.00751,23.35,36,,,no refuelling in this series: the rule does not apply,,5,11,,
f1,2022,mexico_city,HAM,24,29,34,71,MEDIUM,24,0.04553,23.35,36,32.0,,no refuelling in this series: the rule does not apply,,5,7,3.0,
f1,2022,mexico_city,PER,18,23,28,71,SOFT,21,0.00751,23.35,36,,,no refuelling in this series: the rule does not apply,,5,13,,
f1,2022,mexico_city,RUS,29,34,35,71,MEDIUM,29,0.04553,23.35,36,32.0,,no refuelling in this series: the rule does not apply,,1,2,2.0,
f1,2022,mexico_city,SAI,24,29,32,71,SOFT,27,0.00751,23.35,36,,,no refuelling in this series: the rule does not apply,,3,7,,
f1,2022,miami,VER,21,26,28,57,MEDIUM,21,0.02077,20.77,28,45.0,,no refuelling in this series: the rule does not apply,,2,2,19.0,
f1,2022,miami,LEC,19,24,29,57,MEDIUM,19,0.02077,20.77,28,45.0,,no refuelling in this series: the rule does not apply,,5,4,21.0,
f1,2022,miami,SAI,22,27,27,57,MEDIUM,22,0.02077,20.77,28,45.0,,no refuelling in this series: the rule does not apply,,0,1,18.0,
f1,2022,miami,PER,22,27,27,57,MEDIUM,22,0.02077,20.77,28,45.0,,no refuelling in this series: the rule does not apply,,0,1,18.0,
f1,2022,miami,RUS,35,40,36,57,HARD,35,0.01937,20.77,28,46.0,,no refuelling in this series: the rule does not apply,,4,12,6.0,
f1,2022,montreal,VER,4,9,67,70,MEDIUM,4,-0.00102,20.28,35,,,no refuelling in this series: the rule does not apply,,58,26,,
f1,2022,montreal,SAI,15,20,67,70,MEDIUM,15,-0.00102,20.28,35,,,no refuelling in this series: the rule does not apply,,47,15,,
f1,2022,montreal,HAM,4,9,67,70,MEDIUM,4,-0.00102,20.28,35,,,no refuelling in this series: the rule does not apply,,58,26,,
f1,2022,montreal,RUS,14,19,67,70,MEDIUM,14,-0.00102,20.28,35,,,no refuelling in this series: the rule does not apply,,48,16,,
f1,2022,montreal,LEC,36,41,37,70,HARD,36,0.01875,20.28,35,47.0,,no refuelling in this series: the rule does not apply,,4,6,6.0,
f1,2022,monza,VER,20,25,42,53,SOFT,20,0.00647,25.71,26,,,no refuelling in this series: the rule does not apply,,17,1,,
f1,2022,monza,LEC,7,12,41,53,SOFT,7,0.00647,25.71,26,,,no refuelling in this series: the rule does not apply,,29,14,,
f1,2022,monza,RUS,18,23,40,53,SOFT,18,0.00647,25.71,26,,,no refuelling in this series: the rule does not apply,,17,3,,
f1,2022,monza,SAI,25,30,26,53,MEDIUM,25,0.03055,25.71,26,41.0,,no refuelling in this series: the rule does not apply,,4,4,11.0,
f1,2022,monza,HAM,28,33,29,53,MEDIUM,28,0.03055,25.71,26,41.0,,no refuelling in this series: the rule does not apply,,4,7,8.0,
f1,2022,red_bull_ring,LEC,21,26,37,71,MEDIUM,21,0.05841,21.52,36,27.0,,no refuelling in this series: the rule does not apply,,11,10,1.0,
f1,2022,red_bull_ring,VER,8,13,39,71,MEDIUM,8,0.05841,21.52,36,27.0,,no refuelling in this series: the rule does not apply,,26,23,14.0,
f1,2022,red_bull_ring,HAM,23,28,35,71,MEDIUM,23,0.05841,21.52,36,27.0,,no refuelling in this series: the rule does not apply,,7,8,1.0,
f1,2022,red_bull_ring,RUS,6,11,39,71,MEDIUM,6,0.05841,21.52,36,27.0,,no refuelling in this series: the rule does not apply,,28,25,16.0,
f1,2022,red_bull_ring,OCO,11,16,35,71,MEDIUM,11,0.05841,21.52,36,27.0,,no refuelling in this series: the rule does not apply,,19,20,11.0,
f1,2022,ricard,VER,11,16,12,53,MEDIUM,11,0.04975,29.16,26,34.0,,no refuelling in this series: the rule does not apply,,4,10,18.0,
f1,2022,ricard,HAM,13,18,14,53,MEDIUM,13,0.04975,29.16,26,34.0,,no refuelling in this series: the rule does not apply,,4,8,16.0,
f1,2022,ricard,RUS,13,18,14,53,MEDIUM,13,0.04975,29.16,26,34.0,,no refuelling in this series: the rule does not apply,,4,8,16.0,
f1,2022,ricard,PER,13,18,14,53,MEDIUM,13,0.04975,29.16,26,34.0,,no refuelling in this series: the rule does not apply,,4,8,16.0,
f1,2022,ricard,SAI,13,18,14,53,HARD,13,0.06723,29.16,26,29.0,,no refuelling in this series: the rule does not apply,,4,8,11.0,
f1,2022,spa,VER,10,15,19,44,SOFT,10,0.10369,19.39,22,19.0,,no refuelling in this series: the rule does not apply,,4,7,4.0,
f1,2022,spa,PER,9,14,22,44,MEDIUM,9,0.17659,19.39,22,15.0,,no refuelling in this series: the rule does not apply,,8,8,1.0,
f1,2022,spa,SAI,6,11,14,44,SOFT,8,0.10369,19.39,22,17.0,,no refuelling in this series: the rule does not apply,,3,11,6.0,
f1,2022,spa,RUS,8,13,22,44,MEDIUM,8,0.17659,19.39,22,15.0,,no refuelling in this series: the rule does not apply,,9,9,2.0,
f1,2022,yas_marina,VER,15,20,25,58,MEDIUM,15,0.07703,23.34,29,25.0,,no refuelling in this series: the rule does not apply,,5,9,5.0,
f1,2022,yas_marina,LEC,16,21,25,58,MEDIUM,16,0.07703,23.34,29,25.0,,no refuelling in this series: the rule does not apply,,4,8,4.0,
f1,2022,yas_marina,PER,10,15,26,58,MEDIUM,10,0.07703,23.34,29,25.0,,no refuelling in this series: the rule does not apply,,11,14,10.0,
f1,2022,yas_marina,SAI,12,17,24,58,MEDIUM,12,0.07703,23.34,29,25.0,,no refuelling in this series: the rule does not apply,,7,12,8.0,
f1,2022,yas_marina,RUS,10,15,26,58,MEDIUM,10,0.07703,23.34,29,25.0,,no refuelling in this series: the rule does not apply,,11,14,10.0,
f1,2022,zandvoort,VER,13,18,41,72,SOFT,13,0.02898,24.0,36,41.0,,no refuelling in this series: the rule does not apply,,23,18,23.0,
f1,2022,zandvoort,RUS,26,31,29,72,MEDIUM,26,0.04485,24.0,36,33.0,,no refuelling in this series: the rule does not apply,,2,5,2.0,
f1,2022,zandvoort,LEC,12,17,42,72,SOFT,15,0.02898,24.0,36,38.0,,no refuelling in this series: the rule does not apply,,25,19,21.0,
f1,2022,zandvoort,HAM,24,29,28,72,MEDIUM,24,0.04485,24.0,36,33.0,,no refuelling in this series: the rule does not apply,,1,7,4.0,
f1,2022,zandvoort,SAI,9,14,38,72,SOFT,12,0.02898,24.0,36,38.0,,no refuelling in this series: the rule does not apply,,24,22,24.0,
f1,2023,austin,VER,11,16,30,56,MEDIUM,11,0.04355,21.64,28,32.0,,no refuelling in this series: the rule does not apply,,14,12,16.0,
f1,2023,austin,HAM,15,20,29,56,MEDIUM,15,0.04355,21.64,28,32.0,,no refuelling in this series: the rule does not apply,,9,8,12.0,
f1,2023,austin,NOR,12,17,30,56,MEDIUM,12,0.04355,21.64,28,32.0,,no refuelling in this series: the rule does not apply,,13,11,15.0,
f1,2023,austin,SAI,12,17,29,56,MEDIUM,12,0.04355,21.64,28,32.0,,no refuelling in this series: the rule does not apply,,12,11,15.0,
f1,2023,austin,PER,12,17,29,56,MEDIUM,12,0.04355,21.64,28,32.0,,no refuelling in this series: the rule does not apply,,12,11,15.0,
f1,2023,bahrain,VER,9,14,28,57,SOFT,12,0.11402,24.79,28,18.0,,no refuelling in this series: the rule does not apply,,14,14,4.0,
f1,2023,bahrain,PER,12,17,27,57,SOFT,15,0.11402,24.79,28,18.0,,no refuelling in this series: the rule does not apply,,10,11,1.0,
f1,2023,bahrain,ALO,9,14,24,57,SOFT,12,0.11402,24.79,28,18.0,,no refuelling in this series: the rule does not apply,,10,14,4.0,
f1,2023,bahrain,SAI,8,13,23,57,SOFT,11,0.11402,24.79,28,18.0,,no refuelling in this series: the rule does not apply,,10,15,5.0,
f1,2023,bahrain,HAM,7,12,24,57,SOFT,10,0.11402,24.79,28,18.0,,no refuelling in this series: the rule does not apply,,12,16,6.0,
f1,2023,baku,PER,6,11,31,51,MEDIUM,6,0.01307,22.48,26,,,no refuelling in this series: the rule does not apply,,20,15,,
f1,2023,baku,VER,5,10,32,51,MEDIUM,5,0.01307,22.48,26,,,no refuelling in this series: the rule does not apply,,22,16,,
f1,2023,baku,LEC,6,11,31,51,MEDIUM,6,0.01307,22.48,26,,,no refuelling in this series: the rule does not apply,,20,15,,
f1,2023,baku,ALO,6,11,31,51,MEDIUM,6,0.01307,22.48,26,,,no refuelling in this series: the rule does not apply,,20,15,,
f1,2023,baku,SAI,6,11,31,51,MEDIUM,6,0.01307,22.48,26,,,no refuelling in this series: the rule does not apply,,20,15,,
f1,2023,barcelona,VER,21,26,33,66,MEDIUM,21,0.08177,23.33,33,24.0,,no refuelling in this series: the rule does not apply,,7,7,2.0,
f1,2023,barcelona,HAM,19,24,32,66,SOFT,22,0.08181,23.33,33,21.0,,no refuelling in this series: the rule does not apply,,8,9,3.0,
f1,2023,barcelona,RUS,20,25,33,66,SOFT,20,0.08181,23.33,33,24.0,,no refuelling in this series: the rule does not apply,,8,8,1.0,
f1,2023,barcelona,PER,22,27,33,66,MEDIUM,22,0.08177,23.33,33,24.0,,no refuelling in this series: the rule does not apply,,6,6,3.0,
f1,2023,barcelona,SAI,10,15,31,66,SOFT,13,0.08181,23.33,33,21.0,,no refuelling in this series: the rule does not apply,,16,18,6.0,
f1,2023,hungaroring,VER,18,23,34,70,MEDIUM,21,0.05925,21.61,35,24.0,,no refuelling in this series: the rule does not apply,,11,12,1.0,
f1,2023,hungaroring,NOR,12,17,37,70,MEDIUM,12,0.05925,21.61,35,27.0,,no refuelling in this series: the rule does not apply,,20,18,10.0,
f1,2023,hungaroring,PER,19,24,33,70,HARD,22,0.06052,21.61,35,24.0,,no refuelling in this series: the rule does not apply,,9,11,0.0,
f1,2023,hungaroring,HAM,11,16,34,70,MEDIUM,14,0.05925,21.61,35,24.0,,no refuelling in this series: the rule does not apply,,18,19,8.0,
f1,2023,hungaroring,PIA,13,18,34,70,MEDIUM,15,0.05925,21.61,35,25.0,,no refuelling in this series: the rule does not apply,,16,17,7.0,
f1,2023,jeddah,PER,13,18,20,50,MEDIUM,13,0.01247,21.74,25,,,no refuelling in this series: the rule does not apply,,2,7,,
f1,2023,jeddah,VER,13,18,20,50,MEDIUM,13,0.01247,21.74,25,,,no refuelling in this series: the rule does not apply,,2,7,,
f1,2023,jeddah,ALO,13,18,20,50,MEDIUM,13,0.01247,21.74,25,,,no refuelling in this series: the rule does not apply,,2,7,,
f1,2023,jeddah,RUS,13,18,20,50,MEDIUM,13,0.01247,21.74,25,,,no refuelling in this series: the rule does not apply,,2,7,,
f1,2023,jeddah,HAM,13,18,29,50,HARD,13,0.00905,21.74,25,,,no refuelling in this series: the rule does not apply,,11,7,,
f1,2023,las_vegas,VER,11,16,22,50,MEDIUM,11,0.04434,23.59,25,33.0,,no refuelling in this series: the rule does not apply,,6,9,17.0,
f1,2023,las_vegas,LEC,16,21,22,50,MEDIUM,16,0.04434,23.59,25,33.0,,no refuelling in this series: the rule does not apply,,1,4,12.0,
f1,2023,las_vegas,RUS,10,15,24,50,MEDIUM,10,0.04434,23.59,25,33.0,,no refuelling in this series: the rule does not apply,,9,10,18.0,
f1,2023,las_vegas,OCO,15,20,24,50,MEDIUM,15,0.04434,23.59,25,33.0,,no refuelling in this series: the rule does not apply,,4,5,13.0,
f1,2023,losail,VER,12,17,54,57,MEDIUM,15,0.03939,28.57,28,35.0,,no refuelling in this series: the rule does not apply,,37,11,18.0,
f1,2023,losail,PIA,7,12,53,57,MEDIUM,13,0.03939,28.57,28,32.0,,no refuelling in this series: the rule does not apply,,41,16,20.0,
f1,2023,losail,NOR,8,13,54,57,MEDIUM,15,0.03939,28.57,28,31.0,,no refuelling in this series: the rule does not apply,,41,15,18.0,
f1,2023,losail,LEC,7,12,54,57,MEDIUM,15,0.03939,28.57,28,30.0,,no refuelling in this series: the rule does not apply,,42,16,18.0,
f1,2023,melbourne,VER,3,8,6,58,MEDIUM,3,0.02377,20.91,29,42.0,,no refuelling in this series: the rule does not apply,,2,21,34.0,
f1,2023,melbourne,HAM,3,8,6,58,MEDIUM,3,0.02377,20.91,29,42.0,,no refuelling in this series: the rule does not apply,,2,21,34.0,
f1,2023,melbourne,ALO,3,8,6,58,MEDIUM,4,0.02377,20.91,29,41.0,,no refuelling in this series: the rule does not apply,,2,21,33.0,
f1,2023,melbourne,STR,3,8,6,58,MEDIUM,4,0.02377,20.91,29,41.0,,no refuelling in this series: the rule does not apply,,2,21,33.0,
f1,2023,mexico_city,VER,14,19,36,71,MEDIUM,14,0.04553,23.35,36,32.0,,no refuelling in this series: the rule does not apply,,17,17,13.0,
f1,2023,mexico_city,HAM,19,24,35,71,MEDIUM,19,0.04553,23.35,36,32.0,,no refuelling in this series: the rule does not apply,,11,12,8.0,
f1,2023,mexico_city,LEC,26,31,37,71,MEDIUM,26,0.04553,23.35,36,32.0,,no refuelling in this series: the rule does not apply,,6,5,1.0,
f1,2023,mexico_city,SAI,25,30,36,71,MEDIUM,25,0.04553,23.35,36,32.0,,no refuelling in this series: the rule does not apply,,6,6,2.0,
f1,2023,mexico_city,NOR,6,11,31,71,SOFT,6,0.00751,23.35,36,,,no refuelling in this series: the rule does not apply,,20,25,,
f1,2023,miami,VER,40,45,41,57,HARD,40,0.01937,20.77,28,46.0,,no refuelling in this series: the rule does not apply,,4,17,1.0,
f1,2023,miami,PER,15,20,33,57,MEDIUM,15,0.02077,20.77,28,45.0,,no refuelling in this series: the rule does not apply,,13,8,25.0,
f1,2023,miami,ALO,19,24,28,57,MEDIUM,20,0.02077,20.77,28,44.0,,no refuelling in this series: the rule does not apply,,4,4,20.0,
f1,2023,miami,RUS,12,17,26,57,MEDIUM,12,0.02077,20.77,28,45.0,,no refuelling in this series: the rule does not apply,,9,11,28.0,
f1,2023,miami,SAI,13,18,26,57,MEDIUM,13,0.02077,20.77,28,45.0,,no refuelling in this series: the rule does not apply,,8,10,27.0,
f1,2023,monaco,ALO,49,54,50,78,HARD,50,0.01388,19.27,39,52.0,,no refuelling in this series: the rule does not apply,,4,15,2.0,
f1,2023,monaco,OCO,27,32,34,78,MEDIUM,27,0.01504,19.27,39,51.0,,no refuelling in this series: the rule does not apply,,2,7,19.0,
f1,2023,monaco,HAM,26,31,40,78,MEDIUM,26,0.01504,19.27,39,51.0,,no refuelling in this series: the rule does not apply,,9,8,20.0,
f1,2023,montreal,VER,7,12,67,70,MEDIUM,7,-0.00102,20.28,35,,,no refuelling in this series: the rule does not apply,,55,23,,
f1,2023,montreal,ALO,7,12,67,70,MEDIUM,7,-0.00102,20.28,35,,,no refuelling in this series: the rule does not apply,,55,23,,
f1,2023,montreal,HAM,7,12,67,70,MEDIUM,7,-0.00102,20.28,35,,,no refuelling in this series: the rule does not apply,,55,23,,
f1,2023,montreal,LEC,34,39,60,70,MEDIUM,34,-0.00102,20.28,35,,,no refuelling in this series: the rule does not apply,,21,4,,
f1,2023,montreal,SAI,33,38,66,70,MEDIUM,33,-0.00102,20.28,35,,,no refuelling in this series: the rule does not apply,,28,3,,
f1,2023,monza,VER,15,20,27,51,MEDIUM,15,0.03055,25.71,26,41.0,,no refuelling in this series: the rule does not apply,,7,6,21.0,
f1,2023,monza,PER,16,21,25,51,MEDIUM,16,0.03055,25.71,26,41.0,,no refuelling in this series: the rule does not apply,,4,5,20.0,
f1,2023,monza,SAI,14,19,23,51,MEDIUM,14,0.03055,25.71,26,41.0,,no refuelling in this series: the rule does not apply,,4,7,22.0,
f1,2023,monza,LEC,15,20,27,51,MEDIUM,15,0.03055,25.71,26,41.0,,no refuelling in this series: the rule does not apply,,7,6,21.0,
f1,2023,monza,RUS,14,19,23,51,MEDIUM,14,0.03055,25.71,26,41.0,,no refuelling in this series: the rule does not apply,,4,7,22.0,
f1,2023,silverstone,VER,28,33,30,52,MEDIUM,28,0.05234,32.79,26,35.0,,no refuelling in this series: the rule does not apply,,3,7,2.0,
f1,2023,silverstone,NOR,28,33,29,52,MEDIUM,28,0.05234,32.79,26,35.0,,no refuelling in this series: the rule does not apply,,4,7,2.0,
f1,2023,silverstone,HAM,28,33,30,52,MEDIUM,28,0.05234,32.79,26,35.0,,no refuelling in this series: the rule does not apply,,3,7,2.0,
f1,2023,silverstone,PIA,24,29,25,52,MEDIUM,24,0.05234,32.79,26,35.0,,no refuelling in this series: the rule does not apply,,4,3,6.0,
f1,2023,silverstone,RUS,23,28,26,52,SOFT,26,0.05462,32.79,26,32.0,,no refuelling in this series: the rule does not apply,,2,2,4.0,
f1,2023,singapore,SAI,15,20,44,62,MEDIUM,15,0.02784,27.33,31,44.0,,no refuelling in this series: the rule does not apply,,24,11,24.0,
f1,2023,singapore,NOR,15,20,44,62,MEDIUM,15,0.02784,27.33,31,44.0,,no refuelling in this series: the rule does not apply,,24,11,24.0,
f1,2023,singapore,HAM,15,20,44,62,MEDIUM,15,0.02784,27.33,31,44.0,,no refuelling in this series: the rule does not apply,,24,11,24.0,
f1,2023,singapore,LEC,15,20,59,62,SOFT,18,0.00013,27.33,31,,,no refuelling in this series: the rule does not apply,,39,11,,
f1,2023,singapore,VER,35,40,36,62,HARD,35,0.05464,27.33,31,35.0,,no refuelling in this series: the rule does not apply,,4,9,5.0,
f1,2023,spa,VER,9,14,19,44,SOFT,9,0.10369,19.39,22,19.0,,no refuelling in this series: the rule does not apply,,5,8,5.0,
f1,2023,spa,PER,8,13,21,44,SOFT,8,0.10369,19.39,22,19.0,,no refuelling in this series: the rule does not apply,,8,9,6.0,
f1,2023,spa,LEC,8,13,21,44,SOFT,8,0.10369,19.39,22,19.0,,no refuelling in this series: the rule does not apply,,8,9,6.0,
f1,2023,spa,HAM,7,12,20,44,SOFT,7,0.10369,19.39,22,19.0,,no refuelling in this series: the rule does not apply,,8,10,7.0,
f1,2023,spa,ALO,5,10,27,44,MEDIUM,5,0.17659,19.39,22,15.0,,no refuelling in this series: the rule does not apply,,17,12,5.0,
f1,2023,suzuka,VER,11,16,26,53,MEDIUM,11,0.11858,23.48,26,20.0,,no refuelling in this series: the rule does not apply,,10,10,4.0,
f1,2023,suzuka,NOR,12,17,29,53,MEDIUM,12,0.11858,23.48,26,20.0,,no refuelling in this series: the rule does not apply,,12,9,3.0,
f1,2023,suzuka,PIA,8,13,30,53,MEDIUM,8,0.11858,23.48,26,20.0,,no refuelling in this series: the rule does not apply,,17,13,7.0,
f1,2023,suzuka,LEC,12,17,26,53,MEDIUM,12,0.11858,23.48,26,20.0,,no refuelling in this series: the rule does not apply,,9,9,3.0,
f1,2023,suzuka,HAM,11,16,25,53,MEDIUM,11,0.11858,23.48,26,20.0,,no refuelling in this series: the rule does not apply,,9,10,4.0,
f1,2023,yas_marina,VER,11,16,25,58,MEDIUM,11,0.07703,23.34,29,25.0,,no refuelling in this series: the rule does not apply,,9,13,9.0,
f1,2023,yas_marina,PER,12,17,24,58,MEDIUM,12,0.07703,23.34,29,25.0,,no refuelling in this series: the rule does not apply,,7,12,8.0,
f1,2023,yas_marina,LEC,12,17,24,58,MEDIUM,12,0.07703,23.34,29,25.0,,no refuelling in this series: the rule does not apply,,7,12,8.0,
f1,2023,yas_marina,RUS,9,14,25,58,MEDIUM,9,0.07703,23.34,29,25.0,,no refuelling in this series: the rule does not apply,,11,15,11.0,
f1,2023,yas_marina,NOR,9,14,25,58,MEDIUM,9,0.07703,23.34,29,25.0,,no refuelling in this series: the rule does not apply,,11,15,11.0,
f1,2024,austin,LEC,21,26,31,56,MEDIUM,21,0.04355,21.64,28,32.0,,no refuelling in this series: the rule does not apply,,5,2,6.0,
f1,2024,austin,SAI,16,21,24,56,MEDIUM,16,0.04355,21.64,28,32.0,,no refuelling in this series: the rule does not apply,,3,7,11.0,
f1,2024,austin,NOR,26,31,32,56,MEDIUM,26,0.04355,21.64,28,32.0,,no refuelling in this series: the rule does not apply,,1,3,1.0,
f1,2024,austin,VER,20,25,31,56,MEDIUM,20,0.04355,21.64,28,32.0,,no refuelling in this series: the rule does not apply,,6,3,7.0,
f1,2024,austin,PIA,27,32,31,56,MEDIUM,27,0.04355,21.64,28,32.0,,no refuelling in this series: the rule does not apply,,1,4,0.0,
f1,2024,bahrain,VER,12,17,23,57,SOFT,15,0.11402,24.79,28,18.0,,no refuelling in this series: the rule does not apply,,6,11,1.0,
f1,2024,bahrain,PER,7,12,24,57,SOFT,10,0.11402,24.79,28,18.0,,no refuelling in this series: the rule does not apply,,12,16,6.0,
f1,2024,bahrain,SAI,9,14,24,57,SOFT,12,0.11402,24.79,28,18.0,,no refuelling in this series: the rule does not apply,,10,14,4.0,
f1,2024,bahrain,LEC,6,11,25,57,SOFT,9,0.11402,24.79,28,18.0,,no refuelling in this series: the rule does not apply,,14,17,7.0,
f1,2024,bahrain,RUS,6,11,25,57,SOFT,9,0.11402,24.79,28,18.0,,no refuelling in this series: the rule does not apply,,14,17,7.0,
f1,2024,baku,PIA,10,15,33,51,MEDIUM,10,0.01307,22.48,26,,,no refuelling in this series: the rule does not apply,,18,11,,
f1,2024,baku,LEC,11,16,31,51,MEDIUM,11,0.01307,22.48,26,,,no refuelling in this series: the rule does not apply,,15,10,,
f1,2024,baku,RUS,7,12,33,51,MEDIUM,7,0.01307,22.48,26,,,no refuelling in this series: the rule does not apply,,21,14,,
f1,2024,baku,NOR,32,37,33,51,HARD,32,0.02272,22.48,26,44.0,,no refuelling in this series: the rule does not apply,,4,11,7.0,
f1,2024,baku,VER,7,12,33,51,MEDIUM,7,0.01307,22.48,26,,,no refuelling in this series: the rule does not apply,,21,14,,
f1,2024,barcelona,VER,12,17,31,66,SOFT,15,0.08181,23.33,33,21.0,,no refuelling in this series: the rule does not apply,,14,16,4.0,
f1,2024,barcelona,NOR,18,23,33,66,SOFT,18,0.08181,23.33,33,24.0,,no refuelling in this series: the rule does not apply,,10,10,1.0,
f1,2024,barcelona,HAM,11,16,33,66,SOFT,14,0.08181,23.33,33,21.0,,no refuelling in this series: the rule does not apply,,17,17,5.0,
f1,2024,barcelona,RUS,10,15,31,66,SOFT,13,0.08181,23.33,33,21.0,,no refuelling in this series: the rule does not apply,,16,18,6.0,
f1,2024,barcelona,LEC,19,24,33,66,SOFT,19,0.08181,23.33,33,24.0,,no refuelling in this series: the rule does not apply,,9,9,0.0,
f1,2024,hungaroring,PIA,13,18,35,70,MEDIUM,13,0.05925,21.61,35,27.0,,no refuelling in this series: the rule does not apply,,17,17,9.0,
f1,2024,hungaroring,NOR,12,17,37,70,MEDIUM,12,0.05925,21.61,35,27.0,,no refuelling in this series: the rule does not apply,,20,18,10.0,
f1,2024,hungaroring,HAM,11,16,35,70,MEDIUM,11,0.05925,21.61,35,27.0,,no refuelling in this series: the rule does not apply,,19,19,11.0,
f1,2024,hungaroring,LEC,18,23,35,70,MEDIUM,18,0.05925,21.61,35,27.0,,no refuelling in this series: the rule does not apply,,12,12,4.0,
f1,2024,hungaroring,VER,16,21,35,70,MEDIUM,16,0.05925,21.61,35,27.0,,no refuelling in this series: the rule does not apply,,14,14,6.0,
f1,2024,imola,VER,19,24,46,63,MEDIUM,19,0.01399,29.3,32,,,no refuelling in this series: the rule does not apply,,22,8,,
f1,2024,imola,NOR,17,22,45,63,MEDIUM,17,0.01399,29.3,32,,,no refuelling in this series: the rule does not apply,,23,10,,
f1,2024,imola,LEC,20,25,49,63,MEDIUM,20,0.01399,29.3,32,,,no refuelling in this series: the rule does not apply,,24,7,,
f1,2024,imola,PIA,18,23,52,63,MEDIUM,18,0.01399,29.3,32,,,no refuelling in this series: the rule does not apply,,29,9,,
f1,2024,imola,SAI,22,27,54,63,MEDIUM,22,0.01399,29.3,32,,,no refuelling in this series: the rule does not apply,,27,5,,
f1,2024,las_vegas,RUS,7,12,21,50,MEDIUM,8,0.04434,23.59,25,32.0,,no refuelling in this series: the rule does not apply,,9,13,20.0,
f1,2024,las_vegas,HAM,8,13,24,50,MEDIUM,8,0.04434,23.59,25,33.0,,no refuelling in this series: the rule does not apply,,11,12,20.0,
f1,2024,las_vegas,SAI,5,10,23,50,MEDIUM,5,0.04434,23.59,25,33.0,,no refuelling in this series: the rule does not apply,,13,15,23.0,
f1,2024,las_vegas,LEC,4,9,27,50,MEDIUM,4,0.04434,23.59,25,33.0,,no refuelling in this series: the rule does not apply,,18,16,24.0,
f1,2024,las_vegas,VER,6,11,21,50,MEDIUM,6,0.04434,23.59,25,33.0,,no refuelling in this series: the rule does not apply,,10,14,22.0,
f1,2024,losail,VER,30,35,54,57,MEDIUM,30,0.03939,28.57,28,38.0,,no refuelling in this series: the rule does not apply,,19,7,3.0,
f1,2024,losail,LEC,30,35,54,57,MEDIUM,31,0.03939,28.57,28,37.0,,no refuelling in this series: the rule does not apply,,19,7,2.0,
f1,2024,losail,PIA,29,34,54,57,MEDIUM,29,0.03939,28.57,28,38.0,,no refuelling in this series: the rule does not apply,,20,6,4.0,
f1,2024,losail,RUS,18,23,54,57,MEDIUM,19,0.03939,28.57,28,37.0,,no refuelling in this series: the rule does not apply,,31,5,14.0,
f1,2024,losail,GAS,30,35,54,57,MEDIUM,30,0.03939,28.57,28,38.0,,no refuelling in this series: the rule does not apply,,19,7,3.0,
f1,2024,melbourne,SAI,11,16,12,58,MEDIUM,11,0.02377,20.91,29,42.0,,no refuelling in this series: the rule does not apply,,4,13,26.0,
f1,2024,melbourne,LEC,4,9,5,58,MEDIUM,4,0.02377,20.91,29,42.0,,no refuelling in this series: the rule does not apply,,4,20,33.0,
f1,2024,melbourne,NOR,9,14,10,58,MEDIUM,9,0.02377,20.91,29,42.0,,no refuelling in this series: the rule does not apply,,4,15,28.0,
f1,2024,melbourne,PIA,4,9,5,58,MEDIUM,4,0.02377,20.91,29,42.0,,no refuelling in this series: the rule does not apply,,4,20,33.0,
f1,2024,melbourne,PER,9,14,10,58,MEDIUM,9,0.02377,20.91,29,42.0,,no refuelling in this series: the rule does not apply,,4,15,28.0,
f1,2024,mexico_city,SAI,27,32,36,71,MEDIUM,27,0.04553,23.35,36,32.0,,no refuelling in this series: the rule does not apply,,4,4,0.0,
f1,2024,mexico_city,NOR,25,30,36,71,MEDIUM,25,0.04553,23.35,36,32.0,,no refuelling in this series: the rule does not apply,,6,6,2.0,
f1,2024,mexico_city,LEC,26,31,37,71,MEDIUM,26,0.04553,23.35,36,32.0,,no refuelling in this series: the rule does not apply,,6,5,1.0,
f1,2024,mexico_city,HAM,23,28,36,71,MEDIUM,23,0.04553,23.35,36,32.0,,no refuelling in this series: the rule does not apply,,8,8,4.0,
f1,2024,mexico_city,RUS,26,31,37,71,MEDIUM,26,0.04553,23.35,36,32.0,,no refuelling in this series: the rule does not apply,,6,5,1.0,
f1,2024,miami,NOR,24,29,30,57,MEDIUM,24,0.02077,20.77,28,45.0,,no refuelling in this series: the rule does not apply,,1,1,16.0,
f1,2024,miami,VER,18,23,27,57,MEDIUM,18,0.02077,20.77,28,45.0,,no refuelling in this series: the rule does not apply,,4,5,22.0,
f1,2024,miami,LEC,14,19,29,57,MEDIUM,14,0.02077,20.77,28,45.0,,no refuelling in this series: the rule does not apply,,10,9,26.0,
f1,2024,miami,SAI,22,27,27,57,MEDIUM,22,0.02077,20.77,28,45.0,,no refuelling in this series: the rule does not apply,,0,1,18.0,
f1,2024,miami,PER,12,17,26,57,MEDIUM,12,0.02077,20.77,28,45.0,,no refuelling in this series: the rule does not apply,,9,11,28.0,
f1,2024,monza,LEC,10,15,29,53,MEDIUM,10,0.03055,25.71,26,41.0,,no refuelling in this series: the rule does not apply,,14,11,26.0,
f1,2024,monza,PIA,11,16,29,53,MEDIUM,11,0.03055,25.71,26,41.0,,no refuelling in this series: the rule does not apply,,13,10,25.0,
f1,2024,monza,NOR,9,14,27,53,MEDIUM,9,0.03055,25.71,26,41.0,,no refuelling in this series: the rule does not apply,,13,12,27.0,
f1,2024,monza,SAI,14,19,28,53,MEDIUM,14,0.03055,25.71,26,41.0,,no refuelling in this series: the rule does not apply,,9,7,22.0,
f1,2024,monza,HAM,10,15,29,53,MEDIUM,10,0.03055,25.71,26,41.0,,no refuelling in this series: the rule does not apply,,14,11,26.0,
f1,2024,red_bull_ring,RUS,17,22,36,71,MEDIUM,17,0.05841,21.52,36,27.0,,no refuelling in this series: the rule does not apply,,14,14,5.0,
f1,2024,red_bull_ring,PIA,20,25,37,71,MEDIUM,20,0.05841,21.52,36,27.0,,no refuelling in this series: the rule does not apply,,12,11,2.0,
f1,2024,red_bull_ring,SAI,17,22,36,71,MEDIUM,17,0.05841,21.52,36,27.0,,no refuelling in this series: the rule does not apply,,14,14,5.0,
f1,2024,red_bull_ring,HAM,16,21,33,71,MEDIUM,16,0.05841,21.52,36,27.0,,no refuelling in this series: the rule does not apply,,12,15,6.0,
f1,2024,red_bull_ring,VER,18,23,35,71,MEDIUM,18,0.05841,21.52,36,27.0,,no refuelling in this series: the rule does not apply,,12,13,4.0,
f1,2024,shanghai,VER,8,13,17,56,MEDIUM,8,0.13503,24.52,28,19.0,,no refuelling in this series: the rule does not apply,,4,15,6.0,
f1,2024,shanghai,NOR,17,22,23,56,MEDIUM,17,0.13503,24.52,28,19.0,,no refuelling in this series: the rule does not apply,,1,6,3.0,
f1,2024,shanghai,PER,8,13,17,56,MEDIUM,8,0.13503,24.52,28,19.0,,no refuelling in this series: the rule does not apply,,4,15,6.0,
f1,2024,shanghai,LEC,16,21,27,56,MEDIUM,16,0.13503,24.52,28,19.0,,no refuelling in this series: the rule does not apply,,6,7,2.0,
f1,2024,shanghai,SAI,12,17,25,56,MEDIUM,12,0.13503,24.52,28,19.0,,no refuelling in this series: the rule does not apply,,8,11,2.0,
f1,2024,singapore,NOR,25,30,40,62,MEDIUM,25,0.02784,27.33,31,44.0,,no refuelling in this series: the rule does not apply,,10,1,14.0,
f1,2024,singapore,VER,24,29,38,62,MEDIUM,24,0.02784,27.33,31,44.0,,no refuelling in this series: the rule does not apply,,9,2,15.0,
f1,2024,singapore,PIA,33,38,42,62,MEDIUM,33,0.02784,27.33,31,44.0,,no refuelling in this series: the rule does not apply,,4,7,6.0,
f1,2024,singapore,RUS,22,27,39,62,MEDIUM,22,0.02784,27.33,31,44.0,,no refuelling in this series: the rule does not apply,,12,4,17.0,
f1,2024,singapore,LEC,31,36,43,62,MEDIUM,31,0.02784,27.33,31,44.0,,no refuelling in this series: the rule does not apply,,7,5,8.0,
f1,2024,spa,RUS,5,10,9,44,MEDIUM,5,0.17659,19.39,22,15.0,,no refuelling in this series: the rule does not apply,,1,12,5.0,
f1,2024,spa,HAM,6,11,30,44,MEDIUM,6,0.17659,19.39,22,15.0,,no refuelling in this series: the rule does not apply,,19,11,4.0,
f1,2024,spa,PIA,6,11,30,44,MEDIUM,6,0.17659,19.39,22,15.0,,no refuelling in this series: the rule does not apply,,19,11,4.0,
f1,2024,spa,LEC,7,12,23,44,MEDIUM,7,0.17659,19.39,22,15.0,,no refuelling in this series: the rule does not apply,,11,10,3.0,
f1,2024,spa,VER,5,10,9,44,MEDIUM,5,0.17659,19.39,22,15.0,,no refuelling in this series: the rule does not apply,,1,12,5.0,
f1,2024,yas_marina,NOR,21,26,25,58,MEDIUM,21,0.07703,23.34,29,25.0,,no refuelling in this series: the rule does not apply,,1,3,1.0,
f1,2024,yas_marina,SAI,20,25,25,58,MEDIUM,20,0.07703,23.34,29,25.0,,no refuelling in this series: the rule does not apply,,0,4,0.0,
f1,2024,yas_marina,LEC,15,20,25,58,MEDIUM,15,0.07703,23.34,29,25.0,,no refuelling in this series: the rule does not apply,,5,9,5.0,
f1,2024,yas_marina,HAM,29,34,34,58,HARD,29,0.0567,23.34,29,29.0,,no refuelling in this series: the rule does not apply,,0,5,5.0,
f1,2024,yas_marina,RUS,21,26,24,58,MEDIUM,22,0.07703,23.34,29,24.0,,no refuelling in this series: the rule does not apply,,2,3,2.0,
f1,2024,zandvoort,NOR,23,28,37,72,MEDIUM,23,0.04485,24.0,36,33.0,,no refuelling in this series: the rule does not apply,,9,8,5.0,
f1,2024,zandvoort,VER,22,27,32,72,MEDIUM,22,0.04485,24.0,36,33.0,,no refuelling in this series: the rule does not apply,,5,9,6.0,
f1,2024,zandvoort,LEC,19,24,29,72,MEDIUM,19,0.04485,24.0,36,33.0,,no refuelling in this series: the rule does not apply,,5,12,9.0,
f1,2024,zandvoort,PIA,28,33,34,72,MEDIUM,28,0.04485,24.0,36,33.0,,no refuelling in this series: the rule does not apply,,1,3,0.0,
f1,2024,zandvoort,SAI,25,30,28,72,MEDIUM,25,0.04485,24.0,36,33.0,,no refuelling in this series: the rule does not apply,,2,6,3.0,
f1,2025,austin,VER,28,33,34,56,MEDIUM,28,0.04355,21.64,28,32.0,,no refuelling in this series: the rule does not apply,,1,5,1.0,
f1,2025,austin,NOR,27,32,33,56,MEDIUM,27,0.04355,21.64,28,32.0,,no refuelling in this series: the rule does not apply,,1,4,0.0,
f1,2025,austin,LEC,17,22,20,56,SOFT,20,0.06031,21.64,28,24.0,,no refuelling in this series: the rule does not apply,,2,6,2.0,
f1,2025,austin,HAM,26,31,33,56,MEDIUM,26,0.04355,21.64,28,32.0,,no refuelling in this series: the rule does not apply,,2,3,1.0,
f1,2025,austin,PIA,25,30,33,56,MEDIUM,25,0.04355,21.64,28,32.0,,no refuelling in this series: the rule does not apply,,3,2,2.0,
f1,2025,bahrain,PIA,9,14,23,57,SOFT,12,0.11402,24.79,28,18.0,,no refuelling in this series: the rule does not apply,,9,14,4.0,
f1,2025,bahrain,RUS,8,13,23,57,SOFT,11,0.11402,24.79,28,18.0,,no refuelling in this series: the rule does not apply,,10,15,5.0,
f1,2025,bahrain,NOR,5,10,24,57,SOFT,8,0.11402,24.79,28,18.0,,no refuelling in this series: the rule does not apply,,14,18,8.0,
f1,2025,bahrain,LEC,12,17,28,57,MEDIUM,12,0.14101,24.79,28,19.0,,no refuelling in this series: the rule does not apply,,11,11,2.0,
f1,2025,bahrain,HAM,12,17,28,57,MEDIUM,12,0.14101,24.79,28,19.0,,no refuelling in this series: the rule does not apply,,11,11,2.0,
f1,2025,baku,VER,35,40,36,51,HARD,35,0.02272,22.48,26,44.0,,no refuelling in this series: the rule does not apply,,4,14,4.0,
f1,2025,baku,RUS,34,39,35,51,HARD,34,0.02272,22.48,26,44.0,,no refuelling in this series: the rule does not apply,,4,13,5.0,
f1,2025,baku,SAI,22,27,32,51,MEDIUM,27,0.01307,22.48,26,,,no refuelling in this series: the rule does not apply,,5,1,,
f1,2025,baku,ANT,13,18,26,51,MEDIUM,18,0.01307,22.48,26,,,no refuelling in this series: the rule does not apply,,8,8,,
f1,2025,baku,LAW,15,20,36,51,MEDIUM,21,0.01307,22.48,26,,,no refuelling in this series: the rule does not apply,,16,6,,
f1,2025,barcelona,PIA,17,22,33,66,SOFT,17,0.08181,23.33,33,24.0,,no refuelling in this series: the rule does not apply,,11,11,2.0,
f1,2025,barcelona,NOR,16,21,34,66,SOFT,16,0.08181,23.33,33,24.0,,no refuelling in this series: the rule does not apply,,13,12,3.0,
f1,2025,barcelona,LEC,12,17,33,66,SOFT,13,0.08181,23.33,33,23.0,,no refuelling in this series: the rule does not apply,,16,16,6.0,
f1,2025,barcelona,RUS,15,20,32,66,SOFT,18,0.08181,23.33,33,21.0,,no refuelling in this series: the rule does not apply,,12,13,1.0,
f1,2025,barcelona,VER,8,13,32,66,SOFT,11,0.08181,23.33,33,21.0,,no refuelling in this series: the rule does not apply,,19,20,8.0,
f1,2025,hungaroring,NOR,26,31,36,70,MEDIUM,26,0.05925,21.61,35,27.0,,no refuelling in this series: the rule does not apply,,5,4,4.0,
f1,2025,hungaroring,PIA,13,18,35,70,MEDIUM,13,0.05925,21.61,35,27.0,,no refuelling in this series: the rule does not apply,,17,17,9.0,
f1,2025,hungaroring,RUS,14,19,36,70,MEDIUM,14,0.05925,21.61,35,27.0,,no refuelling in this series: the rule does not apply,,17,16,8.0,
f1,2025,hungaroring,LEC,14,19,36,70,MEDIUM,14,0.05925,21.61,35,27.0,,no refuelling in this series: the rule does not apply,,17,16,8.0,
f1,2025,hungaroring,ALO,34,39,35,70,MEDIUM,35,0.05925,21.61,35,34.0,,no refuelling in this series: the rule does not apply,,4,4,5.0,
f1,2025,imola,VER,24,29,47,63,MEDIUM,24,0.01399,29.3,32,,,no refuelling in this series: the rule does not apply,,18,3,,
f1,2025,imola,NOR,23,28,50,63,MEDIUM,23,0.01399,29.3,32,,,no refuelling in this series: the rule does not apply,,22,4,,
f1,2025,imola,PIA,8,13,49,63,MEDIUM,8,0.01399,29.3,32,,,no refuelling in this series: the rule does not apply,,36,19,,
f1,2025,imola,HAM,24,29,26,63,HARD,24,0.0423,29.3,32,37.0,,no refuelling in this series: the rule does not apply,,3,3,8.0,
f1,2025,imola,ALB,24,29,47,63,MEDIUM,24,0.01399,29.3,32,,,no refuelling in this series: the rule does not apply,,18,3,,
f1,2025,interlagos,NOR,25,30,32,71,MEDIUM,25,0.05869,22.34,36,28.0,,no refuelling in this series: the rule does not apply,,2,6,2.0,
f1,2025,interlagos,ANT,16,21,40,71,SOFT,19,0.04453,22.34,36,29.0,,no refuelling in this series: the rule does not apply,,19,15,8.0,
f1,2025,interlagos,RUS,29,34,34,71,MEDIUM,33,0.05869,22.34,36,29.0,,no refuelling in this series: the rule does not apply,,0,2,5.0,
f1,2025,interlagos,PIA,33,38,35,71,MEDIUM,33,0.05869,22.34,36,33.0,,no refuelling in this series: the rule does not apply,,3,2,5.0,
f1,2025,jeddah,PIA,14,19,24,50,MEDIUM,14,0.01247,21.74,25,,,no refuelling in this series: the rule does not apply,,5,6,,
f1,2025,jeddah,VER,16,21,25,50,MEDIUM,16,0.01247,21.74,25,,,no refuelling in this series: the rule does not apply,,4,4,,
f1,2025,jeddah,LEC,24,29,29,50,MEDIUM,24,0.01247,21.74,25,,,no refuelling in this series: the rule does not apply,,0,4,,
f1,2025,jeddah,NOR,29,34,34,50,HARD,29,0.00905,21.74,25,,,no refuelling in this series: the rule does not apply,,0,9,,
f1,2025,jeddah,RUS,15,20,24,50,MEDIUM,15,0.01247,21.74,25,,,no refuelling in this series: the rule does not apply,,4,5,,
f1,2025,las_vegas,VER,20,25,25,50,MEDIUM,20,0.04434,23.59,25,33.0,,no refuelling in this series: the rule does not apply,,0,0,8.0,
f1,2025,las_vegas,NOR,17,22,21,50,MEDIUM,17,0.04434,23.59,25,33.0,,no refuelling in this series: the rule does not apply,,1,3,11.0,
f1,2025,las_vegas,RUS,12,17,23,50,MEDIUM,12,0.04434,23.59,25,33.0,,no refuelling in this series: the rule does not apply,,6,8,16.0,
f1,2025,las_vegas,PIA,16,21,22,50,MEDIUM,16,0.04434,23.59,25,33.0,,no refuelling in this series: the rule does not apply,,1,4,12.0,
f1,2025,losail,PIA,19,24,54,57,MEDIUM,19,0.03939,28.57,28,38.0,,no refuelling in this series: the rule does not apply,,30,4,14.0,
f1,2025,losail,NOR,20,25,54,57,MEDIUM,20,0.03939,28.57,28,38.0,,no refuelling in this series: the rule does not apply,,29,3,13.0,
f1,2025,mexico_city,NOR,29,34,34,71,SOFT,29,0.00751,23.35,36,,,no refuelling in this series: the rule does not apply,,0,2,,
f1,2025,mexico_city,LEC,26,31,33,71,SOFT,26,0.00751,23.35,36,,,no refuelling in this series: the rule does not apply,,2,5,,
f1,2025,mexico_city,VER,32,37,36,71,MEDIUM,32,0.04553,23.35,36,32.0,,no refuelling in this series: the rule does not apply,,1,1,5.0,
f1,2025,mexico_city,BEA,19,24,34,71,SOFT,22,0.00751,23.35,36,,,no refuelling in this series: the rule does not apply,,10,12,,
f1,2025,mexico_city,PIA,19,24,34,71,SOFT,22,0.00751,23.35,36,,,no refuelling in this series: the rule does not apply,,10,12,,
f1,2025,monaco,NOR,14,19,39,78,MEDIUM,14,0.01504,19.27,39,51.0,,no refuelling in this series: the rule does not apply,,20,20,32.0,
f1,2025,monaco,LEC,17,22,38,78,MEDIUM,17,0.01504,19.27,39,51.0,,no refuelling in this series: the rule does not apply,,16,17,29.0,
f1,2025,monaco,PIA,15,20,36,78,MEDIUM,15,0.01504,19.27,39,51.0,,no refuelling in this series: the rule does not apply,,16,19,31.0,
f1,2025,monaco,VER,23,28,37,78,HARD,23,0.01388,19.27,39,53.0,,no refuelling in this series: the rule does not apply,,9,11,25.0,
f1,2025,monaco,HAM,13,18,42,78,HARD,13,0.01388,19.27,39,53.0,,no refuelling in this series: the rule does not apply,,24,21,35.0,
f1,2025,montreal,RUS,8,13,67,70,MEDIUM,11,-0.00102,20.28,35,,,no refuelling in this series: the rule does not apply,,54,22,,
f1,2025,montreal,VER,7,12,65,70,MEDIUM,10,-0.00102,20.28,35,,,no refuelling in this series: the rule does not apply,,53,23,,
f1,2025,montreal,ANT,9,14,65,70,MEDIUM,15,-0.00102,20.28,35,,,no refuelling in this series: the rule does not apply,,51,21,,
f1,2025,montreal,PIA,11,16,67,70,MEDIUM,11,-0.00102,20.28,35,,,no refuelling in this series: the rule does not apply,,51,19,,
f1,2025,montreal,LEC,23,28,33,70,HARD,23,0.01875,20.28,35,47.0,,no refuelling in this series: the rule does not apply,,5,7,19.0,
f1,2025,monza,VER,32,37,33,53,MEDIUM,32,0.03055,25.71,26,41.0,,no refuelling in this series: the rule does not apply,,4,11,4.0,
f1,2025,monza,NOR,41,46,42,53,MEDIUM,41,0.03055,25.71,26,41.0,,no refuelling in this series: the rule does not apply,,4,20,5.0,
f1,2025,monza,PIA,40,45,41,53,MEDIUM,40,0.03055,25.71,26,41.0,,no refuelling in this series: the rule does not apply,,4,19,4.0,
f1,2025,monza,LEC,28,33,30,53,MEDIUM,28,0.03055,25.71,26,41.0,,no refuelling in this series: the rule does not apply,,3,7,8.0,
f1,2025,monza,RUS,22,27,29,53,MEDIUM,22,0.03055,25.71,26,41.0,,no refuelling in this series: the rule does not apply,,2,1,14.0,
f1,2025,red_bull_ring,NOR,15,20,32,70,MEDIUM,15,0.05841,21.52,35,27.0,,no refuelling in this series: the rule does not apply,,12,15,7.0,
f1,2025,red_bull_ring,PIA,19,24,36,70,MEDIUM,19,0.05841,21.52,35,27.0,,no refuelling in this series: the rule does not apply,,12,11,3.0,
f1,2025,red_bull_ring,LEC,20,25,36,70,MEDIUM,20,0.05841,21.52,35,27.0,,no refuelling in this series: the rule does not apply,,11,10,2.0,
f1,2025,red_bull_ring,HAM,21,26,34,70,MEDIUM,21,0.05841,21.52,35,27.0,,no refuelling in this series: the rule does not apply,,8,9,1.0,
f1,2025,red_bull_ring,RUS,13,18,33,70,MEDIUM,13,0.05841,21.52,35,27.0,,no refuelling in this series: the rule does not apply,,15,17,9.0,
f1,2025,shanghai,PIA,9,14,22,56,MEDIUM,9,0.13503,24.52,28,19.0,,no refuelling in this series: the rule does not apply,,8,14,5.0,
f1,2025,shanghai,NOR,10,15,20,56,MEDIUM,10,0.13503,24.52,28,19.0,,no refuelling in this series: the rule does not apply,,5,13,4.0,
f1,2025,shanghai,RUS,9,14,22,56,MEDIUM,9,0.13503,24.52,28,19.0,,no refuelling in this series: the rule does not apply,,8,14,5.0,
f1,2025,shanghai,VER,8,13,17,56,MEDIUM,8,0.13503,24.52,28,19.0,,no refuelling in this series: the rule does not apply,,4,15,6.0,
f1,2025,shanghai,LEC,10,15,20,56,MEDIUM,10,0.13503,24.52,28,19.0,,no refuelling in this series: the rule does not apply,,5,13,4.0,
f1,2025,singapore,RUS,20,25,40,62,MEDIUM,20,0.02784,27.33,31,44.0,,no refuelling in this series: the rule does not apply,,15,6,19.0,
f1,2025,singapore,VER,14,19,59,62,SOFT,17,0.00013,27.33,31,,,no refuelling in this series: the rule does not apply,,40,12,,
f1,2025,singapore,NOR,21,26,40,62,MEDIUM,21,0.02784,27.33,31,44.0,,no refuelling in this series: the rule does not apply,,14,5,18.0,
f1,2025,singapore,PIA,22,27,39,62,MEDIUM,22,0.02784,27.33,31,44.0,,no refuelling in this series: the rule does not apply,,12,4,17.0,
f1,2025,singapore,ANT,20,25,40,62,MEDIUM,20,0.02784,27.33,31,44.0,,no refuelling in this series: the rule does not apply,,15,6,19.0,
f1,2025,suzuka,VER,16,21,28,53,MEDIUM,16,0.11858,23.48,26,20.0,,no refuelling in this series: the rule does not apply,,7,5,1.0,
f1,2025,suzuka,NOR,16,21,28,53,MEDIUM,16,0.11858,23.48,26,20.0,,no refuelling in this series: the rule does not apply,,7,5,1.0,
f1,2025,suzuka,PIA,15,20,27,53,MEDIUM,15,0.11858,23.48,26,20.0,,no refuelling in this series: the rule does not apply,,7,6,0.0,
f1,2025,suzuka,LEC,16,21,28,53,MEDIUM,16,0.11858,23.48,26,20.0,,no refuelling in this series: the rule does not apply,,7,5,1.0,
f1,2025,suzuka,RUS,14,19,30,53,MEDIUM,14,0.11858,23.48,26,20.0,,no refuelling in this series: the rule does not apply,,11,7,1.0,
f1,2025,yas_marina,VER,18,23,24,58,MEDIUM,18,0.07703,23.34,29,25.0,,no refuelling in this series: the rule does not apply,,1,6,2.0,
f1,2025,yas_marina,PIA,36,41,37,58,HARD,36,0.0567,23.34,29,36.0,,no refuelling in this series: the rule does not apply,,4,12,5.0,
f1,2025,yas_marina,NOR,11,16,25,58,MEDIUM,11,0.07703,23.34,29,25.0,,no refuelling in this series: the rule does not apply,,9,13,9.0,
f1,2025,yas_marina,LEC,11,16,25,58,MEDIUM,11,0.07703,23.34,29,25.0,,no refuelling in this series: the rule does not apply,,9,13,9.0,
f1,2025,yas_marina,RUS,9,14,25,58,MEDIUM,9,0.07703,23.34,29,25.0,,no refuelling in this series: the rule does not apply,,11,15,11.0,
f1,2025,zandvoort,PIA,18,23,34,72,MEDIUM,18,0.04485,24.0,36,33.0,,no refuelling in this series: the rule does not apply,,11,13,10.0,
f1,2025,zandvoort,VER,18,23,44,72,SOFT,18,0.02898,24.0,36,41.0,,no refuelling in this series: the rule does not apply,,21,13,18.0,
f1,2025,zandvoort,HAD,18,23,34,72,MEDIUM,18,0.04485,24.0,36,33.0,,no refuelling in this series: the rule does not apply,,11,13,10.0,
f1,2025,zandvoort,RUS,18,23,34,72,MEDIUM,18,0.04485,24.0,36,33.0,,no refuelling in this series: the rule does not apply,,11,13,10.0,
f1,2025,zandvoort,ALB,18,23,34,72,MEDIUM,18,0.04485,24.0,36,33.0,,no refuelling in this series: the rule does not apply,,11,13,10.0,
