season,circuit,driver,real_pit_lap,single_car_lap,role,leader,gap_to_leader_s,compound,tyre_age,theta,theta_resolved,stint_start_lap,pit_loss_s,within_pit_loss,single_car_error,epsilon,d1_expiry_lap,euu_lap,implied_theta,theta_ratio,euu_error
2022,austin,VER,13,31,race leader,,,,,,,,,False,18,,,,,,
2022,austin,HAM,12,28,chaser,VER,5.179,MEDIUM,12.0,0.0435545974013401,True,0.0,21.638000000000005,True,16,0.0,118.90822804025395,119.0,0.4315833333333334,9.909019003354496,107.0
2022,austin,LEC,18,30,race leader,,,,,,,,,False,12,,,,,,
2022,austin,PER,14,30,race leader,,,,,,,,,False,16,,,,,,
2022,austin,RUS,13,31,chaser,VER,12.54,MEDIUM,13.0,0.0435545974013401,True,0.0,21.638000000000005,True,18,0.0,287.9144969346948,288.0,0.9646153846153845,22.14726899497652,275.0
2022,bahrain,LEC,15,28,race leader,,,,,,,,,False,13,,,,,,
2022,bahrain,SAI,14,28,chaser,PER,0.324,SOFT,17.0,0.1140248091248281,True,-3.0,24.787499999999994,True,14,0.0,2.8414868876939106,0.0,0.019058823529411767,0.16714628751140653,-14.0
2022,bahrain,HAM,11,25,chaser,PER,3.975,SOFT,13.0,0.1140248091248281,True,-2.0,24.787499999999994,True,14,0.0,34.86083450180029,33.0,0.3057692307692308,2.681602653984638,22.0
2022,bahrain,RUS,15,23,chaser,PER,6.221,SOFT,18.0,0.1140248091248281,True,-3.0,24.787499999999994,True,8,0.0,54.558302247974744,52.0,0.3456111111111111,3.031016791554152,37.0
2022,bahrain,MAG,14,29,chaser,RUS,11.848,SOFT,14.0,0.1140248091248281,True,0.0,24.787499999999994,True,15,0.0,103.90721186851066,104.0,0.8462857142857143,7.421943704893619,90.0
2022,baku,VER,18,30,race leader,,,,,,,,,False,12,,,,,,
2022,baku,PER,16,31,chaser,VER,8.078,MEDIUM,16.0,0.0130656644639173,True,0.0,22.48299999999999,True,15,0.0,618.2617058863367,619.0,0.504875,38.641356617896044,603.0
2022,baku,RUS,9,31,chaser,LEC,16.348,MEDIUM,9.0,0.0130656644639173,True,0.0,22.48299999999999,True,22,0.0,1251.2184164186474,1252.0,1.8164444444444443,139.02426849096082,1243.0
2022,baku,HAM,9,31,chaser,GAS,4.852,MEDIUM,9.0,0.0130656644639173,True,0.0,22.48299999999999,True,22,0.0,371.3550132409639,372.0,0.5391111111111111,41.261668137884875,363.0
2022,baku,GAS,9,31,chaser,RUS,6.606,MEDIUM,9.0,0.0130656644639173,True,0.0,22.48299999999999,True,22,0.0,505.6000036005374,506.0,0.734,56.17777817783748,497.0
2022,barcelona,VER,13,32,chaser,RUS,1.116,SOFT,16.0,0.081805860757993,True,-3.0,23.328000000000003,True,19,0.0,13.642054367002785,11.0,0.06975,0.8526283979376741,-2.0
2022,barcelona,PER,17,31,chaser,LEC,20.484,SOFT,20.0,0.081805860757993,True,-3.0,23.328000000000003,True,14,0.0,250.3977075749866,248.0,1.0242,12.51988537874933,231.0
2022,barcelona,RUS,13,32,chaser,PER,0.356,SOFT,16.0,0.081805860757993,True,-3.0,23.328000000000003,True,19,0.0,4.351766446821676,2.0,0.02225,0.27198540292635476,-11.0
2022,barcelona,SAI,10,31,chaser,TSU,4.445,SOFT,13.0,0.081805860757993,True,-3.0,23.328000000000003,True,21,0.0,54.33596027000661,52.0,0.34192307692307694,4.17968925153897,42.0
2022,hungaroring,VER,16,26,chaser,HAM,3.473,SOFT,17.0,0.0907493248652535,True,-1.0,21.606999999999985,True,10,0.0,38.270257163420034,38.0,0.20429411764705882,2.2511915978482375,22.0
2022,hungaroring,HAM,19,35,chaser,LEC,14.181,MEDIUM,19.0,0.0592511679544252,True,0.0,21.606999999999985,True,16,0.0,239.33705426545748,240.0,0.7463684210526316,12.596687066603026,221.0
2022,hungaroring,RUS,16,25,chaser,LEC,0.748,SOFT,19.0,0.0907493248652535,True,-3.0,21.606999999999985,True,9,0.0,8.24248556240662,6.0,0.03936842105263158,0.4338150296003484,-10.0
2022,hungaroring,SAI,17,35,chaser,LEC,1.972,MEDIUM,17.0,0.0592511679544252,True,0.0,21.606999999999985,True,18,0.0,33.28204435593274,34.0,0.11599999999999999,1.957767315054867,17.0
2022,hungaroring,PER,18,27,chaser,HAM,8.369,SOFT,18.0,0.0907493248652535,True,0.0,21.606999999999985,True,9,0.0,92.22107175371791,93.0,0.46494444444444444,5.123392875206551,75.0
2022,interlagos,RUS,24,40,race leader,,,,,,,,,False,16,,,,,,
2022,interlagos,HAM,29,42,race leader,,,,,,,,,False,13,,,,,,
2022,interlagos,SAI,17,29,chaser,HAM,0.861,MEDIUM,17.0,0.058694929276275,True,0.0,22.338499999999996,True,12,0.0,14.669069553645814,15.0,0.05064705882352941,0.8628864443321067,-2.0
2022,interlagos,ALO,14,35,chaser,ZHO,2.822,MEDIUM,14.0,0.058694929276275,True,0.0,22.338499999999996,True,21,0.0,48.07911066247211,49.0,0.20157142857142857,3.4342221901765795,35.0
2022,jeddah,VER,16,28,chaser,LEC,3.409,MEDIUM,16.0,0.0124748997380663,True,0.0,21.737000000000023,True,12,0.0,273.26872933476733,274.0,0.2130625,17.079295583422958,258.0
2022,jeddah,LEC,16,28,race leader,,,,,,,,,False,12,,,,,,
2022,jeddah,SAI,16,28,chaser,VER,5.534,MEDIUM,16.0,0.0124748997380663,True,0.0,21.737000000000023,True,12,0.0,443.61077974144985,444.0,0.345875,27.725673733840615,428.0
2022,jeddah,PER,15,22,chaser,LEC,1.106,MEDIUM,15.0,0.0124748997380663,True,0.0,21.737000000000023,True,7,0.0,88.65802717637217,89.0,0.07373333333333335,5.910535145091479,74.0
2022,jeddah,RUS,16,28,chaser,PER,0.531,MEDIUM,16.0,0.0124748997380663,True,0.0,21.737000000000023,True,12,0.0,42.565472360446314,43.0,0.0331875,2.6603420225278946,27.0
2022,melbourne,LEC,22,18,race leader,,,,,,,,,False,-4,,,,,,
2022,melbourne,PER,20,16,chaser,VER,3.306,MEDIUM,20.0,0.0237735003158315,True,0.0,20.908999999999992,True,-4,0.0,139.06239956589118,140.0,0.1653,6.953119978294559,120.0
2022,melbourne,RUS,23,19,chaser,VER,6.615,MEDIUM,23.0,0.0237735003158315,True,0.0,20.908999999999992,True,-4,0.0,278.25099005697825,279.0,0.2876086956521739,12.097869132912097,256.0
2022,melbourne,HAM,22,18,chaser,VER,6.854,MEDIUM,22.0,0.0237735003158315,True,0.0,20.908999999999992,True,-4,0.0,288.30420043091897,289.0,0.31154545454545457,13.10473638322359,267.0
2022,melbourne,NOR,20,16,chaser,BOT,3.763,MEDIUM,20.0,0.0237735003158315,True,0.0,20.908999999999992,True,-4,0.0,158.28548383740124,159.0,0.18814999999999998,7.914274191870061,139.0
2022,mexico_city,VER,25,30,chaser,HAM,1.52,SOFT,28.0,0.0075109645602706,False,-3.0,23.349500000000006,True,5,0.0,202.3708124040514,200.0,0.054285714285714284,7.227529014430407,175.0
2022,mexico_city,HAM,29,34,race leader,,,,,,,,,False,5,,,,,,
2022,mexico_city,PER,23,28,chaser,RUS,1.826,SOFT,26.0,0.0075109645602706,False,-3.0,23.349500000000006,True,5,0.0,243.11125226960385,241.0,0.07023076923076924,9.35043277960015,218.0
2022,mexico_city,RUS,34,35,race leader,,,,,,,,,False,1,,,,,,
2022,mexico_city,SAI,29,32,chaser,PER,2.62,SOFT,32.0,0.0075109645602706,False,-3.0,23.349500000000006,True,3,0.0,348.8233740122465,346.0,0.081875,10.900730437882704,317.0
2022,miami,VER,26,28,race leader,,,,,,,,,False,2,,,,,,
2022,miami,LEC,24,29,chaser,SAI,0.133,MEDIUM,24.0,0.0207700674577235,True,0.0,20.774500000000003,True,5,0.0,6.4034457408824155,7.0,0.005541666666666667,0.26681023920343394,-17.0
2022,miami,SAI,27,27,race leader,,,,,,,,,False,0,,,,,,
2022,miami,PER,27,27,chaser,LEC,0.014,MEDIUM,27.0,0.0207700674577235,True,0.0,20.774500000000003,True,0,0.0,0.6740469200928858,1.0,0.0005185185185185185,0.024964700744180956,-26.0
2022,miami,RUS,40,36,chaser,HAM,1.189,HARD,40.0,0.0193661384800805,True,0.0,20.774500000000003,True,-4,0.0,61.395822467291254,62.0,0.029725,1.5348955616822813,22.0
2022,montreal,VER,9,67,chaser,ALO,6.318,MEDIUM,9.0,-0.0010153475254632,False,0.0,20.279499999999985,True,58,0.0,,,0.702,-691.3888913845026,
2022,montreal,SAI,20,67,chaser,ALO,0.377,MEDIUM,20.0,-0.0010153475254632,False,0.0,20.279499999999985,True,47,0.0,,,0.01885,-18.565072083472757,
2022,montreal,HAM,9,67,chaser,OCO,1.736,MEDIUM,9.0,-0.0010153475254632,False,0.0,20.279499999999985,True,58,0.0,,,0.1928888888888889,-189.97326930096497,
2022,montreal,RUS,19,67,chaser,HAM,14.653,MEDIUM,19.0,-0.0010153475254632,False,0.0,20.279499999999985,True,48,0.0,,,0.7712105263157895,-759.5532632671403,
2022,montreal,LEC,41,37,chaser,STR,0.539,HARD,41.0,0.0187493344261966,True,0.0,20.279499999999985,True,-4,0.0,28.747687131064687,29.0,0.013146341463414635,0.7011631007576753,-12.0
2022,monza,VER,25,42,race leader,,,,,,,,,False,17,,,,,,
2022,monza,LEC,12,41,chaser,VER,0.439,SOFT,12.0,0.0064675235486086,False,0.0,25.713000000000022,True,29,0.0,67.87760364543936,68.0,0.036583333333333336,5.65646697045328,56.0
2022,monza,RUS,23,40,chaser,LEC,1.044,SOFT,23.0,0.0064675235486086,False,0.0,25.713000000000022,True,17,0.0,161.42190935270773,162.0,0.04539130434782609,7.018343884900336,139.0
2022,monza,SAI,30,26,chaser,RUS,2.513,MEDIUM,30.0,0.0305528385184512,True,0.0,25.713000000000022,True,-4,0.0,82.25095021800908,83.0,0.08376666666666667,2.7416983406003026,53.0
2022,monza,HAM,33,29,chaser,PER,0.222,MEDIUM,33.0,0.0305528385184512,True,0.0,25.713000000000022,True,-4,0.0,7.266100655948275,8.0,0.006727272727272728,0.22018486836206896,-25.0
2022,red_bull_ring,LEC,26,37,race leader,,,,,,,,,False,11,,,,,,
2022,red_bull_ring,VER,13,39,chaser,SAI,1.704,MEDIUM,13.0,0.0584051199542727,True,0.0,21.5175,True,26,0.0,29.175524360434803,30.0,0.13107692307692306,2.244271104648831,17.0
2022,red_bull_ring,HAM,28,35,chaser,SAI,1.817,MEDIUM,28.0,0.0584051199542727,True,0.0,21.5175,True,7,0.0,31.110286245839223,32.0,0.06489285714285714,1.1110816516371151,4.0
2022,red_bull_ring,RUS,11,39,chaser,HAM,0.542,MEDIUM,11.0,0.0584051199542727,True,0.0,21.5175,True,28,0.0,9.28000833530262,10.0,0.049272727272727274,0.8436371213911472,-1.0
2022,red_bull_ring,OCO,16,35,chaser,VER,1.266,MEDIUM,16.0,0.0584051199542727,True,0.0,21.5175,True,19,0.0,21.676181831168112,22.0,0.079125,1.354761364448007,6.0
2022,ricard,VER,16,12,chaser,RUS,6.72,MEDIUM,16.0,0.0497486424155937,True,0.0,29.164,True,-4,0.0,135.0790629392857,136.0,0.42,8.442441433705357,120.0
2022,ricard,HAM,18,14,race leader,,,,,,,,,False,-4,,,,,,
2022,ricard,RUS,18,14,chaser,PER,1.124,MEDIUM,18.0,0.0497486424155937,True,0.0,29.164,True,-4,0.0,22.593581360678147,23.0,0.06244444444444445,1.2551989644821193,5.0
2022,ricard,PER,18,14,chaser,VER,1.019,MEDIUM,18.0,0.0497486424155937,True,0.0,29.164,True,-4,0.0,20.482971002251805,21.0,0.056611111111111105,1.1379428334584336,3.0
2022,ricard,SAI,18,14,chaser,RIC,2.257,HARD,18.0,0.06723032483589,True,0.0,29.164,True,-4,0.0,33.57116012021901,34.0,0.12538888888888888,1.8650644511232781,16.0
2022,spa,VER,15,19,race leader,,,,,,,,,False,4,,,,,,
2022,spa,PER,14,22,chaser,VER,8.346,MEDIUM,14.0,0.1765926706345557,True,0.0,19.38900000000001,True,8,0.0,47.26130461706067,48.0,0.5961428571428572,3.3758074726471907,34.0
2022,spa,SAI,11,14,chaser,VER,2.299,SOFT,13.0,0.1036910897110199,True,-2.0,19.38900000000001,True,3,0.0,22.171625415521802,21.0,0.17684615384615385,1.705509647347831,10.0
2022,spa,RUS,13,22,chaser,PER,7.383,MEDIUM,13.0,0.1765926706345557,True,0.0,19.38900000000001,True,9,0.0,41.80807716124597,42.0,0.567923076923077,3.2160059354804598,29.0
2022,yas_marina,VER,20,25,race leader,,,,,,,,,False,5,,,,,,
2022,yas_marina,LEC,21,25,race leader,,,,,,,,,False,4,,,,,,
2022,yas_marina,PER,15,26,chaser,LEC,1.385,MEDIUM,15.0,0.0770271612077888,True,0.0,23.338499999999982,True,11,0.0,17.98067043213261,18.0,0.09233333333333334,1.198711362142174,3.0
2022,yas_marina,SAI,17,24,chaser,LEC,6.553,MEDIUM,17.0,0.0770271612077888,True,0.0,23.338499999999982,True,7,0.0,85.073886889361,86.0,0.3854705882352941,5.004346287609471,69.0
2022,yas_marina,RUS,15,26,chaser,SAI,5.554,MEDIUM,15.0,0.0770271612077888,True,0.0,23.338499999999982,True,11,0.0,72.10443579788053,73.0,0.3702666666666667,4.806962386525368,58.0
2022,zandvoort,VER,18,41,race leader,,,,,,,,,False,23,,,,,,
2022,zandvoort,RUS,31,29,chaser,VER,7.048,MEDIUM,31.0,0.044845736942392,True,0.0,24.0,True,-2,0.0,157.16098074280126,158.0,0.22735483870967743,5.069709056219396,127.0
2022,zandvoort,LEC,17,42,chaser,VER,8.114,SOFT,20.0,0.0289762132997568,True,-3.0,24.0,True,25,0.0,280.02278683074513,278.0,0.40570000000000006,14.001139341537257,261.0
2022,zandvoort,HAM,29,28,chaser,VER,1.29,MEDIUM,29.0,0.044845736942392,True,0.0,24.0,True,-1,0.0,28.76527598726073,29.0,0.04448275862068966,0.9919060685262321,0.0
2022,zandvoort,SAI,14,38,chaser,HAM,2.69,SOFT,17.0,0.0289762132997568,True,-3.0,24.0,True,24,0.0,92.83476664711664,90.0,0.15823529411764706,5.460868626300979,76.0
2023,austin,VER,16,30,chaser,HAM,4.676,MEDIUM,16.0,0.0435545974013401,True,0.0,21.638000000000005,True,14,0.0,107.35950459861506,108.0,0.29225,6.709969037413441,92.0
2023,austin,HAM,20,29,race leader,,,,,,,,,False,9,,,,,,
2023,austin,NOR,17,30,race leader,,,,,,,,,False,13,,,,,,
2023,austin,SAI,17,29,chaser,LEC,3.781,MEDIUM,17.0,0.0435545974013401,True,0.0,21.638000000000005,True,12,0.0,86.81058316667313,87.0,0.22241176470588236,5.106504892157243,70.0
2023,austin,PER,17,29,chaser,RUS,1.893,MEDIUM,17.0,0.0435545974013401,True,0.0,21.638000000000005,True,12,0.0,43.4626908052135,44.0,0.11135294117647059,2.5566288708949116,27.0
2023,bahrain,VER,14,28,race leader,,,,,,,,,False,14,,,,,,
2023,bahrain,PER,17,27,race leader,,,,,,,,,False,10,,,,,,
2023,bahrain,ALO,14,24,chaser,STR,0.266,SOFT,17.0,0.1140248091248281,True,-3.0,24.787499999999994,True,10,0.0,2.3328256547116673,0.0,0.015647058823529413,0.13722503851245102,-14.0
2023,bahrain,SAI,13,23,chaser,LEC,11.011,SOFT,16.0,0.1140248091248281,True,-3.0,24.787499999999994,True,10,0.0,96.56670407530137,94.0,0.6881875,6.035419004706336,81.0
2023,bahrain,HAM,12,24,chaser,ALO,0.056,SOFT,15.0,0.1140248091248281,True,-3.0,24.787499999999994,True,12,0.0,0.4911211904656142,-2.0,0.0037333333333333333,0.03274141269770761,-14.0
2023,baku,PER,11,31,race leader,,,,,,,,,False,20,,,,,,
2023,baku,VER,10,32,chaser,LEC,0.119,MEDIUM,10.0,0.0130656644639173,True,0.0,22.48299999999999,True,22,0.0,9.107841421202535,10.0,0.011899999999999999,0.9107841421202535,0.0
2023,baku,LEC,11,31,chaser,PER,5.107,MEDIUM,11.0,0.0130656644639173,True,0.0,22.48299999999999,True,20,0.0,390.8718162863979,391.0,0.4642727272727273,35.53380148058162,380.0
2023,baku,ALO,11,31,chaser,SAI,2.033,MEDIUM,11.0,0.0130656644639173,True,0.0,22.48299999999999,True,20,0.0,155.59866898575422,156.0,0.1848181818181818,14.145333544159474,145.0
2023,baku,SAI,11,31,chaser,LEC,7.828,MEDIUM,11.0,0.0130656644639173,True,0.0,22.48299999999999,True,20,0.0,599.1275852535584,600.0,0.7116363636363636,54.46614411395985,589.0
2023,barcelona,VER,26,33,race leader,,,,,,,,,False,7,,,,,,
2023,barcelona,HAM,24,32,chaser,VER,15.368,SOFT,27.0,0.081805860757993,True,-3.0,23.328000000000003,True,8,0.0,187.8594009965043,185.0,0.5691851851851852,6.957755592463122,161.0
2023,barcelona,RUS,25,33,chaser,VER,25.296,SOFT,25.0,0.081805860757993,True,0.0,23.328000000000003,False,8,0.0,309.2198989853964,310.0,1.01184,12.368795959415857,285.0
2023,barcelona,PER,27,33,chaser,HAM,1.01,MEDIUM,27.0,0.0817686923685352,True,0.0,23.328000000000003,True,6,0.0,12.351915760715412,13.0,0.03740740740740741,0.4574783615079782,-14.0
2023,barcelona,SAI,15,31,chaser,HAM,3.288,SOFT,18.0,0.081805860757993,True,-3.0,23.328000000000003,True,16,0.0,40.19271931783616,38.0,0.18266666666666664,2.2329288509908976,23.0
2023,hungaroring,VER,23,34,race leader,,,,,,,,,False,11,,,,,,
2023,hungaroring,NOR,17,37,chaser,PIA,4.362,MEDIUM,17.0,0.0592511679544252,True,0.0,21.606999999999985,True,20,0.0,73.61880196783905,74.0,0.2565882352941177,4.330517762814062,57.0
2023,hungaroring,PER,24,33,chaser,NOR,0.527,HARD,27.0,0.060520127576277,True,-3.0,21.606999999999985,True,9,0.0,8.707846812381412,6.0,0.01951851851851852,0.32251284490301524,-18.0
2023,hungaroring,HAM,16,34,chaser,NOR,6.227,MEDIUM,19.0,0.0592511679544252,True,-3.0,21.606999999999985,True,18,0.0,105.09497474867808,103.0,0.32773684210526316,5.531314460456741,87.0
2023,hungaroring,PIA,18,34,chaser,VER,11.419,MEDIUM,20.0,0.0592511679544252,True,-2.0,21.606999999999985,True,16,0.0,192.7219394018235,191.0,0.5709500000000001,9.636096970091176,173.0
2023,jeddah,PER,18,20,race leader,,,,,,,,,False,2,,,,,,
2023,jeddah,VER,18,20,chaser,RUS,9.596,MEDIUM,18.0,0.0124748997380663,True,0.0,21.737000000000023,True,2,0.0,769.2246191541295,770.0,0.5331111111111111,42.734701064118305,752.0
2023,jeddah,ALO,18,20,chaser,PER,8.237,MEDIUM,18.0,0.0124748997380663,True,0.0,21.737000000000023,True,2,0.0,660.28586785875,661.0,0.45761111111111114,36.682548214375004,643.0
2023,jeddah,RUS,18,20,chaser,ALO,10.675,MEDIUM,18.0,0.0124748997380663,True,0.0,21.737000000000023,True,2,0.0,855.7183002782757,856.0,0.5930555555555556,47.53990557101531,838.0
2023,jeddah,HAM,18,29,chaser,VER,9.294,HARD,18.0,0.0090476870168139,False,0.0,21.737000000000023,True,11,0.0,1027.2238620465498,1028.0,0.5163333333333333,57.06799233591943,1010.0
2023,las_vegas,VER,16,22,chaser,LEC,4.646,MEDIUM,16.0,0.0443434377478497,True,0.0,23.589999999999975,True,6,0.0,104.77311268509608,105.0,0.290375,6.548319542818505,89.0
2023,las_vegas,LEC,21,22,race leader,,,,,,,,,False,1,,,,,,
2023,las_vegas,RUS,15,24,chaser,GAS,1.808,MEDIUM,15.0,0.0443434377478497,True,0.0,23.589999999999975,True,9,0.0,40.7726620177903,41.0,0.12053333333333334,2.7181774678526867,26.0
2023,las_vegas,OCO,20,24,chaser,SAI,0.089,MEDIUM,20.0,0.0443434377478497,True,0.0,23.589999999999975,True,4,0.0,2.0070613493270666,3.0,0.00445,0.10035306746635334,-17.0
2023,losail,VER,17,54,race leader,,,,,,,,,False,37,,,,,,
2023,losail,PIA,12,53,chaser,VER,6.785,MEDIUM,18.0,0.0393869998294942,True,-6.0,28.56750000000001,True,41,0.0,172.26496126570123,167.0,0.37694444444444447,9.570275625872291,155.0
2023,losail,NOR,13,54,chaser,VER,13.869,MEDIUM,20.0,0.0393869998294942,True,-7.0,28.56750000000001,True,41,0.0,352.12125980751813,346.0,0.69345,17.606062990375907,333.0
2023,losail,LEC,12,54,chaser,NOR,1.133,MEDIUM,20.0,0.0393869998294942,True,-8.0,28.56750000000001,True,42,0.0,28.76583656802351,21.0,0.05665,1.4382918284011754,9.0
2023,melbourne,VER,8,6,race leader,,,,,,,,,False,-2,,,,,,
2023,melbourne,HAM,8,6,race leader,,,,,,,,,False,-2,,,,,,
2023,melbourne,ALO,8,6,chaser,VER,4.261,MEDIUM,9.0,0.0237735003158315,True,-1.0,20.908999999999992,True,-2,0.0,179.23317741992204,179.0,0.47344444444444445,19.91479749110245,171.0
2023,melbourne,STR,8,6,chaser,ALO,3.502,MEDIUM,9.0,0.0237735003158315,True,-1.0,20.908999999999992,True,-2,0.0,147.3068733453572,147.0,0.3891111111111111,16.367430371706355,139.0
2023,mexico_city,VER,19,36,race leader,,,,,,,,,False,17,,,,,,
2023,mexico_city,HAM,24,35,chaser,SAI,4.088,MEDIUM,24.0,0.045533393376508,True,0.0,23.349500000000006,True,11,0.0,89.7802622834853,90.0,0.17033333333333334,3.7408442618118873,66.0
2023,mexico_city,LEC,31,37,race leader,,,,,,,,,False,6,,,,,,
2023,mexico_city,SAI,30,36,chaser,VER,7.114,MEDIUM,30.0,0.045533393376508,True,0.0,23.349500000000006,True,6,0.0,156.23698284851133,157.0,0.23713333333333333,5.207899428283712,127.0
2023,mexico_city,NOR,11,31,chaser,SAR,1.178,SOFT,11.0,0.0075109645602706,False,0.0,23.349500000000006,True,20,0.0,156.83737961313983,157.0,0.10709090909090908,14.25794360119453,146.0
2023,miami,VER,45,41,race leader,,,,,,,,,False,-4,,,,,,
2023,miami,PER,20,33,chaser,ALO,0.496,MEDIUM,20.0,0.0207700674577235,True,0.0,20.774500000000003,True,13,0.0,23.88051945471938,24.0,0.0248,1.194025972735969,4.0
2023,miami,ALO,24,28,chaser,VER,9.415,MEDIUM,25.0,0.0207700674577235,True,-1.0,20.774500000000003,True,4,0.0,453.29655376246563,453.0,0.3766,18.131862150498627,429.0
2023,miami,RUS,17,26,chaser,SAI,8.31,MEDIUM,17.0,0.0207700674577235,True,0.0,20.774500000000003,True,9,0.0,400.0949932837058,401.0,0.4888235294117647,23.53499960492387,384.0
2023,miami,SAI,18,26,chaser,ALO,5.068,MEDIUM,18.0,0.0207700674577235,True,0.0,20.774500000000003,True,8,0.0,244.00498507362462,245.0,0.28155555555555556,13.555832504090258,227.0
2023,monaco,ALO,54,50,chaser,VER,24.673,HARD,55.0,0.0138849493335602,False,-1.0,19.269999999999996,False,-4,0.0,1776.9600311298843,1776.0,0.44859999999999994,32.30836420236153,1722.0
2023,monaco,OCO,32,34,chaser,RUS,6.767,MEDIUM,32.0,0.0150369135013619,False,0.0,19.269999999999996,True,2,0.0,450.02586464217603,451.0,0.21146875,14.063308270068001,419.0
2023,monaco,HAM,31,40,chaser,RUS,12.357,MEDIUM,31.0,0.0150369135013619,False,0.0,19.269999999999996,True,9,0.0,821.7776872149208,822.0,0.39861290322580645,26.50895765209422,791.0
2023,montreal,VER,12,67,race leader,,,,,,,,,False,55,,,,,,
2023,montreal,ALO,12,67,chaser,HAM,0.472,MEDIUM,12.0,-0.0010153475254632,False,0.0,20.279499999999985,True,55,0.0,,,0.03933333333333333,-38.73878878602626,
2023,montreal,HAM,12,67,chaser,VER,10.563,MEDIUM,12.0,-0.0010153475254632,False,0.0,20.279499999999985,True,55,0.0,,,0.8802500000000001,-866.9445464974481,
2023,montreal,LEC,39,60,chaser,HAM,20.097,MEDIUM,39.0,-0.0010153475254632,False,0.0,20.279499999999985,True,21,0.0,,,0.5153076923076924,-507.51853861327896,
2023,montreal,SAI,38,66,chaser,LEC,18.341,MEDIUM,38.0,-0.0010153475254632,False,0.0,20.279499999999985,True,28,0.0,,,0.4826578947368421,-475.36226034199893,
2023,monza,VER,20,27,race leader,,,,,,,,,False,7,,,,,,
2023,monza,PER,21,25,race leader,,,,,,,,,False,4,,,,,,
2023,monza,SAI,19,23,chaser,PER,2.787,MEDIUM,19.0,0.0305528385184512,True,0.0,25.713000000000022,True,4,0.0,91.21902039697227,92.0,0.14668421052631578,4.801001073524856,73.0
2023,monza,LEC,20,27,chaser,PER,3.853,MEDIUM,20.0,0.0305528385184512,True,0.0,25.713000000000022,True,7,0.0,126.10939561877795,127.0,0.19265000000000002,6.305469780938898,107.0
2023,monza,RUS,19,23,chaser,SAI,3.98,MEDIUM,19.0,0.0305528385184512,True,0.0,25.713000000000022,True,4,0.0,130.26612887691053,131.0,0.2094736842105263,6.856112046153185,112.0
2023,silverstone,VER,33,30,race leader,,,,,,,,,False,-3,,,,,,
2023,silverstone,NOR,33,29,chaser,VER,13.96,MEDIUM,33.0,0.0523434564835723,True,0.0,32.791,True,-4,0.0,266.7000029770917,267.0,0.42303030303030303,8.08181827203308,234.0
2023,silverstone,HAM,33,30,chaser,NOR,14.815,MEDIUM,33.0,0.0523434564835723,True,0.0,32.791,True,-3,0.0,283.0344229302015,284.0,0.4489393939393939,8.57680069485459,251.0
2023,silverstone,PIA,29,25,chaser,NOR,2.947,MEDIUM,29.0,0.0523434564835723,True,0.0,32.791,True,-4,0.0,56.301211230192635,57.0,0.10162068965517242,1.9414210769031943,28.0
2023,silverstone,RUS,28,26,chaser,PIA,5.007,SOFT,31.0,0.0546222909408684,True,-3.0,32.791,True,-2,0.0,91.66587328642713,89.0,0.16151612903225807,2.9569636544008757,61.0
2023,singapore,SAI,20,44,race leader,,,,,,,,,False,24,,,,,,
2023,singapore,NOR,20,44,chaser,RUS,1.895,MEDIUM,20.0,0.0278411157085458,True,0.0,27.325000000000003,True,24,0.0,68.06480098850103,69.0,0.09475,3.403240049425052,49.0
2023,singapore,HAM,20,44,chaser,NOR,2.493,MEDIUM,20.0,0.0278411157085458,True,0.0,27.325000000000003,True,24,0.0,89.54382525822326,90.0,0.12465,4.477191262911163,70.0
2023,singapore,LEC,20,59,chaser,SAI,9.198,SOFT,23.0,0.0001250212121117,False,-3.0,27.325000000000003,True,39,0.0,73571.51514242288,73569.0,0.3999130434782609,3198.7615279314296,73549.0
2023,singapore,VER,40,36,chaser,LEC,19.894,HARD,40.0,0.0546386391227784,True,0.0,27.325000000000003,True,-4,0.0,364.10130851349027,365.0,0.49734999999999996,9.102532712837258,325.0
2023,spa,VER,14,19,race leader,,,,,,,,,False,5,,,,,,
2023,spa,PER,13,21,chaser,VER,2.176,SOFT,13.0,0.1036910897110199,True,0.0,19.38900000000001,True,8,0.0,20.98540970168571,21.0,0.1673846153846154,1.6142622847450547,8.0
2023,spa,LEC,13,21,chaser,PER,6.012,SOFT,13.0,0.1036910897110199,True,0.0,19.38900000000001,True,8,0.0,57.97990952506179,58.0,0.4624615384615384,4.459993040389369,45.0
2023,spa,HAM,12,20,chaser,LEC,8.734,SOFT,12.0,0.1036910897110199,True,0.0,19.38900000000001,True,8,0.0,84.23095971255651,85.0,0.7278333333333333,7.019246642713043,73.0
2023,spa,ALO,10,27,chaser,HAM,13.206,MEDIUM,10.0,0.1765926706345557,True,0.0,19.38900000000001,True,17,0.0,74.78226560902266,75.0,1.3206,7.478226560902266,65.0
2023,suzuka,VER,16,26,race leader,,,,,,,,,False,10,,,,,,
2023,suzuka,NOR,17,29,race leader,,,,,,,,,False,12,,,,,,
2023,suzuka,PIA,13,30,chaser,LEC,0.574,MEDIUM,13.0,0.1185786661672319,True,0.0,23.478999999999985,True,17,0.0,4.8406683811950275,5.0,0.04415384615384615,0.3723591062457713,-8.0
2023,suzuka,LEC,17,26,chaser,SAI,1.062,MEDIUM,17.0,0.1185786661672319,True,0.0,23.478999999999985,True,9,0.0,8.95607982722843,9.0,0.06247058823529412,0.5268282251310842,-8.0
2023,suzuka,HAM,16,25,chaser,RUS,2.179,MEDIUM,16.0,0.1185786661672319,True,0.0,23.478999999999985,True,9,0.0,18.375986764153247,19.0,0.1361875,1.148499172759578,3.0
2023,yas_marina,VER,16,25,race leader,,,,,,,,,False,9,,,,,,
2023,yas_marina,PER,17,24,chaser,TSU,5.104,MEDIUM,17.0,0.0770271612077888,True,0.0,23.338499999999982,True,7,0.0,66.26234071162804,67.0,0.30023529411764704,3.897784747742826,50.0
2023,yas_marina,LEC,17,24,race leader,,,,,,,,,False,7,,,,,,
2023,yas_marina,RUS,14,25,chaser,NOR,1.936,MEDIUM,14.0,0.0770271612077888,True,0.0,23.338499999999982,True,11,0.0,25.133991304410635,26.0,0.1382857142857143,1.7952850931721884,12.0
2023,yas_marina,NOR,14,25,chaser,LEC,4.853,MEDIUM,14.0,0.0770271612077888,True,0.0,23.338499999999982,True,11,0.0,63.00374989685166,64.0,0.34664285714285714,4.500267849775119,50.0
2024,austin,LEC,26,31,race leader,,,,,,,,,False,5,,,,,,
2024,austin,SAI,21,24,chaser,VER,2.499,MEDIUM,21.0,0.0435545974013401,True,0.0,21.638000000000005,True,3,0.0,57.376262188182004,58.0,0.11900000000000001,2.7322029613420002,37.0
2024,austin,NOR,31,32,race leader,,,,,,,,,False,1,,,,,,
2024,austin,VER,25,31,chaser,LEC,11.804,MEDIUM,25.0,0.0435545974013401,True,0.0,21.638000000000005,True,6,0.0,271.0161660141258,272.0,0.47216,10.840646640565032,247.0
2024,austin,PIA,32,31,chaser,LEC,3.608,MEDIUM,32.0,0.0435545974013401,True,0.0,21.638000000000005,True,-1,0.0,82.83855701278938,83.0,0.11275,2.588704906649668,51.0
2024,bahrain,VER,17,23,race leader,,,,,,,,,False,6,,,,,,
2024,bahrain,PER,12,24,chaser,SAI,1.118,SOFT,15.0,0.1140248091248281,True,-3.0,24.787499999999994,True,12,0.0,9.804883766795655,7.0,0.07453333333333334,0.653658917786377,-5.0
2024,bahrain,SAI,14,24,chaser,VER,14.672,SOFT,17.0,0.1140248091248281,True,-3.0,24.787499999999994,True,10,0.0,128.67375190199093,126.0,0.8630588235294118,7.569044229528878,112.0
2024,bahrain,LEC,11,25,chaser,NOR,0.147,SOFT,14.0,0.1140248091248281,True,-3.0,24.787499999999994,True,14,0.0,1.289193124972237,-1.0,0.010499999999999999,0.09208522321230264,-12.0
2024,bahrain,RUS,11,25,chaser,SAI,0.168,SOFT,14.0,0.1140248091248281,True,-3.0,24.787499999999994,True,14,0.0,1.4733635713968425,-1.0,0.012,0.10524025509977447,-12.0
2024,baku,PIA,15,33,chaser,SAI,0.751,MEDIUM,15.0,0.0130656644639173,True,0.0,22.48299999999999,True,18,0.0,57.47889838086642,58.0,0.05006666666666667,3.8319265587244282,43.0
2024,baku,LEC,16,31,race leader,,,,,,,,,False,15,,,,,,
2024,baku,RUS,12,33,chaser,VER,4.056,MEDIUM,12.0,0.0130656644639173,True,0.0,22.48299999999999,True,21,0.0,310.4319731461973,311.0,0.338,25.869331095516447,299.0
2024,baku,NOR,37,33,chaser,RUS,1.514,HARD,37.0,0.0227238614425213,True,0.0,22.48299999999999,True,-4,0.0,66.62600033139509,67.0,0.04091891891891892,1.8007027116593266,30.0
2024,baku,VER,12,33,chaser,SAI,9.329,MEDIUM,12.0,0.0130656644639173,True,0.0,22.48299999999999,True,21,0.0,714.0088455327601,715.0,0.7774166666666668,59.50073712773001,703.0
2024,barcelona,VER,17,31,race leader,,,,,,,,,False,14,,,,,,
2024,barcelona,NOR,23,33,race leader,,,,,,,,,False,10,,,,,,
2024,barcelona,HAM,16,33,chaser,LEC,2.726,SOFT,19.0,0.081805860757993,True,-3.0,23.328000000000003,True,17,0.0,33.32279588212329,31.0,0.1434736842105263,1.753831362217015,15.0
2024,barcelona,RUS,15,31,chaser,HAM,0.962,SOFT,18.0,0.081805860757993,True,-3.0,23.328000000000003,True,16,0.0,11.759548656860822,9.0,0.05344444444444444,0.65330825871449,-6.0
2024,barcelona,LEC,24,33,chaser,VER,0.897,SOFT,24.0,0.081805860757993,True,0.0,23.328000000000003,True,9,0.0,10.96498455842428,11.0,0.037375,0.45687435660101167,-13.0
2024,hungaroring,PIA,18,35,race leader,,,,,,,,,False,17,,,,,,
2024,hungaroring,NOR,17,37,chaser,PIA,5.739,MEDIUM,17.0,0.0592511679544252,True,0.0,21.606999999999985,True,20,0.0,96.85885018189553,97.0,0.33758823529411763,5.697579422464443,80.0
2024,hungaroring,HAM,16,35,chaser,LEC,0.333,MEDIUM,16.0,0.0592511679544252,True,0.0,21.606999999999985,True,19,0.0,5.6201423785626785,6.0,0.0208125,0.3512588986601674,-10.0
2024,hungaroring,LEC,23,35,race leader,,,,,,,,,False,12,,,,,,
2024,hungaroring,VER,21,35,race leader,,,,,,,,,False,14,,,,,,
2024,imola,VER,24,46,race leader,,,,,,,,,False,22,,,,,,
2024,imola,NOR,22,45,chaser,LEC,2.624,MEDIUM,22.0,0.0139899656728328,True,0.0,29.30449999999999,True,23,0.0,187.56300489682843,188.0,0.11927272727272728,8.52559113167402,166.0
2024,imola,LEC,25,49,chaser,SAI,0.11,MEDIUM,25.0,0.0139899656728328,True,0.0,29.30449999999999,True,24,0.0,7.862778406498143,8.0,0.0044,0.3145111362599257,-17.0
2024,imola,PIA,23,52,chaser,SAI,5.31,MEDIUM,23.0,0.0139899656728328,True,0.0,29.30449999999999,True,29,0.0,379.557757622774,380.0,0.2308695652173913,16.502511200990174,357.0
2024,imola,SAI,27,54,race leader,,,,,,,,,False,27,,,,,,
2024,las_vegas,RUS,12,21,race leader,,,,,,,,,False,9,,,,,,
2024,las_vegas,HAM,13,24,race leader,,,,,,,,,False,11,,,,,,
2024,las_vegas,SAI,10,23,chaser,VER,5.422,MEDIUM,10.0,0.0443434377478497,True,0.0,23.589999999999975,True,13,0.0,122.27288355113882,123.0,0.5422,12.227288355113883,113.0
2024,las_vegas,LEC,9,27,chaser,TSU,0.731,MEDIUM,9.0,0.0443434377478497,True,0.0,23.589999999999975,True,18,0.0,16.484964565821187,17.0,0.08122222222222222,1.8316627295356875,8.0
2024,las_vegas,VER,11,21,chaser,RUS,13.733,MEDIUM,11.0,0.0443434377478497,True,0.0,23.589999999999975,True,10,0.0,309.6963315765012,310.0,1.2484545454545455,28.15421196150011,299.0
2024,losail,VER,35,54,race leader,,,,,,,,,False,19,,,,,,
2024,losail,LEC,35,54,chaser,NOR,16.047,MEDIUM,36.0,0.0393869998294942,True,-1.0,28.56750000000001,True,19,0.0,407.41869321012643,407.0,0.44575000000000004,11.317185922503512,372.0
2024,losail,PIA,34,54,chaser,LEC,3.095,MEDIUM,34.0,0.0393869998294942,True,0.0,28.56750000000001,True,20,0.0,78.57922698855495,79.0,0.09102941176470589,2.311153734957499,45.0
2024,losail,RUS,23,54,chaser,LEC,1.73,MEDIUM,24.0,0.0393869998294942,True,-1.0,28.56750000000001,True,31,0.0,43.92312203237482,43.0,0.07208333333333333,1.830130084682284,20.0
2024,losail,GAS,35,54,chaser,PIA,14.826,MEDIUM,35.0,0.0393869998294942,True,0.0,28.56750000000001,True,19,0.0,376.4186169086642,377.0,0.42360000000000003,10.754817625961834,342.0
2024,melbourne,SAI,16,12,race leader,,,,,,,,,False,-4,,,,,,
2024,melbourne,LEC,9,5,chaser,ALO,4.931,MEDIUM,9.0,0.0237735003158315,True,0.0,20.908999999999992,True,-4,0.0,207.41581738034162,208.0,0.5478888888888889,23.046201931149067,199.0
2024,melbourne,NOR,14,10,chaser,ALO,5.348,MEDIUM,14.0,0.0237735003158315,True,0.0,20.908999999999992,True,-4,0.0,224.9563559825729,225.0,0.382,16.06831114161235,211.0
2024,melbourne,PIA,9,5,chaser,LEC,1.287,MEDIUM,9.0,0.0237735003158315,True,0.0,20.908999999999992,True,-4,0.0,54.13590690904475,55.0,0.143,6.015100767671639,46.0
2024,melbourne,PER,14,10,chaser,PIA,4.251,MEDIUM,14.0,0.0237735003158315,True,0.0,20.908999999999992,True,-4,0.0,178.81254100260236,179.0,0.30364285714285716,12.77232435732874,165.0
2024,mexico_city,SAI,32,36,race leader,,,,,,,,,False,4,,,,,,
2024,mexico_city,NOR,30,36,chaser,LEC,10.454,MEDIUM,30.0,0.045533393376508,True,0.0,23.349500000000006,True,6,0.0,229.58974117210258,230.0,0.3484666666666667,7.652991372403419,200.0
2024,mexico_city,LEC,31,37,chaser,SAI,12.133,MEDIUM,31.0,0.045533393376508,True,0.0,23.349500000000006,True,6,0.0,266.46377746710544,267.0,0.39138709677419353,8.595605724745337,236.0
2024,mexico_city,HAM,28,36,chaser,RUS,9.515,MEDIUM,28.0,0.045533393376508,True,0.0,23.349500000000006,True,8,0.0,208.96751360747618,209.0,0.3398214285714286,7.463125485981292,181.0
2024,mexico_city,RUS,31,37,chaser,LEC,13.876,MEDIUM,31.0,0.045533393376508,True,0.0,23.349500000000006,True,6,0.0,304.743375598249,305.0,0.44761290322580644,9.830431470911257,274.0
2024,miami,NOR,29,30,race leader,,,,,,,,,False,1,,,,,,
2024,miami,VER,23,27,chaser,PIA,1.293,MEDIUM,23.0,0.0207700674577235,True,0.0,20.774500000000003,True,4,0.0,62.2530476914358,63.0,0.05621739130434782,2.7066542474537307,40.0
2024,miami,LEC,19,29,chaser,SAI,3.339,MEDIUM,19.0,0.0207700674577235,True,0.0,20.774500000000003,True,10,0.0,160.76019044215326,161.0,0.17573684210526316,8.461062654850172,142.0
2024,miami,SAI,27,27,chaser,PIA,2.385,MEDIUM,27.0,0.0207700674577235,True,0.0,20.774500000000003,True,0,0.0,114.82870745868088,115.0,0.08833333333333332,4.252915091062254,88.0
2024,miami,PER,17,26,chaser,NOR,4.917,MEDIUM,17.0,0.0207700674577235,True,0.0,20.774500000000003,True,9,0.0,236.7349075783371,237.0,0.28923529411764703,13.92558279872571,220.0
2024,monza,LEC,15,29,chaser,SAI,1.323,MEDIUM,15.0,0.0305528385184512,True,0.0,25.713000000000022,True,14,0.0,43.302032287475534,44.0,0.0882,2.886802152498369,29.0
2024,monza,PIA,16,29,race leader,,,,,,,,,False,13,,,,,,
2024,monza,NOR,14,27,chaser,SAI,1.078,MEDIUM,14.0,0.0305528385184512,True,0.0,25.713000000000022,True,13,0.0,35.28313741942451,36.0,0.077,2.520224101387465,22.0
2024,monza,SAI,19,28,chaser,VER,1.381,MEDIUM,19.0,0.0305528385184512,True,0.0,25.713000000000022,True,9,0.0,45.200382909299854,46.0,0.0726842105263158,2.378967521542098,27.0
2024,monza,HAM,15,29,chaser,PER,2.259,MEDIUM,15.0,0.0305528385184512,True,0.0,25.713000000000022,True,14,0.0,73.93748370174393,74.0,0.15059999999999998,4.929165580116262,59.0
2024,red_bull_ring,RUS,22,36,chaser,NOR,8.623,MEDIUM,22.0,0.0584051199542727,True,0.0,21.5175,True,14,0.0,147.64116582161344,148.0,0.39195454545454544,6.710962082800611,126.0
2024,red_bull_ring,PIA,25,37,chaser,VER,2.334,MEDIUM,25.0,0.0584051199542727,True,0.0,21.5175,True,12,0.0,39.96224991622936,40.0,0.09336,1.5984899966491743,15.0
2024,red_bull_ring,SAI,22,36,chaser,RUS,2.695,MEDIUM,22.0,0.0584051199542727,True,0.0,21.5175,True,14,0.0,46.143214877565605,47.0,0.1225,2.097418858071164,25.0
2024,red_bull_ring,HAM,21,33,chaser,PIA,2.359,MEDIUM,21.0,0.0584051199542727,True,0.0,21.5175,True,12,0.0,40.390294581141845,41.0,0.11233333333333333,1.9233473610067544,20.0
2024,red_bull_ring,VER,23,35,race leader,,,,,,,,,False,12,,,,,,
2024,shanghai,VER,13,17,race leader,,,,,,,,,False,4,,,,,,
2024,shanghai,NOR,22,23,chaser,VER,10.294,MEDIUM,22.0,0.1350270452381319,True,0.0,24.517999999999986,True,1,0.0,76.23657898938424,77.0,0.46790909090909094,3.465299044972011,55.0
2024,shanghai,PER,13,17,chaser,NOR,2.379,MEDIUM,13.0,0.1350270452381319,True,0.0,24.517999999999986,True,4,0.0,17.618692579730435,18.0,0.183,1.3552840445946488,5.0
2024,shanghai,LEC,21,27,chaser,PER,1.938,MEDIUM,21.0,0.1350270452381319,True,0.0,24.517999999999986,True,6,0.0,14.35268020996956,15.0,0.09228571428571428,0.6834609623795028,-6.0
2024,shanghai,SAI,17,25,chaser,PER,5.05,MEDIUM,17.0,0.1350270452381319,True,0.0,24.517999999999986,True,8,0.0,37.39991489181954,38.0,0.29705882352941176,2.1999949936364436,21.0
2024,singapore,NOR,30,40,race leader,,,,,,,,,False,10,,,,,,
2024,singapore,VER,29,38,chaser,NOR,30.706,MEDIUM,29.0,0.0278411157085458,True,0.0,27.325000000000003,False,9,0.0,1102.9012027192152,1103.0,1.0588275862068965,38.03107595583501,1074.0
2024,singapore,PIA,38,42,chaser,NOR,22.795,MEDIUM,38.0,0.0278411157085458,True,0.0,27.325000000000003,True,4,0.0,818.7531074052143,819.0,0.5998684210526316,21.546134405400377,781.0
2024,singapore,RUS,27,39,chaser,PIA,7.438,MEDIUM,27.0,0.0278411157085458,True,0.0,27.325000000000003,True,12,0.0,267.15883364246474,268.0,0.2754814814814815,9.894771616387583,241.0
2024,singapore,LEC,36,43,chaser,HAM,3.78,MEDIUM,36.0,0.0278411157085458,True,0.0,27.325000000000003,True,7,0.0,135.77042096914718,136.0,0.105,3.7714005824763106,100.0
2024,spa,RUS,10,9,chaser,NOR,2.789,MEDIUM,10.0,0.1765926706345557,True,0.0,19.38900000000001,True,-1,0.0,15.793407449913994,16.0,0.27890000000000004,1.5793407449913996,6.0
2024,spa,HAM,11,30,chaser,LEC,2.256,MEDIUM,11.0,0.1765926706345557,True,0.0,19.38900000000001,True,19,0.0,12.775162139478654,13.0,0.20509090909090907,1.1613783763162413,2.0
2024,spa,PIA,11,30,chaser,PER,0.954,MEDIUM,11.0,0.1765926706345557,True,0.0,19.38900000000001,True,19,0.0,5.4022627132369845,6.0,0.08672727272727272,0.4911147921124531,-5.0
2024,spa,LEC,12,23,race leader,,,,,,,,,False,11,,,,,,
2024,spa,VER,10,9,chaser,RUS,2.401,MEDIUM,10.0,0.1765926706345557,True,0.0,19.38900000000001,True,-1,0.0,13.596260769897274,14.0,0.24009999999999998,1.3596260769897273,4.0
2024,yas_marina,NOR,26,25,race leader,,,,,,,,,False,-1,,,,,,
2024,yas_marina,SAI,25,25,chaser,NOR,5.439,MEDIUM,25.0,0.0770271612077888,True,0.0,23.338499999999982,True,0,0.0,70.61145594250489,71.0,0.21756,2.8244582377001954,46.0
2024,yas_marina,LEC,20,25,chaser,RUS,3.406,MEDIUM,20.0,0.0770271612077888,True,0.0,23.338499999999982,True,5,0.0,44.218168586168716,45.0,0.1703,2.210908429308436,25.0
2024,yas_marina,HAM,34,34,chaser,LEC,0.442,HARD,34.0,0.0566976802444461,True,0.0,23.338499999999982,True,0,0.0,7.795733407334539,8.0,0.013,0.22928627668630996,-26.0
2024,yas_marina,RUS,26,24,chaser,SAI,1.197,MEDIUM,27.0,0.0770271612077888,True,-1.0,23.338499999999982,True,-2,0.0,15.539972929431578,15.0,0.044333333333333336,0.5755545529419103,-11.0
2024,zandvoort,NOR,28,37,race leader,,,,,,,,,False,9,,,,,,
2024,zandvoort,VER,27,32,chaser,NOR,9.8,MEDIUM,27.0,0.044845736942392,True,0.0,24.0,True,5,0.0,218.5269028489575,219.0,0.362962962962963,8.093588994405833,192.0
2024,zandvoort,LEC,24,29,chaser,PIA,3.421,MEDIUM,24.0,0.044845736942392,True,0.0,24.0,True,5,0.0,76.28372802513097,77.0,0.14254166666666665,3.1784886677137902,53.0
2024,zandvoort,PIA,33,34,chaser,NOR,0.646,MEDIUM,33.0,0.044845736942392,True,0.0,24.0,True,1,0.0,14.404936657186381,15.0,0.019575757575757576,0.43651323203595094,-18.0
2024,zandvoort,SAI,30,28,chaser,NOR,3.109,MEDIUM,30.0,0.044845736942392,True,0.0,24.0,True,-2,0.0,69.32654499565396,70.0,0.10363333333333333,2.310884833188465,40.0
2025,austin,VER,33,34,race leader,,,,,,,,,False,1,,,,,,
2025,austin,NOR,32,33,chaser,VER,11.071,MEDIUM,32.0,0.0435545974013401,True,0.0,21.638000000000005,True,1,0.0,254.1867141598091,255.0,0.34596875,7.943334817494034,223.0
2025,austin,LEC,22,20,chaser,HAM,0.093,SOFT,25.0,0.0603114279365675,True,-3.0,21.638000000000005,True,-2,0.0,1.541996321125288,-1.0,0.0037199999999999998,0.06167985284501151,-23.0
2025,austin,HAM,31,33,chaser,NOR,9.657,MEDIUM,31.0,0.0435545974013401,True,0.0,21.638000000000005,True,2,0.0,221.7217142662159,222.0,0.31151612903225806,7.15231336342632,191.0
2025,austin,PIA,30,33,chaser,HAM,5.734,MEDIUM,30.0,0.0435545974013401,True,0.0,21.638000000000005,True,3,0.0,131.650855296933,132.0,0.19113333333333332,4.3883618432311,102.0
2025,bahrain,PIA,14,23,race leader,,,,,,,,,False,9,,,,,,
2025,bahrain,RUS,13,23,chaser,LEC,0.669,SOFT,16.0,0.1140248091248281,True,-3.0,24.787499999999994,True,10,0.0,5.867144221812427,3.0,0.0418125,0.3666965138632767,-10.0
2025,bahrain,NOR,10,24,chaser,LEC,1.051,SOFT,13.0,0.1140248091248281,True,-3.0,24.787499999999994,True,14,0.0,9.21729234248858,7.0,0.08084615384615385,0.7090224878837369,-3.0
2025,bahrain,LEC,17,28,race leader,,,,,,,,,False,11,,,,,,
2025,bahrain,HAM,17,28,chaser,LEC,10.136,MEDIUM,17.0,0.1410140956277672,True,0.0,24.787499999999994,True,11,0.0,71.87933911767124,72.0,0.596235294117647,4.228196418686543,55.0
2025,baku,VER,40,36,race leader,,,,,,,,,False,-4,,,,,,
2025,baku,RUS,39,35,chaser,VER,17.234,HARD,39.0,0.0227238614425213,True,0.0,22.48299999999999,True,-4,0.0,758.4098346837933,759.0,0.44189743589743596,19.44640601753316,720.0
2025,baku,SAI,27,32,chaser,RUS,1.23,MEDIUM,32.0,0.0130656644639173,True,-5.0,22.48299999999999,True,5,0.0,94.1398735132699,90.0,0.0384375,2.9418710472896845,63.0
2025,baku,ANT,18,26,chaser,TSU,0.249,MEDIUM,23.0,0.0130656644639173,True,-5.0,22.48299999999999,True,8,0.0,19.057584150247322,15.0,0.010826086956521739,0.8285906152281444,-3.0
2025,baku,LAW,20,36,chaser,TSU,0.543,MEDIUM,26.0,0.0130656644639173,True,-6.0,22.48299999999999,True,16,0.0,41.55931001439476,36.0,0.020884615384615387,1.5984350005536447,16.0
2025,barcelona,PIA,22,33,race leader,,,,,,,,,False,11,,,,,,
2025,barcelona,NOR,21,34,chaser,PIA,9.524,SOFT,21.0,0.081805860757993,True,0.0,23.328000000000003,True,13,0.0,116.4219765155327,117.0,0.4535238095238095,5.543903643596796,96.0
2025,barcelona,LEC,17,33,chaser,NOR,13.163,SOFT,18.0,0.081805860757993,True,-1.0,23.328000000000003,True,16,0.0,160.9053419649262,160.0,0.7312777777777778,8.939185664718122,143.0
2025,barcelona,RUS,20,32,chaser,VER,7.874,SOFT,23.0,0.081805860757993,True,-3.0,23.328000000000003,True,12,0.0,96.25227247829741,94.0,0.3423478260869565,4.184881412099887,74.0
2025,barcelona,VER,13,32,chaser,NOR,5.062,SOFT,16.0,0.081805860757993,True,-3.0,23.328000000000003,True,19,0.0,61.878207173627324,59.0,0.316375,3.8673879483517077,46.0
2025,hungaroring,NOR,31,36,chaser,LEC,0.571,MEDIUM,31.0,0.0592511679544252,True,0.0,21.606999999999985,True,5,0.0,9.636940835313181,10.0,0.018419354838709677,0.310869059203651,-21.0
2025,hungaroring,PIA,18,35,chaser,LEC,4.86,MEDIUM,18.0,0.0592511679544252,True,0.0,21.606999999999985,True,17,0.0,82.02369957902289,83.0,0.27,4.556872198834605,65.0
2025,hungaroring,RUS,19,36,chaser,NOR,1.676,MEDIUM,19.0,0.0592511679544252,True,0.0,21.606999999999985,True,17,0.0,28.286362241654803,29.0,0.08821052631578948,1.488755907455516,10.0
2025,hungaroring,LEC,19,36,race leader,,,,,,,,,False,17,,,,,,
2025,hungaroring,ALO,39,35,chaser,NOR,21.903,MEDIUM,40.0,0.0592511679544252,True,-1.0,21.606999999999985,False,-4,0.0,369.6635991521272,369.0,0.5475749999999999,9.241589978803178,330.0
2025,imola,VER,29,47,race leader,,,,,,,,,False,18,,,,,,
2025,imola,NOR,28,50,chaser,VER,14.379,MEDIUM,28.0,0.0139899656728328,True,0.0,29.30449999999999,True,22,0.0,1027.8080973366982,1028.0,0.5135357142857143,36.70743204773922,1000.0
2025,imola,PIA,13,49,chaser,VER,7.544,MEDIUM,13.0,0.0139899656728328,True,0.0,29.30449999999999,True,36,0.0,539.2436390783816,540.0,0.5803076923076923,41.48027992910629,527.0
2025,imola,HAM,29,26,chaser,ANT,0.493,HARD,29.0,0.0422994281063751,True,0.0,29.30449999999999,True,-3,0.0,11.655003910695855,12.0,0.017,0.4018966865757192,-17.0
2025,imola,ALB,29,47,chaser,VER,35.79,MEDIUM,29.0,0.0139899656728328,True,0.0,29.30449999999999,False,18,0.0,2558.262174259714,2559.0,1.2341379310344827,88.2159370434384,2530.0
2025,interlagos,NOR,30,32,race leader,,,,,,,,,False,2,,,,,,
2025,interlagos,ANT,21,40,chaser,RUS,1.684,SOFT,24.0,0.0445278270598104,True,-3.0,22.338499999999996,True,19,0.0,37.81904735072806,35.0,0.07016666666666667,1.5757936396136696,14.0
2025,interlagos,RUS,34,34,chaser,NOR,0.685,MEDIUM,38.0,0.058694929276275,True,-4.0,22.338499999999996,True,0,0.0,11.670514104816938,8.0,0.018026315789473685,0.3071187922320247,-26.0
2025,interlagos,PIA,38,35,race leader,,,,,,,,,False,-3,,,,,,
2025,jeddah,PIA,19,24,chaser,VER,5.35,MEDIUM,19.0,0.0124748997380663,True,0.0,21.737000000000023,True,5,0.0,428.86116220035353,429.0,0.28157894736842104,22.571640115808083,410.0
2025,jeddah,VER,21,25,race leader,,,,,,,,,False,4,,,,,,
2025,jeddah,LEC,29,29,race leader,,,,,,,,,False,0,,,,,,
2025,jeddah,NOR,34,34,chaser,PIA,0.584,HARD,34.0,0.0090476870168139,False,0.0,21.737000000000023,True,0,0.0,64.54688352003282,65.0,0.017176470588235293,1.8984377505892005,31.0
2025,jeddah,RUS,20,24,chaser,LEC,0.192,MEDIUM,20.0,0.0124748997380663,True,0.0,21.737000000000023,True,4,0.0,15.390905260274373,16.0,0.009600000000000001,0.7695452630137186,-4.0
2025,las_vegas,VER,25,25,race leader,,,,,,,,,False,0,,,,,,
2025,las_vegas,NOR,22,21,chaser,VER,8.778,MEDIUM,22.0,0.0443434377478497,True,0.0,23.589999999999975,True,-1,0.0,197.95488229655047,198.0,0.399,8.99794919529775,176.0
2025,las_vegas,RUS,17,23,chaser,NOR,3.151,MEDIUM,17.0,0.0443434377478497,True,0.0,23.589999999999975,True,6,0.0,71.05899226662457,72.0,0.18535294117647058,4.179940721566151,55.0
2025,las_vegas,PIA,21,22,chaser,RUS,1.226,MEDIUM,21.0,0.0443434377478497,True,0.0,23.589999999999975,True,1,0.0,27.647833868258246,28.0,0.05838095238095238,1.3165635175361068,7.0
2025,losail,PIA,24,54,chaser,NOR,0.683,MEDIUM,24.0,0.0393869998294942,True,0.0,28.56750000000001,True,30,0.0,17.34074702203006,18.0,0.028458333333333335,0.7225311259179191,-6.0
2025,losail,NOR,25,54,chaser,VER,0.613,MEDIUM,25.0,0.0393869998294942,True,0.0,28.56750000000001,True,29,0.0,15.563510870431077,16.0,0.02452,0.6225404348172431,-9.0
2025,mexico_city,NOR,34,34,race leader,,,,,,,,,False,0,,,,,,
2025,mexico_city,LEC,31,33,chaser,NOR,21.192,SOFT,31.0,0.0075109645602706,False,0.0,23.349500000000006,True,2,0.0,2821.475168728064,2822.0,0.6836129032258065,91.01532802348594,2791.0
2025,mexico_city,VER,37,36,chaser,NOR,15.888,MEDIUM,37.0,0.045533393376508,True,0.0,23.349500000000006,True,-1,0.0,348.9307258219213,349.0,0.4294054054054054,9.430560157349225,312.0
2025,mexico_city,BEA,24,34,chaser,VER,0.587,SOFT,27.0,0.0075109645602706,False,-3.0,23.349500000000006,True,10,0.0,78.15241242182773,76.0,0.02174074074074074,2.8945337934010276,52.0
2025,mexico_city,PIA,24,34,chaser,RUS,4.541,SOFT,27.0,0.0075109645602706,False,-3.0,23.349500000000006,True,10,0.0,604.5828020571035,602.0,0.1681851851851852,22.391955631744576,578.0
2025,monaco,NOR,19,39,chaser,VER,8.163,MEDIUM,19.0,0.0150369135013619,False,0.0,19.269999999999996,True,20,0.0,542.8640657712551,543.0,0.4296315789473684,28.571792935329213,524.0
2025,monaco,LEC,22,38,chaser,NOR,1.195,MEDIUM,22.0,0.0150369135013619,False,0.0,19.269999999999996,True,16,0.0,79.47109623871737,80.0,0.05431818181818182,3.6123225563053345,58.0
2025,monaco,PIA,20,36,chaser,NOR,4.846,MEDIUM,20.0,0.0150369135013619,False,0.0,19.269999999999996,True,16,0.0,322.27358357558523,323.0,0.24230000000000002,16.11367917877926,303.0
2025,monaco,VER,28,37,chaser,PIA,0.265,HARD,28.0,0.0138849493335602,False,0.0,19.269999999999996,True,9,0.0,19.085413539067783,20.0,0.009464285714285715,0.6816219121095637,-8.0
2025,monaco,HAM,18,42,chaser,VER,23.165,HARD,18.0,0.0138849493335602,False,0.0,19.269999999999996,False,24,0.0,1668.3532250283213,1669.0,1.2869444444444444,92.68629027935118,1651.0
2025,montreal,RUS,13,67,chaser,ALO,1.001,MEDIUM,16.0,-0.0010153475254632,False,-3.0,20.279499999999985,True,54,0.0,,,0.0625625,-61.616834070146645,
2025,montreal,VER,12,65,chaser,HUL,0.714,MEDIUM,15.0,-0.0010153475254632,False,-3.0,20.279499999999985,True,53,0.0,,,0.047599999999999996,-46.880500327496186,
2025,montreal,ANT,14,65,chaser,VER,0.18,MEDIUM,20.0,-0.0010153475254632,False,-6.0,20.279499999999985,True,51,0.0,,,0.009,-8.863960145955161,
2025,montreal,PIA,16,67,chaser,ANT,0.049,MEDIUM,16.0,-0.0010153475254632,False,0.0,20.279499999999985,True,51,0.0,,,0.0030625,-3.0162086607764094,
2025,montreal,LEC,28,33,chaser,PIA,6.97,HARD,28.0,0.0187493344261966,True,0.0,20.279499999999985,True,5,0.0,371.74652932007575,372.0,0.24892857142857142,13.276661761431278,344.0
2025,monza,VER,37,33,race leader,,,,,,,,,False,-4,,,,,,
2025,monza,NOR,46,42,race leader,,,,,,,,,False,-4,,,,,,
2025,monza,PIA,45,41,chaser,NOR,7.551,MEDIUM,45.0,0.0305528385184512,True,0.0,25.713000000000022,True,-4,0.0,247.14561285164606,248.0,0.1678,5.492124730036579,203.0
2025,monza,LEC,33,30,chaser,PIA,10.942,MEDIUM,33.0,0.0305528385184512,True,0.0,25.713000000000022,True,-3,0.0,358.13366386209924,359.0,0.3315757575757576,10.852535268548461,326.0
2025,monza,RUS,27,29,chaser,HAM,3.051,MEDIUM,27.0,0.0305528385184512,True,0.0,25.713000000000022,True,2,0.0,99.85978874458644,100.0,0.113,3.698510694243942,73.0
2025,red_bull_ring,NOR,20,32,chaser,PIA,2.366,MEDIUM,20.0,0.0584051199542727,True,0.0,21.5175,True,12,0.0,40.51014708731734,41.0,0.1183,2.025507354365867,21.0
2025,red_bull_ring,PIA,24,36,race leader,,,,,,,,,False,12,,,,,,
2025,red_bull_ring,LEC,25,36,chaser,HAM,0.208,MEDIUM,25.0,0.0584051199542727,True,0.0,21.5175,True,11,0.0,3.5613316120718537,4.0,0.00832,0.14245326448287415,-21.0
2025,red_bull_ring,HAM,26,34,chaser,NOR,1.066,MEDIUM,26.0,0.0584051199542727,True,0.0,21.5175,True,8,0.0,18.251824511868254,19.0,0.041,0.7019932504564712,-7.0
2025,red_bull_ring,RUS,18,33,chaser,BOR,0.602,MEDIUM,18.0,0.0584051199542727,True,0.0,21.5175,True,15,0.0,10.307315531092577,11.0,0.03344444444444444,0.5726286406162543,-7.0
2025,shanghai,PIA,14,22,chaser,NOR,1.697,MEDIUM,14.0,0.1350270452381319,True,0.0,24.517999999999986,True,8,0.0,12.567852588399559,13.0,0.12121428571428572,0.8977037563142541,-1.0
2025,shanghai,NOR,15,20,race leader,,,,,,,,,False,5,,,,,,
2025,shanghai,RUS,14,22,chaser,LEC,1.603,MEDIUM,14.0,0.1350270452381319,True,0.0,24.517999999999986,True,8,0.0,11.871695756749848,12.0,0.1145,0.8479782683392748,-2.0
2025,shanghai,VER,13,17,chaser,HAM,5.418,MEDIUM,13.0,0.1350270452381319,True,0.0,24.517999999999986,True,4,0.0,40.12529482849075,41.0,0.4167692307692308,3.0865611406531346,28.0
2025,shanghai,LEC,15,20,chaser,NOR,5.22,MEDIUM,15.0,0.1350270452381319,True,0.0,24.517999999999986,True,5,0.0,38.65892192778178,39.0,0.348,2.577261461852119,24.0
2025,singapore,RUS,25,40,race leader,,,,,,,,,False,15,,,,,,
2025,singapore,VER,19,59,chaser,PIA,0.407,SOFT,22.0,0.0001250212121117,False,-3.0,27.325000000000003,True,40,0.0,3255.4475606616775,3253.0,0.0185,147.97488912098535,3234.0
2025,singapore,NOR,26,40,chaser,PIA,1.407,MEDIUM,26.0,0.0278411157085458,True,0.0,27.325000000000003,True,14,0.0,50.53676780518256,51.0,0.054115384615384614,1.9437218386608677,25.0
2025,singapore,PIA,27,39,race leader,,,,,,,,,False,12,,,,,,
2025,singapore,ANT,25,40,chaser,VER,0.342,MEDIUM,25.0,0.0278411157085458,True,0.0,27.325000000000003,True,15,0.0,12.283990468637127,13.0,0.013680000000000001,0.4913596187454851,-12.0
2025,suzuka,VER,21,28,race leader,,,,,,,,,False,7,,,,,,
2025,suzuka,NOR,21,28,chaser,VER,1.329,MEDIUM,21.0,0.1185786661672319,True,0.0,23.478999999999985,True,7,0.0,11.207749614299985,12.0,0.06328571428571428,0.5337023625857136,-9.0
2025,suzuka,PIA,20,27,chaser,NOR,4.76,MEDIUM,20.0,0.1185786661672319,True,0.0,23.478999999999985,True,7,0.0,40.142128039178274,41.0,0.238,2.007106401958914,21.0
2025,suzuka,LEC,21,28,chaser,NOR,6.199,MEDIUM,21.0,0.1185786661672319,True,0.0,23.478999999999985,True,7,0.0,52.27753187287104,53.0,0.29519047619047617,2.4894062796605256,32.0
2025,suzuka,RUS,19,30,chaser,LEC,4.302,MEDIUM,19.0,0.1185786661672319,True,0.0,23.478999999999985,True,11,0.0,36.27971319843381,37.0,0.22642105263157894,1.9094585893912532,18.0
2025,yas_marina,VER,23,24,race leader,,,,,,,,,False,1,,,,,,
2025,yas_marina,PIA,41,37,chaser,VER,4.107,HARD,41.0,0.0566976802444461,True,0.0,23.338499999999982,True,-4,0.0,72.43682602697501,73.0,0.10017073170731708,1.7667518543164635,32.0
2025,yas_marina,NOR,16,25,chaser,PIA,5.414,MEDIUM,16.0,0.0770271612077888,True,0.0,23.338499999999982,True,9,0.0,70.28689510437974,71.0,0.338375,4.392930944023734,55.0
2025,yas_marina,LEC,16,25,chaser,NOR,2.349,MEDIUM,16.0,0.0770271612077888,True,0.0,23.338499999999982,True,9,0.0,30.49573635023791,31.0,0.1468125,1.9059835218898693,15.0
2025,yas_marina,RUS,14,25,chaser,ALO,0.381,MEDIUM,14.0,0.0770271612077888,True,0.0,23.338499999999982,True,11,0.0,4.946307173027093,5.0,0.027214285714285715,0.353307655216221,-9.0
2025,zandvoort,PIA,23,34,race leader,,,,,,,,,False,11,,,,,,
2025,zandvoort,VER,23,44,chaser,NOR,19.217,SOFT,23.0,0.0289762132997568,True,0.0,24.0,True,21,0.0,663.1991489433607,664.0,0.8355217391304347,28.83474560623307,641.0
2025,zandvoort,HAD,23,34,chaser,VER,3.471,MEDIUM,23.0,0.044845736942392,True,0.0,24.0,True,11,0.0,77.39866120293178,78.0,0.15091304347826087,3.365159182736164,55.0
2025,zandvoort,RUS,23,34,chaser,HAD,3.323,MEDIUM,23.0,0.044845736942392,True,0.0,24.0,True,11,0.0,74.0984589966414,75.0,0.14447826086956522,3.2216721302887565,52.0
2025,zandvoort,ALB,23,34,chaser,SAI,6.891,MEDIUM,23.0,0.044845736942392,True,0.0,24.0,True,11,0.0,153.66009056450673,154.0,0.2996086956521739,6.68087350280464,131.0
