circuit,compound,deg_p1,deg_p1_ci_low,deg_p1_ci_high,n_stints,n_clusters,race_laps,resolved,o_s,a_laps,a_low,a_high,d2_unreachable,d2_past_half_distance
austin,HARD,0.0516538131944326,0.0429455582117898,0.0603620681770754,184,76,56,True,0.3,5.807896483281023,4.970008633897926,6.985588556574898,False,False
austin,MEDIUM,0.0435545974013401,0.0371129199918487,0.0499962748108314,184,76,56,True,0.3,6.887906625231932,6.000447056007595,8.083438329991026,False,False
austin,SOFT,0.0603114279365675,0.0483637532820041,0.0722591025911308,184,76,56,True,0.3,4.974181681049316,4.151726069689972,6.202992523155319,False,False
bahrain,HARD,0.1325996755526404,0.1102978877894699,0.1549014633158108,259,80,57,True,0.3,2.262448974702836,1.9367150805306754,2.7199070264393663,False,False
bahrain,MEDIUM,0.1410140956277672,0.1162998482095406,0.1657283430459938,259,80,57,True,0.3,2.1274468957479646,1.810191271367158,2.5795390502959368,False,False
bahrain,SOFT,0.1140248091248281,0.0916924174555064,0.1363572007941498,259,80,57,True,0.3,2.6310063774943617,2.200103832087986,3.271808163914694,False,False
baku,HARD,0.0227238614425213,0.0151095397357121,0.0303381831493306,156,79,51,True,0.3,13.20198157161065,9.88852887212593,19.85500586036622,False,False
baku,MEDIUM,0.0130656644639173,0.0022230315192002,0.0239082974086344,156,79,51,True,0.3,22.960944759334122,12.547944961219029,134.9508531070822,False,False
baku,SOFT,0.0196791436510195,-0.0010496244524146,0.0404079117544537,156,79,51,False,0.3,15.24456578599436,7.424288634933837,inf,True,True
barcelona,HARD,0.0728724240026654,0.0513509164726242,0.0943939315327066,261,79,66,True,0.3,4.116783599637459,3.178170409143864,5.842154738561164,False,False
barcelona,MEDIUM,0.0817686923685352,0.0703474277590757,0.0931899569779947,261,79,66,True,0.3,3.668885869519429,3.2192310172526435,4.264548250824939,False,False
barcelona,SOFT,0.081805860757993,0.0700667172955023,0.0935450042204836,261,79,66,True,0.3,3.667218915860963,3.2070125230087787,4.281633442805197,False,False
hungaroring,HARD,0.060520127576277,0.052193946005702,0.0688463091468519,215,78,70,True,0.3,4.957028545947672,4.3575320698759334,5.747793048014152,False,False
hungaroring,MEDIUM,0.0592511679544252,0.052267139146722,0.0662351967621283,215,78,70,True,0.3,5.063191332038449,4.5293139397984366,5.739744032246595,False,False
hungaroring,SOFT,0.0907493248652535,0.0664600564867592,0.1150385932437478,215,78,70,True,0.3,3.3058097175427616,2.607820484768529,4.5139895428733015,False,False
imola,HARD,0.0422994281063751,0.0296370781988214,0.0549617780139287,122,58,63,True,0.3,7.092294468983279,5.458338700832648,10.122455323950602,False,False
imola,MEDIUM,0.0139899656728328,0.0002629847779361,0.0277169465677295,122,58,63,True,0.3,21.443941108631297,10.823703082405414,1140.7504356502868,False,False
imola,SOFT,-0.0495954626145733,-0.1224660023227467,0.0232750770935999,122,58,63,False,0.3,,12.889323579619546,inf,True,True
interlagos,HARD,0.0648799778448299,0.0589388231657537,0.0708211325239061,158,53,71,True,0.3,4.623922664053532,4.236023758850979,5.090023585240407,False,False
interlagos,MEDIUM,0.058694929276275,0.0529726700844348,0.0644171884681152,158,53,71,True,0.3,5.111174060503768,4.657142094124335,5.663297687691041,False,False
interlagos,SOFT,0.0445278270598104,0.0375670414929163,0.0514886126267044,158,53,71,True,0.3,6.737359979345855,5.826531046292088,7.985723338276943,False,False
jeddah,HARD,0.0090476870168139,-0.000406189889162,0.0185015639227898,137,74,50,False,0.3,33.157645643852476,16.214845472088275,inf,True,True
jeddah,MEDIUM,0.0124748997380663,0.0032240609351403,0.0217257385409923,137,74,50,True,0.3,24.048289469178705,13.808506414359979,93.05035048506147,False,False
jeddah,SOFT,-0.0012611373902036,-0.0470567087259086,0.0445344339455014,137,74,50,False,0.3,,6.7363604613706825,inf,True,True
las_vegas,HARD,0.0366145297764188,0.0234908940058808,0.0497381655469568,131,57,50,True,0.3,8.193468599266618,6.031585538006544,12.770906033840042,False,False
las_vegas,MEDIUM,0.0443434377478497,0.0301181763581814,0.058568699137518,131,57,50,True,0.3,6.765375334810337,5.122189914029108,9.960762445648772,False,False
losail,HARD,0.0073361376018934,-0.0278262763325591,0.042498551536346,154,55,57,False,0.3,40.893453242012846,7.059064112889383,inf,True,True
losail,MEDIUM,0.0393869998294942,0.0150364755480218,0.0637375241109666,154,55,57,True,0.3,7.6167263639956335,4.706803475417432,19.951483912695753,False,False
losail,SOFT,0.2106177885080322,0.0850773513175904,0.3361582256984741,154,55,57,True,0.3,1.4243811129398458,0.8924368855667772,3.5262028654384387,False,False
melbourne,HARD,-0.0037516165908794,-0.0139609671932901,0.0064577340115313,108,55,58,False,0.3,,46.45592393001985,inf,True,True
melbourne,MEDIUM,0.0237735003158315,0.0112748305424712,0.0362721700891918,108,55,58,True,0.3,12.61909251959085,8.270803739128707,26.60793870647802,False,False
melbourne,SOFT,-0.179224527210291,-0.3650001586371227,0.0065511042165407,108,55,58,False,0.3,,45.79380667499357,inf,True,True
mexico_city,HARD,0.061460614295588,0.0455109374510929,0.0774102911400831,169,76,71,True,0.3,4.8811747724678325,3.875453710116067,6.591822027889162,False,False
mexico_city,MEDIUM,0.045533393376508,0.0324894263429326,0.0585773604100835,169,76,71,True,0.3,6.588571106909391,5.121432544924951,9.233773377019283,False,False
mexico_city,SOFT,0.0075109645602706,-0.0117183782939283,0.0267403074144696,169,76,71,False,0.3,39.94160771132593,11.219018366171262,inf,True,True
miami,HARD,0.0193661384800805,0.0127671846491988,0.0259650923109622,154,77,57,True,0.3,15.490956047255992,11.553973943444946,23.49774114207915,False,False
miami,MEDIUM,0.0207700674577235,0.013721520192632,0.0278186147228151,154,77,57,True,0.3,14.443862573418981,10.78414590335293,21.863466714212176,False,False
miami,SOFT,0.0270844487955326,0.0112317058070912,0.0429371917839739,154,77,57,True,0.3,11.076466878273077,6.986949717377035,26.710101310754894,False,False
monaco,HARD,0.0138849493335602,-0.0035318411978023,0.0313017398649227,114,72,78,False,0.3,21.606128534793715,9.584131786111527,inf,True,True
monaco,MEDIUM,0.0150369135013619,-0.0040895346122443,0.0341633616149682,114,72,78,False,0.3,19.95090282143532,8.781337251910221,inf,True,True
monaco,SOFT,0.0502848467622225,0.0030526498253061,0.0975170436991389,114,72,78,True,0.3,5.966012015877933,3.076385302712464,98.27527465254484,False,False
montreal,HARD,0.0187493344261966,0.0109930608808946,0.0265056079714986,168,78,70,True,0.3,16.00056797647385,11.318359508017664,27.289942560164047,False,False
montreal,MEDIUM,-0.0010153475254632,-0.0196519412570084,0.0176212462060818,168,78,70,False,0.3,,17.02490258018516,inf,True,True
montreal,SOFT,0.008340616078474,-0.0169488671005308,0.0336300992574789,168,78,70,False,0.3,35.96856601207905,8.920580272545102,inf,True,True
monza,HARD,0.0347215763059001,0.0261205526327961,0.043322599979004,164,77,53,True,0.3,8.640160727640184,6.9247921441786255,11.48520876328359,False,False
monza,MEDIUM,0.0305528385184512,0.0229946547522176,0.0381110222846848,164,77,53,True,0.3,9.819054940470641,7.871738463456469,13.046510296966648,False,False
monza,SOFT,0.0064675235486086,-0.0104512185223098,0.0233862656195271,164,77,53,False,0.3,46.38560613583555,12.828042103032711,inf,True,True
red_bull_ring,HARD,0.0604030083041235,0.0559278530776619,0.0648781635305852,206,76,71,True,0.3,4.96664004695806,4.624051971794368,5.364053570649626,False,False
red_bull_ring,MEDIUM,0.0584051199542727,0.0533098221308069,0.0635004177777386,206,76,71,True,0.3,5.136535978949789,4.724378366297477,5.6274807907609725,False,False
red_bull_ring,SOFT,0.0460893265349819,0.013608505505549,0.0785701475644149,206,76,71,True,0.3,6.509099233036077,3.8182440697855147,22.045036457359117,False,False
ricard,HARD,0.06723032483589,0.0406253922800534,0.0938352573917267,43,20,53,True,0.3,4.4622720585138245,3.1970925251221245,7.3845440785391885,False,False
ricard,MEDIUM,0.0497486424155937,0.0329881546477775,0.0665091301834099,43,20,53,True,0.3,6.030315309789541,4.510658900104399,9.094173445079681,False,False
shanghai,HARD,0.1088956560723755,0.0810178146445281,0.1367734975002228,98,39,56,True,0.3,2.754930828467671,2.1934073887341463,3.7028893128785696,False,False
shanghai,MEDIUM,0.1350270452381319,0.0842896689568204,0.1857644215194433,98,39,56,True,0.3,2.2217771222863094,1.6149486405748588,3.55915503896074,False,False
shanghai,SOFT,0.1047737422699685,-0.0168121385283777,0.2263596230683147,98,39,56,False,0.3,2.8633128253355284,1.3253247020536911,inf,True,True
silverstone,HARD,0.0442614112673105,0.0223625408265698,0.0661602817080512,136,71,52,True,0.3,6.7779131168726785,4.534442602947567,13.415291326983667,False,False
silverstone,MEDIUM,0.0523434564835723,0.0325874036881684,0.0720995092789761,136,71,52,True,0.3,5.731375422143803,4.160915975713564,9.206011097745778,False,False
silverstone,SOFT,0.0546222909408684,0.0290249788186139,0.0802196030631229,136,71,52,True,0.3,5.492263228665497,3.739734286193577,10.33592485544238,False,False
singapore,HARD,0.0546386391227784,0.0446013961846815,0.0646758820608753,142,72,62,True,0.3,5.49061991324254,4.638514241176163,6.726246836708578,False,False
singapore,MEDIUM,0.0278411157085458,0.013440300155569,0.0422419312615226,142,72,62,True,0.3,10.775430235646601,7.101948018017455,22.32093007801576,False,False
singapore,SOFT,0.0001250212121117,-0.0206378328551313,0.0208878752793549,142,72,62,False,0.3,2399.5927965565193,14.362399046709799,inf,True,True
spa,HARD,0.1532270415720154,0.1027184976640203,0.2037355854800104,170,76,44,True,0.3,1.9578789547992583,1.472496811458765,2.920603463080851,False,False
spa,MEDIUM,0.1765926706345557,0.1224151467744104,0.230770194494701,170,76,44,True,0.3,1.6988247525902467,1.2999945710358565,2.450677125379323,False,False
spa,SOFT,0.1036910897110199,0.0279616085657845,0.1794205708562553,170,76,44,True,0.3,2.8932090581368164,1.6720490775851349,10.728996484383162,False,False
suzuka,HARD,0.130989246783003,0.0940719197975116,0.1679065737684944,136,56,53,True,0.3,2.290264333659239,1.786707889195767,3.1890494065152013,False,False
suzuka,MEDIUM,0.1185786661672319,0.0830531461451832,0.1541041861892805,136,56,53,True,0.3,2.529966052889387,1.946734916282683,3.6121449207424035,False,False
suzuka,SOFT,0.0773477220246738,-0.0110914706128072,0.165786914662155,136,56,53,False,0.3,3.8785886920406067,1.8095517406265023,inf,True,True
yas_marina,HARD,0.0566976802444461,0.0515275334549148,0.0618678270339773,191,79,58,True,0.3,5.291221769684076,4.849046982614121,5.8221300319467435,False,False
yas_marina,MEDIUM,0.0770271612077888,0.066466274929306,0.0875880474862716,191,79,58,True,0.3,3.8947300575016484,3.425124872740444,4.513567223664665,False,False
yas_marina,SOFT,0.1224988787215677,0.1072233678364378,0.1377743896066976,191,79,58,True,0.3,2.4490020082704698,2.1774729023035797,2.7978975670455557,False,False
zandvoort,HARD,0.0344616746501222,0.0290709943446316,0.0398523549556129,212,80,72,True,0.3,8.705322740284656,7.527786007480275,10.319564458083269,False,False
zandvoort,MEDIUM,0.044845736942392,0.0389944935496349,0.0506969803351491,212,80,72,True,0.3,6.689599066804821,5.917512207171928,7.693393930559431,False,False
zandvoort,SOFT,0.0289762132997568,0.0210450121182105,0.0369074144813032,212,80,72,True,0.3,10.35331970042193,8.128448015560016,14.25515928975904,False,False
austin,HARD,0.0516538131944326,0.0429455582117898,0.0603620681770754,184,76,56,True,0.55,10.647810219348543,9.111682495479533,12.806912353720648,False,False
austin,MEDIUM,0.0435545974013401,0.0371129199918487,0.0499962748108314,184,76,56,True,0.55,12.62782881292521,11.000819602680593,14.819636938316881,False,False
austin,SOFT,0.0603114279365675,0.0483637532820041,0.0722591025911308,184,76,56,True,0.55,9.119333081923747,7.611497794431617,11.372152959118086,False,False
bahrain,HARD,0.1325996755526404,0.1102978877894699,0.1549014633158108,259,80,57,True,0.55,4.147823120288533,3.5506443143062385,4.986496215138839,False,False
bahrain,MEDIUM,0.1410140956277672,0.1162998482095406,0.1657283430459938,259,80,57,True,0.55,3.900319308871269,3.3186839975064566,4.729154925542551,False,False
bahrain,SOFT,0.1140248091248281,0.0916924174555064,0.1363572007941498,259,80,57,True,0.55,4.823511692072997,4.0335236921613085,5.998314967176939,False,False
baku,HARD,0.0227238614425213,0.0151095397357121,0.0303381831493306,156,79,51,True,0.55,24.203632881286193,18.128969598897537,36.40084407733807,False,False
baku,MEDIUM,0.0130656644639173,0.0022230315192002,0.0239082974086344,156,79,51,True,0.55,42.09506539211256,23.00456576223489,247.40989736298405,False,True
baku,SOFT,0.0196791436510195,-0.0010496244524146,0.0404079117544537,156,79,51,False,0.55,27.94837060765633,13.611195830712036,inf,True,True
barcelona,HARD,0.0728724240026654,0.0513509164726242,0.0943939315327066,261,79,66,True,0.55,7.547436599335342,5.826645750097084,10.710617020695468,False,False
barcelona,MEDIUM,0.0817686923685352,0.0703474277590757,0.0931899569779947,261,79,66,True,0.55,6.726290760785621,5.901923531629848,7.818338459845722,False,False
barcelona,SOFT,0.081805860757993,0.0700667172955023,0.0935450042204836,261,79,66,True,0.55,6.723234679078433,5.879522958849429,7.8496613118095295,False,False
hungaroring,HARD,0.060520127576277,0.052193946005702,0.0688463091468519,215,78,70,True,0.55,9.087885667570733,7.988808794772546,10.537620588025947,False,False
hungaroring,MEDIUM,0.0592511679544252,0.052267139146722,0.0662351967621283,215,78,70,True,0.55,9.28251744207049,8.303742222963802,10.522864059118758,False,False
hungaroring,SOFT,0.0907493248652535,0.0664600564867592,0.1150385932437478,215,78,70,True,0.55,6.060651148828397,4.781004222075637,8.275647495267721,False,False
imola,HARD,0.0422994281063751,0.0296370781988214,0.0549617780139287,122,58,63,True,0.55,13.00253985980268,10.006954284859855,18.557834760576103,False,False
imola,MEDIUM,0.0139899656728328,0.0002629847779361,0.0277169465677295,122,58,63,True,0.55,39.31389203249072,19.843455651076596,2091.375798692193,False,True
imola,SOFT,-0.0495954626145733,-0.1224660023227467,0.0232750770935999,122,58,63,False,0.55,,23.63042656263584,inf,True,True
interlagos,HARD,0.0648799778448299,0.0589388231657537,0.0708211325239061,158,53,71,True,0.55,8.47719155076481,7.766043557893462,9.33170990627408,False,False
interlagos,MEDIUM,0.058694929276275,0.0529726700844348,0.0644171884681152,158,53,71,True,0.55,9.370485777590241,8.53809383922795,10.382712427433576,False,False
interlagos,SOFT,0.0445278270598104,0.0375670414929163,0.0514886126267044,158,53,71,True,0.55,12.351826628800735,10.681973584868828,14.640492786841063,False,False
jeddah,HARD,0.0090476870168139,-0.000406189889162,0.0185015639227898,137,74,50,False,0.55,60.78901701372954,29.727216698828506,inf,True,True
jeddah,MEDIUM,0.0124748997380663,0.0032240609351403,0.0217257385409923,137,74,50,True,0.55,44.0885306934943,25.3155950929933,170.59230922261273,False,True
jeddah,SOFT,-0.0012611373902036,-0.0470567087259086,0.0445344339455014,137,74,50,False,0.55,,12.349994179179587,inf,True,True
las_vegas,HARD,0.0366145297764188,0.0234908940058808,0.0497381655469568,131,57,50,True,0.55,15.021359098655468,11.057906819678665,23.413327728706747,False,False
las_vegas,MEDIUM,0.0443434377478497,0.0301181763581814,0.058568699137518,131,57,50,True,0.55,12.403188113818953,9.390681509053366,18.26139781702275,False,False
losail,HARD,0.0073361376018934,-0.0278262763325591,0.042498551536346,154,55,57,False,0.55,74.97133094369022,12.941617540297203,inf,True,True
losail,MEDIUM,0.0393869998294942,0.0150364755480218,0.0637375241109666,154,55,57,True,0.55,13.963998333991995,8.62913970493196,36.577720506608884,False,False
losail,SOFT,0.2106177885080322,0.0850773513175904,0.3361582256984741,154,55,57,True,0.55,2.611365373723051,1.6361342902057585,6.464705253303805,False,False
melbourne,HARD,-0.0037516165908794,-0.0139609671932901,0.0064577340115313,108,55,58,False,0.55,,85.16919387170307,inf,True,True
melbourne,MEDIUM,0.0237735003158315,0.0112748305424712,0.0362721700891918,108,55,58,True,0.55,23.13500295258323,15.163140188402632,48.78122096187637,False,False
melbourne,SOFT,-0.179224527210291,-0.3650001586371227,0.0065511042165407,108,55,58,False,0.55,,83.95531223748822,inf,True,True
mexico_city,HARD,0.061460614295588,0.0455109374510929,0.0774102911400831,169,76,71,True,0.55,8.948820416191028,7.104998468546124,12.08500705113013,False,False
mexico_city,MEDIUM,0.045533393376508,0.0324894263429326,0.0585773604100835,169,76,71,True,0.55,12.079047029333884,9.389292999029077,16.928584524535353,False,False
mexico_city,SOFT,0.0075109645602706,-0.0117183782939283,0.0267403074144696,169,76,71,False,0.55,73.22628080409756,20.56820033798065,inf,True,True
miami,HARD,0.0193661384800805,0.0127671846491988,0.0259650923109622,154,77,57,True,0.55,28.400086086635987,21.182285562982404,43.07919209381178,False,False
miami,MEDIUM,0.0207700674577235,0.013721520192632,0.0278186147228151,154,77,57,True,0.55,26.4804147179348,19.770934156147042,40.083022309388994,False,False
miami,SOFT,0.0270844487955326,0.0112317058070912,0.0429371917839739,154,77,57,True,0.55,20.306855943500643,12.809407815191232,48.96851906971731,False,False
monaco,HARD,0.0138849493335602,-0.0035318411978023,0.0313017398649227,114,72,78,False,0.55,39.611235647121816,17.570908274537803,inf,True,True
monaco,MEDIUM,0.0150369135013619,-0.0040895346122443,0.0341633616149682,114,72,78,False,0.55,36.576655172631426,16.099118295168743,inf,True,True
monaco,SOFT,0.0502848467622225,0.0030526498253061,0.0975170436991389,114,72,78,True,0.55,10.937688695776211,5.640039721639518,180.17133686299888,False,False
montreal,HARD,0.0187493344261966,0.0109930608808946,0.0265056079714986,168,78,70,True,0.55,29.334374623535393,20.750325764699053,50.031561360300756,False,False
montreal,MEDIUM,-0.0010153475254632,-0.0196519412570084,0.0176212462060818,168,78,70,False,0.55,,31.21232139700613,inf,True,True
montreal,SOFT,0.008340616078474,-0.0169488671005308,0.0336300992574789,168,78,70,False,0.55,65.94237102214494,16.35439716633269,inf,True,True
monza,HARD,0.0347215763059001,0.0261205526327961,0.043322599979004,164,77,53,True,0.55,15.84029466734034,12.695452264327482,21.056216066019918,False,False
monza,MEDIUM,0.0305528385184512,0.0229946547522176,0.0381110222846848,164,77,53,True,0.55,18.00160072419618,14.431520516336862,23.918602211105522,False,False
monza,SOFT,0.0064675235486086,-0.0104512185223098,0.0233862656195271,164,77,53,False,0.55,85.04027791569852,23.518077188893304,inf,True,True
red_bull_ring,HARD,0.0604030083041235,0.0559278530776619,0.0648781635305852,206,76,71,True,0.55,9.105506752756444,8.477428614956343,9.834098212857649,False,False
red_bull_ring,MEDIUM,0.0584051199542727,0.0533098221308069,0.0635004177777386,206,76,71,True,0.55,9.416982628074614,8.661360338212043,10.317048116395117,False,False
red_bull_ring,SOFT,0.0460893265349819,0.013608505505549,0.0785701475644149,206,76,71,True,0.55,11.933348593899476,7.000114127940111,40.41590017182506,False,False
ricard,HARD,0.06723032483589,0.0406253922800534,0.0938352573917267,43,20,53,True,0.55,8.180832107275346,5.861336296057228,13.53833081065518,False,False
ricard,MEDIUM,0.0497486424155937,0.0329881546477775,0.0665091301834099,43,20,53,True,0.55,11.055578067947492,8.269541316858065,16.67265131597942,False,False
shanghai,HARD,0.1088956560723755,0.0810178146445281,0.1367734975002228,98,39,56,True,0.55,5.050706518857397,4.021246879345935,6.788630406944045,False,False
shanghai,MEDIUM,0.1350270452381319,0.0842896689568204,0.1857644215194433,98,39,56,True,0.55,4.073258057524901,2.9607391743872413,6.525117571428024,False,False
shanghai,SOFT,0.1047737422699685,-0.0168121385283777,0.2263596230683147,98,39,56,False,0.55,5.24940684644847,2.4297619537651007,inf,True,True
silverstone,HARD,0.0442614112673105,0.0223625408265698,0.0661602817080512,136,71,52,True,0.55,12.426174047599911,8.31314477207054,24.594700766136725,False,False
silverstone,MEDIUM,0.0523434564835723,0.0325874036881684,0.0720995092789761,136,71,52,True,0.55,10.50752160726364,7.6283459554748685,16.87768701253393,False,False
silverstone,SOFT,0.0546222909408684,0.0290249788186139,0.0802196030631229,136,71,52,True,0.55,10.069149252553412,6.856179524688225,18.94919556831103,False,False
singapore,HARD,0.0546386391227784,0.0446013961846815,0.0646758820608753,142,72,62,True,0.55,10.066136507611324,8.503942775489634,12.331452533965727,False,False
singapore,MEDIUM,0.0278411157085458,0.013440300155569,0.0422419312615226,142,72,62,True,0.55,19.75495543201877,13.020238033032003,40.9217051430289,False,False
singapore,SOFT,0.0001250212121117,-0.0206378328551313,0.0208878752793549,142,72,62,False,0.55,4399.253460353619,26.331064918967968,inf,True,True
spa,HARD,0.1532270415720154,0.1027184976640203,0.2037355854800104,170,76,44,True,0.55,3.5894447504653075,2.699577487674403,5.354439682314894,False,False
spa,MEDIUM,0.1765926706345557,0.1224151467744104,0.230770194494701,170,76,44,True,0.55,3.1145120464154528,2.383323380232404,4.492908063195427,False,False
spa,SOFT,0.1036910897110199,0.0279616085657845,0.1794205708562553,170,76,44,True,0.55,5.304216606584164,3.0654233089060807,19.669826888035796,False,False
suzuka,HARD,0.130989246783003,0.0940719197975116,0.1679065737684944,136,56,53,True,0.55,4.198817945041939,3.27563113019224,5.846590578611203,False,False
suzuka,MEDIUM,0.1185786661672319,0.0830531461451832,0.1541041861892805,136,56,53,True,0.55,4.638271096963877,3.569014013184919,6.62226568802774,False,False
suzuka,SOFT,0.0773477220246738,-0.0110914706128072,0.165786914662155,136,56,53,False,0.55,7.11074593540778,3.317511524481921,inf,True,True
yas_marina,HARD,0.0566976802444461,0.0515275334549148,0.0618678270339773,191,79,58,True,0.55,9.700573244420807,8.88991946812589,10.67390505856903,False,False
yas_marina,MEDIUM,0.0770271612077888,0.066466274929306,0.0875880474862716,191,79,58,True,0.55,7.140338438753022,6.279395600024149,8.274873243385219,False,False
yas_marina,SOFT,0.1224988787215677,0.1072233678364378,0.1377743896066976,191,79,58,True,0.55,4.489837015162528,3.99203365422323,5.129478872916852,False,False
zandvoort,HARD,0.0344616746501222,0.0290709943446316,0.0398523549556129,212,80,72,True,0.55,15.959758357188536,13.800941013713839,18.919201506485997,False,False
zandvoort,MEDIUM,0.044845736942392,0.0389944935496349,0.0506969803351491,212,80,72,True,0.55,12.264264955808839,10.848772379815204,14.104555539358957,False,False
zandvoort,SOFT,0.0289762132997568,0.0210450121182105,0.0369074144813032,212,80,72,True,0.55,18.981086117440206,14.902154695193365,26.134458697891578,False,False
austin,HARD,0.0516538131944326,0.0429455582117898,0.0603620681770754,184,76,56,True,0.8,15.487723955416062,13.253356357061138,18.628236150866396,False,False
austin,MEDIUM,0.0435545974013401,0.0371129199918487,0.0499962748108314,184,76,56,True,0.8,18.367751000618487,16.00119214935359,21.555835546642736,False,False
austin,SOFT,0.0603114279365675,0.0483637532820041,0.0722591025911308,184,76,56,True,0.8,13.264484482798176,11.07126951917326,16.541313395080852,False,False
bahrain,HARD,0.1325996755526404,0.1102978877894699,0.1549014633158108,259,80,57,True,0.8,6.03319726587423,5.164573548081801,7.253085403838311,False,False
bahrain,MEDIUM,0.1410140956277672,0.1162998482095406,0.1657283430459938,259,80,57,True,0.8,5.6731917219945736,4.827176723645755,6.878770800789166,False,False
bahrain,SOFT,0.1140248091248281,0.0916924174555064,0.1363572007941498,259,80,57,True,0.8,7.016017006651631,5.8669435522346305,8.724821770439185,False,False
baku,HARD,0.0227238614425213,0.0151095397357121,0.0303381831493306,156,79,51,True,0.8,35.205284190961734,26.369410325669147,52.946682294309916,False,True
baku,MEDIUM,0.0130656644639173,0.0022230315192002,0.0239082974086344,156,79,51,True,0.8,61.229186024891,33.46118656325075,359.8689416188859,True,True
baku,SOFT,0.0196791436510195,-0.0010496244524146,0.0404079117544537,156,79,51,False,0.8,40.6521754293183,19.79810302649023,inf,True,True
barcelona,HARD,0.0728724240026654,0.0513509164726242,0.0943939315327066,261,79,66,True,0.8,10.978089599033224,8.475121091050303,15.579079302829772,False,False
barcelona,MEDIUM,0.0817686923685352,0.0703474277590757,0.0931899569779947,261,79,66,True,0.8,9.783695652051811,8.584616046007051,11.372128668866504,False,False
barcelona,SOFT,0.081805860757993,0.0700667172955023,0.0935450042204836,261,79,66,True,0.8,9.779250442295902,8.552033394690078,11.417689180813861,False,False
hungaroring,HARD,0.060520127576277,0.052193946005702,0.0688463091468519,215,78,70,True,0.8,13.218742789193794,11.620085519669157,15.32744812803774,False,False
hungaroring,MEDIUM,0.0592511679544252,0.052267139146722,0.0662351967621283,215,78,70,True,0.8,13.501843552102532,12.078170506129165,15.305984085990922,False,False
hungaroring,SOFT,0.0907493248652535,0.0664600564867592,0.1150385932437478,215,78,70,True,0.8,8.815492580114032,6.954187959382744,12.037305447662138,False,False
imola,HARD,0.0422994281063751,0.0296370781988214,0.0549617780139287,122,58,63,True,0.8,18.91278525062208,14.555569868887062,26.993214197201606,False,False
imola,MEDIUM,0.0139899656728328,0.0002629847779361,0.0277169465677295,122,58,63,True,0.8,57.183842956350134,28.863208219747776,3042.0011617340983,False,True
imola,SOFT,-0.0495954626145733,-0.1224660023227467,0.0232750770935999,122,58,63,False,0.8,,34.37152954565213,inf,True,True
interlagos,HARD,0.0648799778448299,0.0589388231657537,0.0708211325239061,158,53,71,True,0.8,12.330460437476084,11.296063356935944,13.573396227307754,False,False
interlagos,MEDIUM,0.058694929276275,0.0529726700844348,0.0644171884681152,158,53,71,True,0.8,13.629797494676716,12.419045584331561,15.10212716717611,False,False
interlagos,SOFT,0.0445278270598104,0.0375670414929163,0.0514886126267044,158,53,71,True,0.8,17.966293278255616,15.537416123445569,21.295262235405183,False,False
jeddah,HARD,0.0090476870168139,-0.000406189889162,0.0185015639227898,137,74,50,False,0.8,88.4203883836066,43.239587925568735,inf,True,True
jeddah,MEDIUM,0.0124748997380663,0.0032240609351403,0.0217257385409923,137,74,50,True,0.8,64.12877191780989,36.822683771626615,248.13426796016395,True,True
jeddah,SOFT,-0.0012611373902036,-0.0470567087259086,0.0445344339455014,137,74,50,False,0.8,,17.963627896988488,inf,True,True
las_vegas,HARD,0.0366145297764188,0.0234908940058808,0.0497381655469568,131,57,50,True,0.8,21.849249598044317,16.084228101350785,34.055749423573445,False,False
las_vegas,MEDIUM,0.0443434377478497,0.0301181763581814,0.058568699137518,131,57,50,True,0.8,18.04100089282757,13.659173104077622,26.562033188396725,False,False
losail,HARD,0.0073361376018934,-0.0278262763325591,0.042498551536346,154,55,57,False,0.8,109.0492086453676,18.824170967705022,inf,True,True
losail,MEDIUM,0.0393869998294942,0.0150364755480218,0.0637375241109666,154,55,57,True,0.8,20.31127030398836,12.551475934446488,53.20395710052201,False,False
losail,SOFT,0.2106177885080322,0.0850773513175904,0.3361582256984741,154,55,57,True,0.8,3.798349634506256,2.3798316948447393,9.403207641169171,False,False
melbourne,HARD,-0.0037516165908794,-0.0139609671932901,0.0064577340115313,108,55,58,False,0.8,,123.88246381338628,inf,True,True
melbourne,MEDIUM,0.0237735003158315,0.0112748305424712,0.0362721700891918,108,55,58,True,0.8,33.650913385575606,22.055476637676556,70.95450321727472,False,True
melbourne,SOFT,-0.179224527210291,-0.3650001586371227,0.0065511042165407,108,55,58,False,0.8,,122.11681779998285,inf,True,True
mexico_city,HARD,0.061460614295588,0.0455109374510929,0.0774102911400831,169,76,71,True,0.8,13.016466059914222,10.33454322697618,17.5781920743711,False,False
mexico_city,MEDIUM,0.045533393376508,0.0324894263429326,0.0585773604100835,169,76,71,True,0.8,17.569522951758376,13.657153453133203,24.623395672051423,False,False
mexico_city,SOFT,0.0075109645602706,-0.0117183782939283,0.0267403074144696,169,76,71,False,0.8,106.51095389686917,29.91738230979003,inf,True,True
miami,HARD,0.0193661384800805,0.0127671846491988,0.0259650923109622,154,77,57,True,0.8,41.30921612601598,30.81059718251986,62.660643045544404,False,True
miami,MEDIUM,0.0207700674577235,0.013721520192632,0.0278186147228151,154,77,57,True,0.8,38.516966862450616,28.75772240894115,58.30257790456581,False,True
miami,SOFT,0.0270844487955326,0.0112317058070912,0.0429371917839739,154,77,57,True,0.8,29.53724500872821,18.631865913005427,71.22693682867973,False,True
monaco,HARD,0.0138849493335602,-0.0035318411978023,0.0313017398649227,114,72,78,False,0.8,57.616342759449914,25.557684762964076,inf,True,True
monaco,MEDIUM,0.0150369135013619,-0.0040895346122443,0.0341633616149682,114,72,78,False,0.8,53.202407523827524,23.41689933842726,inf,True,True
monaco,SOFT,0.0502848467622225,0.0030526498253061,0.0975170436991389,114,72,78,True,0.8,15.909365375674488,8.20369414056657,262.0673990734529,False,False
montreal,HARD,0.0187493344261966,0.0109930608808946,0.0265056079714986,168,78,70,True,0.8,42.66818127059694,30.18229202138044,72.77318016043746,False,True
montreal,MEDIUM,-0.0010153475254632,-0.0196519412570084,0.0176212462060818,168,78,70,False,0.8,,45.399740213827094,inf,True,True
montreal,SOFT,0.008340616078474,-0.0169488671005308,0.0336300992574789,168,78,70,False,0.8,95.91617603221081,23.788214060120275,inf,True,True
monza,HARD,0.0347215763059001,0.0261205526327961,0.043322599979004,164,77,53,True,0.8,23.040428607040493,18.466112384476336,30.62722336875624,False,False
monza,MEDIUM,0.0305528385184512,0.0229946547522176,0.0381110222846848,164,77,53,True,0.8,26.184146507921714,20.991302569217254,34.7906941252444,False,False
monza,SOFT,0.0064675235486086,-0.0104512185223098,0.0233862656195271,164,77,53,False,0.8,123.69494969556149,34.2081122747539,inf,True,True
red_bull_ring,HARD,0.0604030083041235,0.0559278530776619,0.0648781635305852,206,76,71,True,0.8,13.244373458554827,12.330805258118318,14.304142855065672,False,False
red_bull_ring,MEDIUM,0.0584051199542727,0.0533098221308069,0.0635004177777386,206,76,71,True,0.8,13.697429277199438,12.598342310126608,15.006615442029261,False,False
red_bull_ring,SOFT,0.0460893265349819,0.013608505505549,0.0785701475644149,206,76,71,True,0.8,17.357597954762873,10.181984186094708,58.78676388629099,False,False
ricard,HARD,0.06723032483589,0.0406253922800534,0.0938352573917267,43,20,53,True,0.8,11.899392156036866,8.525580066992331,19.69211754277117,False,False
ricard,MEDIUM,0.0497486424155937,0.0329881546477775,0.0665091301834099,43,20,53,True,0.8,16.08084082610544,12.028423733611731,24.251129186879155,False,False
shanghai,HARD,0.1088956560723755,0.0810178146445281,0.1367734975002228,98,39,56,True,0.8,7.346482209247123,5.849086369957724,9.87437150100952,False,False
shanghai,MEDIUM,0.1350270452381319,0.0842896689568204,0.1857644215194433,98,39,56,True,0.8,5.924738992763492,4.306529708199624,9.491080103895309,False,False
shanghai,SOFT,0.1047737422699685,-0.0168121385283777,0.2263596230683147,98,39,56,False,0.8,7.635500867561411,3.5341992054765097,inf,True,True
silverstone,HARD,0.0442614112673105,0.0223625408265698,0.0661602817080512,136,71,52,True,0.8,18.074434978327144,12.091846941193513,35.77411020528978,False,False
silverstone,MEDIUM,0.0523434564835723,0.0325874036881684,0.0720995092789761,136,71,52,True,0.8,15.283667792383477,11.095775935236171,24.54936292732208,False,False
silverstone,SOFT,0.0546222909408684,0.0290249788186139,0.0802196030631229,136,71,52,True,0.8,14.646035276441326,9.972624763182873,27.56246628117968,False,False
singapore,HARD,0.0546386391227784,0.0446013961846815,0.0646758820608753,142,72,62,True,0.8,14.641653101980108,12.369371309803103,17.936658231222875,False,False
singapore,MEDIUM,0.0278411157085458,0.013440300155569,0.0422419312615226,142,72,62,True,0.8,28.73448062839094,18.93852804804655,59.52248020804203,False,False
singapore,SOFT,0.0001250212121117,-0.0206378328551313,0.0208878752793549,142,72,62,False,0.8,6398.914124150719,38.29973079122613,inf,True,True
spa,HARD,0.1532270415720154,0.1027184976640203,0.2037355854800104,170,76,44,True,0.8,5.221010546131356,3.926658163890041,7.7882759015489365,False,False
spa,MEDIUM,0.1765926706345557,0.1224151467744104,0.230770194494701,170,76,44,True,0.8,4.530199340240658,3.466652189428951,6.535139001011529,False,False
spa,SOFT,0.1036910897110199,0.0279616085657845,0.1794205708562553,170,76,44,True,0.8,7.71522415503151,4.458797540227026,28.61065729168843,False,False
suzuka,HARD,0.130989246783003,0.0940719197975116,0.1679065737684944,136,56,53,True,0.8,6.1073715564246385,4.764554371188712,8.504131750707204,False,False
suzuka,MEDIUM,0.1185786661672319,0.0830531461451832,0.1541041861892805,136,56,53,True,0.8,6.746576141038366,5.191293110087155,9.632386455313076,False,False
suzuka,SOFT,0.0773477220246738,-0.0110914706128072,0.165786914662155,136,56,53,False,0.8,10.342903178774952,4.82547130833734,inf,True,True
yas_marina,HARD,0.0566976802444461,0.0515275334549148,0.0618678270339773,191,79,58,True,0.8,14.109924719157538,12.930791953637659,15.525680085191317,False,False
yas_marina,MEDIUM,0.0770271612077888,0.066466274929306,0.0875880474862716,191,79,58,True,0.8,10.385946820004396,9.133666327307852,12.036179263105774,False,False
yas_marina,SOFT,0.1224988787215677,0.1072233678364378,0.1377743896066976,191,79,58,True,0.8,6.530672022054586,5.80659440614288,7.461060178788149,False,False
zandvoort,HARD,0.0344616746501222,0.0290709943446316,0.0398523549556129,212,80,72,True,0.8,23.214193974092414,20.0740960199474,27.51883855488872,False,False
zandvoort,MEDIUM,0.044845736942392,0.0389944935496349,0.0506969803351491,212,80,72,True,0.8,17.838930844812857,15.780032552458477,20.515717148158483,False,False
zandvoort,SOFT,0.0289762132997568,0.0210450121182105,0.0369074144813032,212,80,72,True,0.8,27.60885253445848,21.675861374826713,38.01375810602411,False,False
