season,circuit,driver,method,real_pit_lap,single_car_lap,rival,adversarial_lap,gap_s,standalone_delta_s,single_car_error,adversarial_error,closed
2022,austin,VER,position,13,31,HAM,33.0,-3.261,15.867,18,20.0,-2.0
2022,austin,VER,pi_window,13,31,HAM,33.0,-3.261,15.867,18,20.0,-2.0
2022,austin,VER,d1,13,31,,,,,18,,
2022,austin,VER,thraves,13,31,HAM,33.0,-3.261,15.867,18,20.0,-2.0
2022,austin,HAM,position,12,28,VER,33.0,2.879,15.867,16,21.0,-5.0
2022,austin,HAM,pi_window,12,28,VER,33.0,2.879,15.867,16,21.0,-5.0
2022,austin,HAM,d1,12,28,VER,33.0,2.879,15.867,16,21.0,-5.0
2022,austin,HAM,thraves,12,28,LEC,30.0,-12.345,7.205,16,18.0,-2.0
2022,austin,LEC,position,18,30,STR,32.0,1.28,124.292,12,14.0,-2.0
2022,austin,LEC,pi_window,18,30,STR,32.0,1.28,124.292,12,14.0,-2.0
2022,austin,LEC,d1,18,30,STR,32.0,1.28,124.292,12,14.0,-2.0
2022,austin,LEC,thraves,18,30,HAM,33.0,-4.328,7.205,12,15.0,-3.0
2022,austin,PER,position,14,30,STR,33.0,-3.78,112.364,16,19.0,-3.0
2022,austin,PER,pi_window,14,30,RUS,33.0,0.796,16.091,16,19.0,-3.0
2022,austin,PER,d1,14,30,RUS,33.0,0.796,16.091,16,19.0,-3.0
2022,austin,PER,thraves,14,30,LEC,31.0,-6.969,11.928,16,17.0,-1.0
2022,austin,RUS,position,13,31,PER,33.0,-0.781,16.091,18,20.0,-2.0
2022,austin,RUS,pi_window,13,31,PER,33.0,-0.781,16.091,18,20.0,-2.0
2022,austin,RUS,d1,13,31,HAM,32.0,5.806,35.224,18,19.0,-1.0
2022,austin,RUS,thraves,13,31,PER,33.0,-0.781,16.091,18,20.0,-2.0
2022,bahrain,LEC,position,15,28,VER,30.0,-3.145,22.059,13,15.0,-2.0
2022,bahrain,LEC,pi_window,15,28,VER,30.0,-3.145,22.059,13,15.0,-2.0
2022,bahrain,LEC,d1,15,28,,,,,13,,
2022,bahrain,LEC,thraves,15,28,VER,30.0,-3.145,22.059,13,15.0,-2.0
2022,bahrain,SAI,position,14,28,VER,28.0,4.348,5.871,14,14.0,0.0
2022,bahrain,SAI,pi_window,14,28,HAM,28.0,-2.259,7.894,14,14.0,0.0
2022,bahrain,SAI,d1,14,28,VER,28.0,4.348,5.871,14,14.0,0.0
2022,bahrain,SAI,thraves,14,28,PER,27.0,-3.073,4.959,14,13.0,1.0
2022,bahrain,HAM,position,11,25,PER,26.0,-1.224,12.854,14,15.0,-1.0
2022,bahrain,HAM,pi_window,11,25,SAI,28.0,0.832,7.894,14,17.0,-3.0
2022,bahrain,HAM,d1,11,25,SAI,28.0,0.832,7.894,14,17.0,-3.0
2022,bahrain,HAM,thraves,11,25,SAI,28.0,0.832,7.894,14,17.0,-3.0
2022,bahrain,RUS,position,15,23,MAG,24.0,-5.317,11.001,8,9.0,-1.0
2022,bahrain,RUS,pi_window,15,23,HAM,25.0,2.89,29.384,8,10.0,-2.0
2022,bahrain,RUS,d1,15,23,HAM,25.0,2.89,29.384,8,10.0,-2.0
2022,bahrain,RUS,thraves,15,23,MAG,24.0,-5.317,11.001,8,9.0,-1.0
2022,bahrain,MAG,position,14,29,GAS,28.0,-1.788,40.379,15,14.0,1.0
2022,bahrain,MAG,pi_window,14,29,GAS,28.0,-1.788,40.379,15,14.0,1.0
2022,bahrain,MAG,d1,14,29,RUS,29.0,4.358,11.001,15,15.0,0.0
2022,bahrain,MAG,thraves,14,29,TSU,29.0,-8.919,5.273,15,15.0,0.0
2022,baku,VER,position,18,30,PER,32.0,1.266,19.992,12,14.0,-2.0
2022,baku,VER,pi_window,18,30,PER,32.0,1.266,19.992,12,14.0,-2.0
2022,baku,VER,d1,18,30,PER,32.0,1.266,19.992,12,14.0,-2.0
2022,baku,VER,thraves,18,30,PER,32.0,1.266,19.992,12,14.0,-2.0
2022,baku,PER,position,16,31,VER,33.0,-1.719,19.992,15,17.0,-2.0
2022,baku,PER,pi_window,16,31,VER,33.0,-1.719,19.992,15,17.0,-2.0
2022,baku,PER,d1,16,31,,,,,15,,
2022,baku,PER,thraves,16,31,VER,33.0,-1.719,19.992,15,17.0,-2.0
2022,baku,RUS,position,9,31,GAS,35.0,-1.803,24.633,22,26.0,-4.0
2022,baku,RUS,pi_window,9,31,GAS,35.0,-1.803,24.633,22,26.0,-4.0
2022,baku,RUS,d1,9,31,SAI,31.0,2.911,5.353,22,22.0,0.0
2022,baku,RUS,thraves,9,31,SAI,31.0,2.911,5.353,22,22.0,0.0
2022,baku,HAM,position,9,31,GAS,34.0,1.199,0.918,22,25.0,-3.0
2022,baku,HAM,pi_window,9,31,GAS,34.0,1.199,0.918,22,25.0,-3.0
2022,baku,HAM,d1,9,31,GAS,34.0,1.199,0.918,22,25.0,-3.0
2022,baku,HAM,thraves,9,31,GAS,34.0,1.199,0.918,22,25.0,-3.0
2022,baku,GAS,position,9,31,HAM,34.0,-1.199,0.918,22,25.0,-3.0
2022,baku,GAS,pi_window,9,31,HAM,34.0,-1.199,0.918,22,25.0,-3.0
2022,baku,GAS,d1,9,31,RUS,33.0,1.803,24.633,22,24.0,-2.0
2022,baku,GAS,thraves,9,31,VET,35.0,-2.577,0.765,22,26.0,-4.0
2022,barcelona,VER,position,13,32,RUS,33.0,-5.379,56.364,19,20.0,-1.0
2022,barcelona,VER,pi_window,13,32,LEC,33.0,2.067,60.944,19,20.0,-1.0
2022,barcelona,VER,d1,13,32,LEC,33.0,2.067,60.944,19,20.0,-1.0
2022,barcelona,VER,thraves,13,32,HAM,17.0,-58.337,12.302,19,4.0,15.0
2022,barcelona,PER,position,17,31,VER,34.0,1.559,31.152,14,17.0,-3.0
2022,barcelona,PER,pi_window,17,31,VER,34.0,1.559,31.152,14,17.0,-3.0
2022,barcelona,PER,d1,17,31,VER,34.0,1.559,31.152,14,17.0,-3.0
2022,barcelona,PER,thraves,17,31,HAM,22.0,-48.047,18.85,14,5.0,9.0
2022,barcelona,RUS,position,13,32,VER,33.0,5.379,56.364,19,20.0,-1.0
2022,barcelona,RUS,pi_window,13,32,PER,34.0,-0.783,25.212,19,21.0,-2.0
2022,barcelona,RUS,d1,13,32,VER,33.0,5.379,56.364,19,20.0,-1.0
2022,barcelona,RUS,thraves,13,32,SAI,36.0,-18.779,4.158,19,23.0,-4.0
2022,barcelona,SAI,position,10,31,PER,34.0,1.365,21.054,21,24.0,-3.0
2022,barcelona,SAI,pi_window,10,31,PER,34.0,1.365,21.054,21,24.0,-3.0
2022,barcelona,SAI,d1,10,31,PER,34.0,1.365,21.054,21,24.0,-3.0
2022,barcelona,SAI,thraves,10,31,RUS,34.0,2.568,4.158,21,24.0,-3.0
2022,hungaroring,VER,position,16,26,PER,29.0,-2.193,23.275,10,13.0,-3.0
2022,hungaroring,VER,pi_window,16,26,HAM,30.0,0.492,14.455,10,14.0,-4.0
2022,hungaroring,VER,d1,16,26,HAM,30.0,0.492,14.455,10,14.0,-4.0
2022,hungaroring,VER,thraves,16,26,LEC,34.0,8.326,9.345,10,18.0,-8.0
2022,hungaroring,HAM,position,19,35,VER,36.0,-1.523,14.455,16,17.0,-1.0
2022,hungaroring,HAM,pi_window,19,35,VER,36.0,-1.523,14.455,16,17.0,-1.0
2022,hungaroring,HAM,d1,19,35,LEC,35.0,8.109,5.11,16,16.0,0.0
2022,hungaroring,HAM,thraves,19,35,LEC,35.0,8.109,5.11,16,16.0,0.0
2022,hungaroring,RUS,position,16,25,SAI,26.0,-2.264,1.645,9,10.0,-1.0
2022,hungaroring,RUS,pi_window,16,25,SAI,26.0,-2.264,1.645,9,10.0,-1.0
2022,hungaroring,RUS,d1,16,25,,,,,9,,
2022,hungaroring,RUS,thraves,16,25,SAI,26.0,-2.264,1.645,9,10.0,-1.0
2022,hungaroring,SAI,position,17,35,LEC,37.0,-1.11,19.705,18,20.0,-2.0
2022,hungaroring,SAI,pi_window,17,35,LEC,37.0,-1.11,19.705,18,20.0,-2.0
2022,hungaroring,SAI,d1,17,35,RUS,35.0,2.375,1.645,18,18.0,0.0
2022,hungaroring,SAI,thraves,17,35,RUS,35.0,2.375,1.645,18,18.0,0.0
2022,hungaroring,PER,position,18,27,VER,29.0,2.337,23.275,9,11.0,-2.0
2022,hungaroring,PER,pi_window,18,27,VER,29.0,2.337,23.275,9,11.0,-2.0
2022,hungaroring,PER,d1,18,27,VER,29.0,2.337,23.275,9,11.0,-2.0
2022,hungaroring,PER,thraves,18,27,RUS,29.0,14.67,4.13,9,11.0,-2.0
2022,interlagos,RUS,position,24,40,PER,42.0,-2.265,28.425,16,18.0,-2.0
2022,interlagos,RUS,pi_window,24,40,PER,42.0,-2.265,28.425,16,18.0,-2.0
2022,interlagos,RUS,d1,24,40,,,,,16,,
2022,interlagos,RUS,thraves,24,40,LEC,28.0,-42.664,5.361,16,4.0,12.0
2022,interlagos,HAM,position,29,42,VET,44.0,-11.12,88.846,13,15.0,-2.0
2022,interlagos,HAM,pi_window,29,42,RUS,47.0,6.219,15.549,13,18.0,-5.0
2022,interlagos,HAM,d1,29,42,RUS,47.0,6.219,15.549,13,18.0,-5.0
2022,interlagos,HAM,thraves,29,42,SAI,40.0,-16.318,4.899,13,11.0,2.0
2022,interlagos,SAI,position,17,29,PER,33.0,3.23,39.075,12,16.0,-4.0
2022,interlagos,SAI,pi_window,17,29,NOR,32.0,-2.256,91.2,12,15.0,-3.0
2022,interlagos,SAI,d1,17,29,PER,33.0,3.23,39.075,12,16.0,-4.0
2022,interlagos,SAI,thraves,17,29,HAM,30.0,-3.21,4.899,12,13.0,-1.0
2022,interlagos,ALO,position,14,35,ZHO,36.0,-0.374,51.805,21,22.0,-1.0
2022,interlagos,ALO,pi_window,14,35,ZHO,36.0,-0.374,51.805,21,22.0,-1.0
2022,interlagos,ALO,d1,14,35,OCO,36.0,0.713,42.433,21,22.0,-1.0
2022,interlagos,ALO,thraves,14,35,PER,32.0,9.742,5.289,21,18.0,3.0
2022,jeddah,VER,position,16,28,LEC,19.0,2.179,8.35,12,3.0,9.0
2022,jeddah,VER,pi_window,16,28,LEC,19.0,2.179,8.35,12,3.0,9.0
2022,jeddah,VER,d1,16,28,LEC,19.0,2.179,8.35,12,3.0,9.0
2022,jeddah,VER,thraves,16,28,PER,22.0,4.722,0.5,12,6.0,6.0
2022,jeddah,LEC,position,16,28,VER,25.0,-2.179,8.35,12,9.0,3.0
2022,jeddah,LEC,pi_window,16,28,VER,25.0,-2.179,8.35,12,9.0,3.0
2022,jeddah,LEC,d1,16,28,PER,19.0,2.543,8.85,12,3.0,9.0
2022,jeddah,LEC,thraves,16,28,VER,25.0,-2.179,8.35,12,9.0,3.0
2022,jeddah,SAI,position,16,28,VER,19.0,2.928,0.85,12,3.0,9.0
2022,jeddah,SAI,pi_window,16,28,VER,19.0,2.928,0.85,12,3.0,9.0
2022,jeddah,SAI,d1,16,28,VER,19.0,2.928,0.85,12,3.0,9.0
2022,jeddah,SAI,thraves,16,28,PER,22.0,7.65,0.35,12,6.0,6.0
2022,jeddah,PER,position,15,22,LEC,22.0,-2.307,8.85,7,7.0,0.0
2022,jeddah,PER,pi_window,15,22,LEC,22.0,-2.307,8.85,7,7.0,0.0
2022,jeddah,PER,d1,15,22,,,,,7,,
2022,jeddah,PER,thraves,15,22,SAI,20.0,-7.218,0.35,7,5.0,2.0
2022,jeddah,RUS,position,16,28,ALO,22.0,-8.379,95.8,12,6.0,6.0
2022,jeddah,RUS,pi_window,16,28,ALO,22.0,-8.379,95.8,12,6.0,6.0
2022,jeddah,RUS,d1,16,28,SAI,31.0,10.777,26.55,12,15.0,-3.0
2022,jeddah,RUS,thraves,16,28,SAI,31.0,10.777,26.55,12,15.0,-3.0
2022,melbourne,LEC,position,22,18,VER,18.0,-8.309,86.623,-4,-4.0,0.0
2022,melbourne,LEC,pi_window,22,18,VER,18.0,-8.309,86.623,-4,-4.0,0.0
2022,melbourne,LEC,d1,22,18,,,,,-4,,
2022,melbourne,LEC,thraves,22,18,PER,18.0,-13.866,31.581,-4,-4.0,0.0
2022,melbourne,PER,position,20,16,VER,16.0,4.457,55.042,-4,-4.0,0.0
2022,melbourne,PER,pi_window,20,16,HAM,16.0,-3.261,25.346,-4,-4.0,0.0
2022,melbourne,PER,d1,20,16,VER,16.0,4.457,55.042,-4,-4.0,0.0
2022,melbourne,PER,thraves,20,16,HAM,16.0,-3.261,25.346,-4,-4.0,0.0
2022,melbourne,RUS,position,23,19,NOR,19.0,-3.193,50.518,-4,-4.0,0.0
2022,melbourne,RUS,pi_window,23,19,HAM,19.0,1.932,20.068,-4,-4.0,0.0
2022,melbourne,RUS,d1,23,19,HAM,19.0,1.932,20.068,-4,-4.0,0.0
2022,melbourne,RUS,thraves,23,19,VER,19.0,-5.443,9.628,-4,-4.0,0.0
2022,melbourne,HAM,position,22,18,PER,18.0,2.069,25.346,-4,-4.0,0.0
2022,melbourne,HAM,pi_window,22,18,RUS,18.0,-1.892,20.068,-4,-4.0,0.0
2022,melbourne,HAM,d1,22,18,PER,18.0,2.069,25.346,-4,-4.0,0.0
2022,melbourne,HAM,thraves,22,18,RUS,18.0,-1.892,20.068,-4,-4.0,0.0
2022,melbourne,NOR,position,20,16,RIC,16.0,-0.728,12.818,-4,-4.0,0.0
2022,melbourne,NOR,pi_window,20,16,RIC,16.0,-0.728,12.818,-4,-4.0,0.0
2022,melbourne,NOR,d1,20,16,RUS,16.0,0.972,50.518,-4,-4.0,0.0
2022,melbourne,NOR,thraves,20,16,OCO,16.0,-4.545,2.784,-4,-4.0,0.0
2022,mexico_city,VER,position,25,30,HAM,32.0,-2.161,50.559,5,7.0,-2.0
2022,mexico_city,VER,pi_window,25,30,HAM,32.0,-2.161,50.559,5,7.0,-2.0
2022,mexico_city,VER,d1,25,30,,,,,5,,
2022,mexico_city,VER,thraves,25,30,PER,31.0,-6.041,27.406,5,6.0,-1.0
2022,mexico_city,HAM,position,29,34,VER,35.0,1.699,50.559,5,6.0,-1.0
2022,mexico_city,HAM,pi_window,29,34,VER,35.0,1.699,50.559,5,6.0,-1.0
2022,mexico_city,HAM,d1,29,34,VER,35.0,1.699,50.559,5,6.0,-1.0
2022,mexico_city,HAM,thraves,29,34,SAI,40.0,-19.59,10.572,5,11.0,-6.0
2022,mexico_city,PER,position,23,28,HAM,32.0,3.678,23.153,5,9.0,-4.0
2022,mexico_city,PER,pi_window,23,28,RUS,32.0,-1.528,8.875,5,9.0,-4.0
2022,mexico_city,PER,d1,23,28,HAM,32.0,3.678,23.153,5,9.0,-4.0
2022,mexico_city,PER,thraves,23,28,RUS,32.0,-1.528,8.875,5,9.0,-4.0
2022,mexico_city,RUS,position,34,35,VER,33.0,-12.265,36.281,1,-1.0,0.0
2022,mexico_city,RUS,pi_window,34,35,HAM,32.0,1.939,14.278,1,-2.0,-1.0
2022,mexico_city,RUS,d1,34,35,HAM,32.0,1.939,14.278,1,-2.0,-1.0
2022,mexico_city,RUS,thraves,34,35,PER,39.0,-21.272,8.875,1,5.0,-4.0
2022,mexico_city,SAI,position,29,32,LEC,32.0,-4.788,5.822,3,3.0,0.0
2022,mexico_city,SAI,pi_window,29,32,LEC,32.0,-4.788,5.822,3,3.0,0.0
2022,mexico_city,SAI,d1,29,32,RUS,35.0,13.809,24.85,3,6.0,-3.0
2022,mexico_city,SAI,thraves,29,32,LEC,32.0,-4.788,5.822,3,3.0,0.0
2022,miami,VER,position,26,28,LEC,27.0,-4.279,9.081,2,1.0,1.0
2022,miami,VER,pi_window,26,28,LEC,27.0,-4.279,9.081,2,1.0,1.0
2022,miami,VER,d1,26,28,,,,,2,,
2022,miami,VER,thraves,26,28,LEC,27.0,-4.279,9.081,2,1.0,1.0
2022,miami,LEC,position,24,29,VER,26.0,3.318,9.081,5,2.0,3.0
2022,miami,LEC,pi_window,24,29,VER,26.0,3.318,9.081,5,2.0,3.0
2022,miami,LEC,d1,24,29,VER,26.0,3.318,9.081,5,2.0,3.0
2022,miami,LEC,thraves,24,29,VER,26.0,3.318,9.081,5,2.0,3.0
2022,miami,SAI,position,27,27,PER,29.0,-8.111,9.006,0,2.0,-2.0
2022,miami,SAI,pi_window,27,27,LEC,27.0,4.112,42.711,0,0.0,0.0
2022,miami,SAI,d1,27,27,LEC,27.0,4.112,42.711,0,0.0,0.0
2022,miami,SAI,thraves,27,27,PER,29.0,-8.111,9.006,0,2.0,-2.0
2022,miami,PER,position,27,27,SAI,24.0,8.111,9.006,0,-3.0,-3.0
2022,miami,PER,pi_window,27,27,BOT,29.0,-8.07,25.052,0,2.0,-2.0
2022,miami,PER,d1,27,27,SAI,24.0,8.111,9.006,0,-3.0,-3.0
2022,miami,PER,thraves,27,27,SAI,24.0,8.111,9.006,0,-3.0,-3.0
2022,miami,RUS,position,40,36,PER,36.0,11.385,25.091,-4,-4.0,0.0
2022,miami,RUS,pi_window,40,36,BOT,36.0,-2.027,0.039,-4,-4.0,0.0
2022,miami,RUS,d1,40,36,PER,36.0,11.385,25.091,-4,-4.0,0.0
2022,miami,RUS,thraves,40,36,BOT,36.0,-2.027,0.039,-4,-4.0,0.0
2022,montreal,VER,position,9,67,SAI,67.0,-3.165,0.175,58,58.0,0.0
2022,montreal,VER,pi_window,9,67,SAI,67.0,-3.165,0.175,58,58.0,0.0
2022,montreal,VER,d1,9,67,,,,,58,,
2022,montreal,VER,thraves,9,67,SAI,67.0,-3.165,0.175,58,58.0,0.0
2022,montreal,SAI,position,20,67,VER,47.0,-5.727,0.175,47,27.0,20.0
2022,montreal,SAI,pi_window,20,67,VER,47.0,-5.727,0.175,47,27.0,20.0
2022,montreal,SAI,d1,20,67,,,,,47,,
2022,montreal,SAI,thraves,20,67,VER,47.0,-5.727,0.175,47,27.0,20.0
2022,montreal,HAM,position,9,67,ALO,67.0,0.775,0.941,58,58.0,0.0
2022,montreal,HAM,pi_window,9,67,ALO,67.0,0.775,0.941,58,58.0,0.0
2022,montreal,HAM,d1,9,67,ALO,67.0,0.775,0.941,58,58.0,0.0
2022,montreal,HAM,thraves,9,67,ALO,67.0,0.775,0.941,58,58.0,0.0
2022,montreal,RUS,position,19,67,VER,57.0,6.266,23.555,48,38.0,10.0
2022,montreal,RUS,pi_window,19,67,HAM,53.0,-2.329,2.135,48,34.0,14.0
2022,montreal,RUS,d1,19,67,VER,57.0,6.266,23.555,48,38.0,10.0
2022,montreal,RUS,thraves,19,67,ALO,67.0,7.0,1.194,48,48.0,0.0
2022,montreal,LEC,position,41,37,ALO,37.0,-2.293,48.926,-4,-4.0,0.0
2022,montreal,LEC,pi_window,41,37,OCO,37.0,0.474,41.961,-4,-4.0,0.0
2022,montreal,LEC,d1,41,37,OCO,37.0,0.474,41.961,-4,-4.0,0.0
2022,montreal,LEC,thraves,41,37,BOT,37.0,-7.769,18.13,-4,-4.0,0.0
2022,monza,VER,position,25,42,RUS,46.0,-8.883,75.107,17,21.0,-4.0
2022,monza,VER,pi_window,25,42,RUS,46.0,-8.883,75.107,17,21.0,-4.0
2022,monza,VER,d1,25,42,,,,,17,,
2022,monza,VER,thraves,25,42,LEC,40.0,-15.12,4.532,17,15.0,2.0
2022,monza,LEC,position,12,41,VER,46.0,-1.958,4.532,29,34.0,-5.0
2022,monza,LEC,pi_window,12,41,VER,46.0,-1.958,4.532,29,34.0,-5.0
2022,monza,LEC,d1,12,41,,,,,29,,
2022,monza,LEC,thraves,12,41,VER,46.0,-1.958,4.532,29,34.0,-5.0
2022,monza,RUS,position,23,40,VER,48.0,7.443,75.107,17,25.0,-8.0
2022,monza,RUS,pi_window,23,40,VER,48.0,7.443,75.107,17,25.0,-8.0
2022,monza,RUS,d1,23,40,VER,48.0,7.443,75.107,17,25.0,-8.0
2022,monza,RUS,thraves,23,40,PER,19.0,-42.137,5.459,17,-4.0,13.0
2022,monza,SAI,position,30,26,LEC,26.0,17.611,91.543,-4,-4.0,0.0
2022,monza,SAI,pi_window,30,26,RUS,26.0,-6.287,20.967,-4,-4.0,0.0
2022,monza,SAI,d1,30,26,LEC,26.0,17.611,91.543,-4,-4.0,0.0
2022,monza,SAI,thraves,30,26,PER,26.0,-24.834,15.508,-4,-4.0,0.0
2022,monza,HAM,position,33,29,ALO,29.0,-1.922,33.47,-4,-4.0,0.0
2022,monza,HAM,pi_window,33,29,ALO,29.0,-1.922,33.47,-4,-4.0,0.0
2022,monza,HAM,d1,33,29,NOR,29.0,5.702,3.816,-4,-4.0,0.0
2022,monza,HAM,thraves,33,29,NOR,29.0,5.702,3.816,-4,-4.0,0.0
2022,red_bull_ring,LEC,position,26,37,SAI,37.0,-4.085,22.081,11,11.0,0.0
2022,red_bull_ring,LEC,pi_window,26,37,SAI,37.0,-4.085,22.081,11,11.0,0.0
2022,red_bull_ring,LEC,d1,26,37,,,,,11,,
2022,red_bull_ring,LEC,thraves,26,37,VER,37.0,-18.004,4.448,11,11.0,0.0
2022,red_bull_ring,VER,position,13,39,LEC,39.0,-0.636,4.448,26,26.0,0.0
2022,red_bull_ring,VER,pi_window,13,39,LEC,39.0,-0.636,4.448,26,26.0,0.0
2022,red_bull_ring,VER,d1,13,39,,,,,26,,
2022,red_bull_ring,VER,thraves,13,39,LEC,39.0,-0.636,4.448,26,26.0,0.0
2022,red_bull_ring,HAM,position,28,35,VER,28.0,5.57,21.68,7,0.0,7.0
2022,red_bull_ring,HAM,pi_window,28,35,VER,28.0,5.57,21.68,7,0.0,7.0
2022,red_bull_ring,HAM,d1,28,35,VER,28.0,5.57,21.68,7,0.0,7.0
2022,red_bull_ring,HAM,thraves,28,35,SAI,24.0,17.783,4.047,7,-4.0,3.0
2022,red_bull_ring,RUS,position,11,39,OCO,39.0,-0.819,34.009,28,28.0,0.0
2022,red_bull_ring,RUS,pi_window,11,39,OCO,39.0,-0.819,34.009,28,28.0,0.0
2022,red_bull_ring,RUS,d1,11,39,SAI,38.0,6.288,25.748,28,27.0,1.0
2022,red_bull_ring,RUS,thraves,11,39,HAM,39.0,-2.25,21.701,28,28.0,0.0
2022,red_bull_ring,OCO,position,16,35,MAG,39.0,-0.852,1.81,19,23.0,-4.0
2022,red_bull_ring,OCO,pi_window,16,35,MAG,39.0,-0.852,1.81,19,23.0,-4.0
2022,red_bull_ring,OCO,d1,16,35,SAI,35.0,11.288,59.757,19,19.0,0.0
2022,red_bull_ring,OCO,thraves,16,35,MAG,39.0,-0.852,1.81,19,23.0,-4.0
2022,ricard,VER,position,16,12,LEC,12.0,0.878,31.324,-4,-4.0,0.0
2022,ricard,VER,pi_window,16,12,LEC,12.0,0.878,31.324,-4,-4.0,0.0
2022,ricard,VER,d1,16,12,LEC,12.0,0.878,31.324,-4,-4.0,0.0
2022,ricard,VER,thraves,16,12,SAI,12.0,-25.844,7.766,-4,-4.0,0.0
2022,ricard,HAM,position,18,14,VER,14.0,6.618,26.792,-4,-4.0,0.0
2022,ricard,HAM,pi_window,18,14,PER,14.0,-2.941,0.556,-4,-4.0,0.0
2022,ricard,HAM,d1,18,14,VER,14.0,6.618,26.792,-4,-4.0,0.0
2022,ricard,HAM,thraves,18,14,PER,14.0,-2.941,0.556,-4,-4.0,0.0
2022,ricard,RUS,position,18,14,PER,14.0,1.177,3.948,-4,-4.0,0.0
2022,ricard,RUS,pi_window,18,14,PER,14.0,1.177,3.948,-4,-4.0,0.0
2022,ricard,RUS,d1,18,14,PER,14.0,1.177,3.948,-4,-4.0,0.0
2022,ricard,RUS,thraves,18,14,LEC,14.0,12.045,1.141,-4,-4.0,0.0
2022,ricard,PER,position,18,14,HAM,14.0,2.941,0.556,-4,-4.0,0.0
2022,ricard,PER,pi_window,18,14,RUS,14.0,-1.177,3.948,-4,-4.0,0.0
2022,ricard,PER,d1,18,14,HAM,14.0,2.941,0.556,-4,-4.0,0.0
2022,ricard,PER,thraves,18,14,HAM,14.0,2.941,0.556,-4,-4.0,0.0
2022,ricard,SAI,position,18,14,STR,14.0,-0.752,88.164,-4,-4.0,0.0
2022,ricard,SAI,pi_window,18,14,STR,14.0,-0.752,88.164,-4,-4.0,0.0
2022,ricard,SAI,d1,18,14,RIC,14.0,1.622,85.938,-4,-4.0,0.0
2022,ricard,SAI,thraves,18,14,VER,14.0,28.574,7.766,-4,-4.0,0.0
2022,spa,VER,position,15,19,PER,19.0,0.589,15.114,4,4.0,0.0
2022,spa,VER,pi_window,15,19,PER,19.0,0.589,15.114,4,4.0,0.0
2022,spa,VER,d1,15,19,PER,19.0,0.589,15.114,4,4.0,0.0
2022,spa,VER,thraves,15,19,SAI,22.0,2.121,9.797,4,7.0,-3.0
2022,spa,PER,position,14,22,VER,25.0,-1.191,15.114,8,11.0,-3.0
2022,spa,PER,pi_window,14,22,VER,25.0,-1.191,15.114,8,11.0,-3.0
2022,spa,PER,d1,14,22,SAI,22.0,1.586,5.317,8,8.0,0.0
2022,spa,PER,thraves,14,22,SAI,22.0,1.586,5.317,8,8.0,0.0
2022,spa,SAI,position,11,14,PER,15.0,-1.704,5.317,3,4.0,-1.0
2022,spa,SAI,pi_window,11,14,PER,15.0,-1.704,5.317,3,4.0,-1.0
2022,spa,SAI,d1,11,14,,,,,3,,
2022,spa,SAI,thraves,11,14,PER,15.0,-1.704,5.317,3,4.0,-1.0
2022,spa,RUS,position,13,22,VER,25.0,1.321,42.878,9,12.0,-3.0
2022,spa,RUS,pi_window,13,22,VER,25.0,1.321,42.878,9,12.0,-3.0
2022,spa,RUS,d1,13,22,VER,25.0,1.321,42.878,9,12.0,-3.0
2022,spa,RUS,thraves,13,22,GAS,24.0,-13.93,17.25,9,11.0,-2.0
2022,yas_marina,VER,position,20,25,LEC,26.0,-7.793,4.06,5,6.0,-1.0
2022,yas_marina,VER,pi_window,20,25,LEC,26.0,-7.793,4.06,5,6.0,-1.0
2022,yas_marina,VER,d1,20,25,,,,,5,,
2022,yas_marina,VER,thraves,20,25,LEC,26.0,-7.793,4.06,5,6.0,-1.0
2022,yas_marina,LEC,position,21,25,VER,24.0,7.785,4.06,4,3.0,1.0
2022,yas_marina,LEC,pi_window,21,25,SAI,26.0,-3.97,13.891,4,5.0,-1.0
2022,yas_marina,LEC,d1,21,25,VER,24.0,7.785,4.06,4,3.0,1.0
2022,yas_marina,LEC,thraves,21,25,PER,25.0,-22.289,0.667,4,4.0,0.0
2022,yas_marina,PER,position,15,26,VER,27.0,3.145,4.727,11,12.0,-1.0
2022,yas_marina,PER,pi_window,15,26,LEC,27.0,-3.03,0.667,11,12.0,-1.0
2022,yas_marina,PER,d1,15,26,VER,27.0,3.145,4.727,11,12.0,-1.0
2022,yas_marina,PER,thraves,15,26,LEC,27.0,-3.03,0.667,11,12.0,-1.0
2022,yas_marina,SAI,position,17,24,LEC,26.0,3.245,13.891,7,9.0,-2.0
2022,yas_marina,SAI,pi_window,17,24,RUS,27.0,-2.441,18.973,7,10.0,-3.0
2022,yas_marina,SAI,d1,17,24,LEC,26.0,3.245,13.891,7,9.0,-2.0
2022,yas_marina,SAI,thraves,17,24,HAM,25.0,-5.095,5.771,7,8.0,-1.0
2022,yas_marina,RUS,position,15,26,SAI,27.0,1.787,18.973,11,12.0,-1.0
2022,yas_marina,RUS,pi_window,15,26,SAI,27.0,1.787,18.973,11,12.0,-1.0
2022,yas_marina,RUS,d1,15,26,SAI,27.0,1.787,18.973,11,12.0,-1.0
2022,yas_marina,RUS,thraves,15,26,OCO,26.0,-7.478,17.074,11,11.0,0.0
2022,zandvoort,VER,position,18,41,LEC,45.0,-2.483,19.224,23,27.0,-4.0
2022,zandvoort,VER,pi_window,18,41,LEC,45.0,-2.483,19.224,23,27.0,-4.0
2022,zandvoort,VER,d1,18,41,,,,,23,,
2022,zandvoort,VER,thraves,18,41,LEC,45.0,-2.483,19.224,23,27.0,-4.0
2022,zandvoort,RUS,position,31,29,VER,32.0,-1.155,34.72,-2,1.0,1.0
2022,zandvoort,RUS,pi_window,31,29,VER,32.0,-1.155,34.72,-2,1.0,1.0
2022,zandvoort,RUS,d1,31,29,HAM,32.0,3.405,2.052,-2,1.0,1.0
2022,zandvoort,RUS,thraves,31,29,HAM,32.0,3.405,2.052,-2,1.0,1.0
2022,zandvoort,LEC,position,17,42,VER,43.0,2.191,19.224,25,26.0,-1.0
2022,zandvoort,LEC,pi_window,17,42,VER,43.0,2.191,19.224,25,26.0,-1.0
2022,zandvoort,LEC,d1,17,42,VER,43.0,2.191,19.224,25,26.0,-1.0
2022,zandvoort,LEC,thraves,17,42,RUS,43.0,-9.875,15.496,25,26.0,-1.0
2022,zandvoort,HAM,position,29,28,RUS,32.0,-3.67,2.052,-1,3.0,-2.0
2022,zandvoort,HAM,pi_window,29,28,RUS,32.0,-3.67,2.052,-1,3.0,-2.0
2022,zandvoort,HAM,d1,29,28,,,,,-1,,
2022,zandvoort,HAM,thraves,29,28,RUS,32.0,-3.67,2.052,-1,3.0,-2.0
2022,zandvoort,SAI,position,14,38,LEC,45.0,4.593,52.18,24,31.0,-7.0
2022,zandvoort,SAI,pi_window,14,38,HAM,43.0,-0.757,34.632,24,29.0,-5.0
2022,zandvoort,SAI,d1,14,38,LEC,45.0,4.593,52.18,24,31.0,-7.0
2022,zandvoort,SAI,thraves,14,38,OCO,44.0,-11.476,5.776,24,30.0,-6.0
2023,austin,VER,position,16,30,HAM,29.0,4.189,12.992,14,13.0,1.0
2023,austin,VER,pi_window,16,30,LEC,30.0,-0.775,62.347,14,14.0,0.0
2023,austin,VER,d1,16,30,HAM,29.0,4.189,12.992,14,13.0,1.0
2023,austin,VER,thraves,16,30,PER,28.0,-6.783,11.844,14,12.0,2.0
2023,austin,HAM,position,20,29,VER,32.0,-4.645,12.992,9,12.0,-3.0
2023,austin,HAM,pi_window,20,29,NOR,32.0,1.966,10.827,9,12.0,-3.0
2023,austin,HAM,d1,20,29,NOR,32.0,1.966,10.827,9,12.0,-3.0
2023,austin,HAM,thraves,20,29,PER,30.0,-12.763,1.148,9,10.0,-1.0
2023,austin,NOR,position,17,30,HAM,32.0,-2.649,10.827,13,15.0,-2.0
2023,austin,NOR,pi_window,17,30,HAM,32.0,-2.649,10.827,13,15.0,-2.0
2023,austin,NOR,d1,17,30,,,,,13,,
2023,austin,NOR,thraves,17,30,STR,17.0,-31.926,3.593,13,0.0,13.0
2023,austin,SAI,position,17,29,RUS,29.0,-3.111,30.996,12,12.0,0.0
2023,austin,SAI,pi_window,17,29,LEC,31.0,0.854,42.831,12,14.0,-2.0
2023,austin,SAI,d1,17,29,LEC,31.0,0.854,42.831,12,14.0,-2.0
2023,austin,SAI,thraves,17,29,NOR,28.0,9.35,4.303,12,11.0,1.0
2023,austin,PER,position,17,29,RUS,31.0,1.754,38.668,12,14.0,-2.0
2023,austin,PER,pi_window,17,29,RUS,31.0,1.754,38.668,12,14.0,-2.0
2023,austin,PER,d1,17,29,RUS,31.0,1.754,38.668,12,14.0,-2.0
2023,austin,PER,thraves,17,29,HAM,28.0,11.566,1.148,12,11.0,1.0
2023,bahrain,VER,position,14,28,LEC,28.0,-6.383,61.171,14,14.0,0.0
2023,bahrain,VER,pi_window,14,28,LEC,28.0,-6.383,61.171,14,14.0,0.0
2023,bahrain,VER,d1,14,28,,,,,14,,
2023,bahrain,VER,thraves,14,28,PER,29.0,-8.076,10.488,14,15.0,-1.0
2023,bahrain,PER,position,17,27,LEC,27.0,1.45,71.659,10,10.0,0.0
2023,bahrain,PER,pi_window,17,27,LEC,27.0,1.45,71.659,10,10.0,0.0
2023,bahrain,PER,d1,17,27,LEC,27.0,1.45,71.659,10,10.0,0.0
2023,bahrain,PER,thraves,17,27,VER,27.0,10.164,10.488,10,10.0,0.0
2023,bahrain,ALO,position,14,24,STR,25.0,-1.295,10.203,10,11.0,-1.0
2023,bahrain,ALO,pi_window,14,24,RUS,25.0,0.913,0.456,10,11.0,-1.0
2023,bahrain,ALO,d1,14,24,RUS,25.0,0.913,0.456,10,11.0,-1.0
2023,bahrain,ALO,thraves,14,24,RUS,25.0,0.913,0.456,10,11.0,-1.0
2023,bahrain,SAI,position,13,23,PER,25.0,3.891,56.44,10,12.0,-2.0
2023,bahrain,SAI,pi_window,13,23,HAM,25.0,-2.485,5.358,10,12.0,-2.0
2023,bahrain,SAI,d1,13,23,PER,25.0,3.891,56.44,10,12.0,-2.0
2023,bahrain,SAI,thraves,13,23,TSU,26.0,-16.134,3.591,10,13.0,-3.0
2023,bahrain,HAM,position,12,24,SAI,26.0,1.997,5.358,12,14.0,-2.0
2023,bahrain,HAM,pi_window,12,24,RUS,26.0,-0.984,21.717,12,14.0,-2.0
2023,bahrain,HAM,d1,12,24,SAI,26.0,1.997,5.358,12,14.0,-2.0
2023,bahrain,HAM,thraves,12,24,SAI,26.0,1.997,5.358,12,14.0,-2.0
2023,baku,PER,position,11,31,VER,33.0,1.213,1.3,20,22.0,-2.0
2023,baku,PER,pi_window,11,31,LEC,34.0,-0.867,34.196,20,23.0,-3.0
2023,baku,PER,d1,11,31,VER,33.0,1.213,1.3,20,22.0,-2.0
2023,baku,PER,thraves,11,31,VER,33.0,1.213,1.3,20,22.0,-2.0
2023,baku,VER,position,10,32,LEC,35.0,-1.215,35.496,22,25.0,-3.0
2023,baku,VER,pi_window,10,32,LEC,35.0,-1.215,35.496,22,25.0,-3.0
2023,baku,VER,d1,10,32,,,,,22,,
2023,baku,VER,thraves,10,32,PER,36.0,-1.342,1.3,22,26.0,-4.0
2023,baku,LEC,position,11,31,PER,34.0,0.867,34.196,20,23.0,-3.0
2023,baku,LEC,pi_window,11,31,PER,34.0,0.867,34.196,20,23.0,-3.0
2023,baku,LEC,d1,11,31,PER,34.0,0.867,34.196,20,23.0,-3.0
2023,baku,LEC,thraves,11,31,ALO,34.0,-4.32,1.249,20,23.0,-3.0
2023,baku,ALO,position,11,31,STR,33.0,-0.575,29.86,20,22.0,-2.0
2023,baku,ALO,pi_window,11,31,STR,33.0,-0.575,29.86,20,22.0,-2.0
2023,baku,ALO,d1,11,31,HAM,34.0,1.386,26.571,20,23.0,-3.0
2023,baku,ALO,thraves,11,31,LEC,33.0,4.32,1.249,20,22.0,-2.0
2023,baku,SAI,position,11,31,LEC,34.0,2.065,27.259,20,23.0,-3.0
2023,baku,SAI,pi_window,11,31,HAM,34.0,-0.869,1.938,20,23.0,-3.0
2023,baku,SAI,d1,11,31,LEC,34.0,2.065,27.259,20,23.0,-3.0
2023,baku,SAI,thraves,11,31,STR,33.0,-2.83,1.352,20,22.0,-2.0
2023,barcelona,VER,position,26,33,HAM,35.0,-9.261,19.727,7,9.0,-2.0
2023,barcelona,VER,pi_window,26,33,HAM,35.0,-9.261,19.727,7,9.0,-2.0
2023,barcelona,VER,d1,26,33,,,,,7,,
2023,barcelona,VER,thraves,26,33,HAM,35.0,-9.261,19.727,7,9.0,-2.0
2023,barcelona,HAM,position,24,32,VER,32.0,8.128,19.727,8,8.0,0.0
2023,barcelona,HAM,pi_window,24,32,VER,32.0,8.128,19.727,8,8.0,0.0
2023,barcelona,HAM,d1,24,32,VER,32.0,8.128,19.727,8,8.0,0.0
2023,barcelona,HAM,thraves,24,32,PER,31.0,-16.247,2.713,8,7.0,1.0
2023,barcelona,RUS,position,25,33,HAM,34.0,8.645,3.498,8,9.0,-1.0
2023,barcelona,RUS,pi_window,25,33,PER,35.0,-7.622,0.785,8,10.0,-2.0
2023,barcelona,RUS,d1,25,33,HAM,34.0,8.645,3.498,8,9.0,-1.0
2023,barcelona,RUS,thraves,25,33,PER,35.0,-7.622,0.785,8,10.0,-2.0
2023,barcelona,PER,position,27,33,RUS,32.0,6.712,0.785,6,5.0,1.0
2023,barcelona,PER,pi_window,27,33,SAI,29.0,-5.183,36.57,6,2.0,4.0
2023,barcelona,PER,d1,27,33,RUS,32.0,6.712,0.785,6,5.0,1.0
2023,barcelona,PER,thraves,27,33,RUS,32.0,6.712,0.785,6,5.0,1.0
2023,barcelona,SAI,position,15,31,VER,33.0,5.259,59.01,16,18.0,-2.0
2023,barcelona,SAI,pi_window,15,31,HAM,34.0,-1.691,39.283,16,19.0,-3.0
2023,barcelona,SAI,d1,15,31,VER,33.0,5.259,59.01,16,18.0,-2.0
2023,barcelona,SAI,thraves,15,31,STR,33.0,-4.233,2.475,16,18.0,-2.0
2023,hungaroring,VER,position,23,34,PIA,34.0,-11.419,58.485,11,11.0,0.0
2023,hungaroring,VER,pi_window,23,34,PIA,34.0,-11.419,58.485,11,11.0,0.0
2023,hungaroring,VER,d1,23,34,,,,,11,,
2023,hungaroring,VER,thraves,23,34,PER,38.0,-21.177,0.84,11,15.0,-4.0
2023,hungaroring,NOR,position,17,37,HAM,38.0,-2.309,15.05,20,21.0,-1.0
2023,hungaroring,NOR,pi_window,17,37,PIA,37.0,2.072,34.3,20,20.0,0.0
2023,hungaroring,NOR,d1,17,37,PIA,37.0,2.072,34.3,20,20.0,0.0
2023,hungaroring,NOR,thraves,17,37,RUS,34.0,-16.988,5.6,20,17.0,3.0
2023,hungaroring,PER,position,24,33,VER,28.0,21.348,0.84,9,4.0,5.0
2023,hungaroring,PER,pi_window,24,33,ALO,35.0,-4.526,69.907,9,11.0,-2.0
2023,hungaroring,PER,d1,24,33,VER,28.0,21.348,0.84,9,4.0,5.0
2023,hungaroring,PER,thraves,24,33,VER,28.0,21.348,0.84,9,4.0,5.0
2023,hungaroring,HAM,position,16,34,NOR,36.0,2.229,15.05,18,20.0,-2.0
2023,hungaroring,HAM,pi_window,16,34,LEC,35.0,-2.0,22.727,18,19.0,-1.0
2023,hungaroring,HAM,d1,16,34,NOR,36.0,2.229,15.05,18,20.0,-2.0
2023,hungaroring,HAM,thraves,16,34,NOR,36.0,2.229,15.05,18,20.0,-2.0
2023,hungaroring,PIA,position,18,34,VER,36.0,5.237,58.485,16,18.0,-2.0
2023,hungaroring,PIA,pi_window,18,34,NOR,36.0,-2.388,34.3,16,18.0,-2.0
2023,hungaroring,PIA,d1,18,34,VER,36.0,5.237,58.485,16,18.0,-2.0
2023,hungaroring,PIA,thraves,18,34,RIC,33.0,-25.861,0.175,16,15.0,1.0
2023,jeddah,PER,position,18,20,ALO,23.0,-3.932,42.125,2,5.0,-3.0
2023,jeddah,PER,pi_window,18,20,ALO,23.0,-3.932,42.125,2,5.0,-3.0
2023,jeddah,PER,d1,18,20,,,,,2,,
2023,jeddah,PER,thraves,18,20,VER,22.0,-21.537,2.75,2,4.0,-2.0
2023,jeddah,VER,position,18,20,OCO,22.0,0.337,84.45,2,4.0,-2.0
2023,jeddah,VER,pi_window,18,20,OCO,22.0,0.337,84.45,2,4.0,-2.0
2023,jeddah,VER,d1,18,20,OCO,22.0,0.337,84.45,2,4.0,-2.0
2023,jeddah,VER,thraves,18,20,PER,14.0,21.537,2.75,2,-4.0,-2.0
2023,jeddah,ALO,position,18,20,PER,19.0,3.932,42.125,2,1.0,1.0
2023,jeddah,ALO,pi_window,18,20,PER,19.0,3.932,42.125,2,1.0,1.0
2023,jeddah,ALO,d1,18,20,PER,19.0,3.932,42.125,2,1.0,1.0
2023,jeddah,ALO,thraves,18,20,RUS,23.0,-7.174,1.075,2,5.0,-3.0
2023,jeddah,RUS,position,18,20,ALO,17.0,7.174,1.075,2,-1.0,1.0
2023,jeddah,RUS,pi_window,18,20,SAI,23.0,-4.035,17.225,2,5.0,-3.0
2023,jeddah,RUS,d1,18,20,ALO,17.0,7.174,1.075,2,-1.0,1.0
2023,jeddah,RUS,thraves,18,20,ALO,17.0,7.174,1.075,2,-1.0,1.0
2023,jeddah,HAM,position,18,29,VER,30.0,2.138,55.048,11,12.0,-1.0
2023,jeddah,HAM,pi_window,18,29,GAS,30.0,-1.861,25.402,11,12.0,-1.0
2023,jeddah,HAM,d1,18,29,VER,30.0,2.138,55.048,11,12.0,-1.0
2023,jeddah,HAM,thraves,18,29,SAI,32.0,8.534,8.127,11,14.0,-3.0
2023,las_vegas,VER,position,16,22,LEC,25.0,-1.909,14.925,6,9.0,-3.0
2023,las_vegas,VER,pi_window,16,22,LEC,25.0,-1.909,14.925,6,9.0,-3.0
2023,las_vegas,VER,d1,16,22,,,,,6,,
2023,las_vegas,VER,thraves,16,22,OCO,23.0,-9.382,0.2,6,7.0,-1.0
2023,las_vegas,LEC,position,21,22,VER,24.0,-4.646,14.925,1,3.0,-2.0
2023,las_vegas,LEC,pi_window,21,22,VER,24.0,-4.646,14.925,1,3.0,-2.0
2023,las_vegas,LEC,d1,21,22,,,,,1,,
2023,las_vegas,LEC,thraves,21,22,RUS,23.0,-24.212,3.6,1,2.0,-1.0
2023,las_vegas,RUS,position,15,24,GAS,24.0,-0.272,28.775,9,9.0,0.0
2023,las_vegas,RUS,pi_window,15,24,GAS,24.0,-0.272,28.775,9,9.0,0.0
2023,las_vegas,RUS,d1,15,24,LEC,24.0,1.575,3.6,9,9.0,0.0
2023,las_vegas,RUS,thraves,15,24,HAM,23.0,-7.443,3.6,9,8.0,1.0
2023,las_vegas,OCO,position,20,24,ALB,23.0,0.263,49.075,4,3.0,1.0
2023,las_vegas,OCO,pi_window,20,24,ALB,23.0,0.263,49.075,4,3.0,1.0
2023,las_vegas,OCO,d1,20,24,ALB,23.0,0.263,49.075,4,3.0,1.0
2023,las_vegas,OCO,thraves,20,24,VER,19.0,11.241,0.2,4,-1.0,3.0
2023,losail,VER,position,17,54,PIA,54.0,-6.785,40.584,37,37.0,0.0
2023,losail,VER,pi_window,17,54,PIA,54.0,-6.785,40.584,37,37.0,0.0
2023,losail,VER,d1,17,54,,,,,37,,
2023,losail,VER,thraves,17,54,ALO,47.0,-33.328,3.192,37,30.0,7.0
2023,losail,PIA,position,12,53,VER,54.0,1.655,40.584,41,42.0,-1.0
2023,losail,PIA,pi_window,12,53,VER,54.0,1.655,40.584,41,42.0,-1.0
2023,losail,PIA,d1,12,53,VER,54.0,1.655,40.584,41,42.0,-1.0
2023,losail,PIA,thraves,12,53,NOR,54.0,-6.14,18.468,41,42.0,-1.0
2023,losail,NOR,position,13,54,OCO,54.0,1.26,76.38,41,41.0,0.0
2023,losail,NOR,pi_window,13,54,GAS,54.0,-1.067,113.658,41,41.0,0.0
2023,losail,NOR,d1,13,54,OCO,54.0,1.26,76.38,41,41.0,0.0
2023,losail,NOR,thraves,13,54,PIA,54.0,6.555,18.468,41,41.0,0.0
2023,losail,LEC,position,12,54,ALO,54.0,0.995,9.12,42,42.0,0.0
2023,losail,LEC,pi_window,12,54,ALO,54.0,0.995,9.12,42,42.0,0.0
2023,losail,LEC,d1,12,54,ALO,54.0,0.995,9.12,42,42.0,0.0
2023,losail,LEC,thraves,12,54,ZHO,53.0,-8.834,4.19,42,41.0,1.0
2023,melbourne,VER,position,8,6,HAM,4.0,0.455,11.339,-2,-4.0,-2.0
2023,melbourne,VER,pi_window,8,6,HAM,4.0,0.455,11.339,-2,-4.0,-2.0
2023,melbourne,VER,d1,8,6,HAM,4.0,0.455,11.339,-2,-4.0,-2.0
2023,melbourne,VER,thraves,8,6,SAI,4.0,-0.902,2.262,-2,-4.0,-2.0
2023,melbourne,HAM,position,8,6,VER,5.0,-0.455,11.339,-2,-3.0,-1.0
2023,melbourne,HAM,pi_window,8,6,VER,5.0,-0.455,11.339,-2,-3.0,-1.0
2023,melbourne,HAM,d1,8,6,RUS,4.0,0.709,60.233,-2,-4.0,-2.0
2023,melbourne,HAM,thraves,8,6,OCO,4.0,-8.001,2.378,-2,-4.0,-2.0
2023,melbourne,ALO,position,8,6,ALB,5.0,-0.753,132.91,-2,-3.0,-1.0
2023,melbourne,ALO,pi_window,8,6,SAI,4.0,0.538,3.538,-2,-4.0,-2.0
2023,melbourne,ALO,d1,8,6,SAI,4.0,0.538,3.538,-2,-4.0,-2.0
2023,melbourne,ALO,thraves,8,6,GAS,4.0,-1.675,1.74,-2,-4.0,-2.0
2023,melbourne,STR,position,8,6,GAS,4.0,-0.497,9.831,-2,-4.0,-2.0
2023,melbourne,STR,pi_window,8,6,ALB,5.0,0.425,124.819,-2,-3.0,-1.0
2023,melbourne,STR,d1,8,6,ALB,5.0,0.425,124.819,-2,-3.0,-1.0
2023,melbourne,STR,thraves,8,6,HAM,4.0,3.073,2.552,-2,-4.0,-2.0
2023,mexico_city,VER,position,19,36,LEC,39.0,-4.287,51.191,17,20.0,-3.0
2023,mexico_city,VER,pi_window,19,36,LEC,39.0,-4.287,51.191,17,20.0,-3.0
2023,mexico_city,VER,d1,19,36,,,,,17,,
2023,mexico_city,VER,thraves,19,36,HAM,37.0,-8.486,26.689,17,18.0,-1.0
2023,mexico_city,HAM,position,24,35,RIC,37.0,-3.234,56.061,11,13.0,-2.0
2023,mexico_city,HAM,pi_window,24,35,SAI,38.0,0.619,27.306,11,14.0,-3.0
2023,mexico_city,HAM,d1,24,35,SAI,38.0,0.619,27.306,11,14.0,-3.0
2023,mexico_city,HAM,thraves,24,35,NOR,34.0,-34.341,20.768,11,10.0,1.0
2023,mexico_city,LEC,position,31,37,SAI,37.0,-8.018,2.805,6,6.0,0.0
2023,mexico_city,LEC,pi_window,31,37,SAI,37.0,-8.018,2.805,6,6.0,0.0
2023,mexico_city,LEC,d1,31,37,,,,,6,,
2023,mexico_city,LEC,thraves,31,37,SAI,37.0,-8.018,2.805,6,6.0,0.0
2023,mexico_city,SAI,position,30,36,VER,37.0,-3.75,53.995,6,7.0,-1.0
2023,mexico_city,SAI,pi_window,30,36,VER,37.0,-3.75,53.995,6,7.0,-1.0
2023,mexico_city,SAI,d1,30,36,LEC,32.0,7.718,2.805,6,2.0,4.0
2023,mexico_city,SAI,thraves,30,36,RUS,36.0,-9.866,1.058,6,6.0,0.0
2023,mexico_city,NOR,position,11,31,ALO,33.0,-1.707,132.663,20,22.0,-2.0
2023,mexico_city,NOR,pi_window,11,31,TSU,34.0,0.762,55.209,20,23.0,-3.0
2023,mexico_city,NOR,d1,11,31,TSU,34.0,0.762,55.209,20,23.0,-3.0
2023,mexico_city,NOR,thraves,11,31,LEC,38.0,14.035,3.734,20,27.0,-7.0
2023,miami,VER,position,45,41,PER,41.0,-17.613,10.26,-4,-4.0,0.0
2023,miami,VER,pi_window,45,41,PER,41.0,-17.613,10.26,-4,-4.0,0.0
2023,miami,VER,d1,45,41,,,,,-4,,
2023,miami,VER,thraves,45,41,PER,41.0,-17.613,10.26,-4,-4.0,0.0
2023,miami,PER,position,20,33,VER,30.0,-3.759,10.26,13,10.0,3.0
2023,miami,PER,pi_window,20,33,VER,30.0,-3.759,10.26,13,10.0,3.0
2023,miami,PER,d1,20,33,,,,,13,,
2023,miami,PER,thraves,20,33,VER,30.0,-3.759,10.26,13,10.0,3.0
2023,miami,ALO,position,24,28,VER,28.0,3.319,30.495,4,4.0,0.0
2023,miami,ALO,pi_window,24,28,VER,28.0,3.319,30.495,4,4.0,0.0
2023,miami,ALO,d1,24,28,VER,28.0,3.319,30.495,4,4.0,0.0
2023,miami,ALO,thraves,24,28,RUS,20.0,-23.814,5.586,4,-4.0,0.0
2023,miami,RUS,position,17,26,VER,28.0,2.548,24.909,9,11.0,-2.0
2023,miami,RUS,pi_window,17,26,GAS,29.0,-1.908,14.991,9,12.0,-3.0
2023,miami,RUS,d1,17,26,VER,28.0,2.548,24.909,9,11.0,-2.0
2023,miami,RUS,thraves,17,26,ALO,29.0,4.349,5.586,9,12.0,-3.0
2023,miami,SAI,position,18,26,VER,28.0,-0.351,39.159,8,10.0,-2.0
2023,miami,SAI,pi_window,18,26,VER,28.0,-0.351,39.159,8,10.0,-2.0
2023,miami,SAI,d1,18,26,ALO,30.0,0.787,8.664,8,12.0,-4.0
2023,miami,SAI,thraves,18,26,GAS,27.0,-6.33,0.741,8,9.0,-1.0
2023,monaco,ALO,position,54,50,VER,50.0,8.786,1.941,-4,-4.0,0.0
2023,monaco,ALO,pi_window,54,50,VER,50.0,8.786,1.941,-4,-4.0,0.0
2023,monaco,ALO,d1,54,50,VER,50.0,8.786,1.941,-4,-4.0,0.0
2023,monaco,ALO,thraves,54,50,VER,50.0,8.786,1.941,-4,-4.0,0.0
2023,monaco,OCO,position,32,34,ALO,30.0,17.61,37.509,2,-2.0,0.0
2023,monaco,OCO,pi_window,32,34,SAI,39.0,-1.693,0.381,2,7.0,-5.0
2023,monaco,OCO,d1,32,34,ALO,30.0,17.61,37.509,2,-2.0,0.0
2023,monaco,OCO,thraves,32,34,SAI,39.0,-1.693,0.381,2,7.0,-5.0
2023,monaco,HAM,position,31,40,LEC,36.0,-1.54,0.303,9,5.0,4.0
2023,monaco,HAM,pi_window,31,40,LEC,36.0,-1.54,0.303,9,5.0,4.0
2023,monaco,HAM,d1,31,40,SAI,35.0,1.954,10.755,9,4.0,5.0
2023,monaco,HAM,thraves,31,40,LEC,36.0,-1.54,0.303,9,5.0,4.0
2023,montreal,VER,position,12,67,HAM,67.0,-2.418,15.085,55,55.0,0.0
2023,montreal,VER,pi_window,12,67,HAM,67.0,-2.418,15.085,55,55.0,0.0
2023,montreal,VER,d1,12,67,,,,,55,,
2023,montreal,VER,thraves,12,67,HAM,67.0,-2.418,15.085,55,55.0,0.0
2023,montreal,ALO,position,12,67,HAM,67.0,0.791,37.866,55,55.0,0.0
2023,montreal,ALO,pi_window,12,67,HAM,67.0,0.791,37.866,55,55.0,0.0
2023,montreal,ALO,d1,12,67,HAM,67.0,0.791,37.866,55,55.0,0.0
2023,montreal,ALO,thraves,12,67,BOT,64.0,-16.826,1.046,55,52.0,3.0
2023,montreal,HAM,position,12,67,VER,67.0,2.418,15.085,55,55.0,0.0
2023,montreal,HAM,pi_window,12,67,ALO,67.0,-0.791,37.866,55,55.0,0.0
2023,montreal,HAM,d1,12,67,VER,67.0,2.418,15.085,55,55.0,0.0
2023,montreal,HAM,thraves,12,67,PER,64.0,-12.499,2.555,55,52.0,3.0
2023,montreal,LEC,position,39,60,HAM,67.0,2.819,53.336,21,28.0,-7.0
2023,montreal,LEC,pi_window,39,60,SAI,67.0,-2.178,9.625,21,28.0,-7.0
2023,montreal,LEC,d1,39,60,HAM,67.0,2.819,53.336,21,28.0,-7.0
2023,montreal,LEC,thraves,39,60,SAI,67.0,-2.178,9.625,21,28.0,-7.0
2023,montreal,SAI,position,38,66,PER,60.0,-5.101,41.156,28,22.0,6.0
2023,montreal,SAI,pi_window,38,66,LEC,67.0,2.003,9.625,28,29.0,-1.0
2023,montreal,SAI,d1,38,66,LEC,67.0,2.003,9.625,28,29.0,-1.0
2023,montreal,SAI,thraves,38,66,ALO,63.0,7.685,5.845,28,25.0,3.0
2023,monza,VER,position,20,27,SAI,29.0,-0.99,15.708,7,9.0,-2.0
2023,monza,VER,pi_window,20,27,SAI,29.0,-0.99,15.708,7,9.0,-2.0
2023,monza,VER,d1,20,27,,,,,7,,
2023,monza,VER,thraves,20,27,PER,27.0,-5.403,15.504,7,7.0,0.0
2023,monza,PER,position,21,25,LEC,26.0,3.218,6.069,4,5.0,-1.0
2023,monza,PER,pi_window,21,25,RUS,29.0,-0.889,3.672,4,8.0,-4.0
2023,monza,PER,d1,21,25,LEC,26.0,3.218,6.069,4,5.0,-1.0
2023,monza,PER,thraves,21,25,SAI,26.0,3.913,0.204,4,5.0,-1.0
2023,monza,SAI,position,19,23,VER,28.0,-0.447,15.708,4,9.0,-5.0
2023,monza,SAI,pi_window,19,23,VER,28.0,-0.447,15.708,4,9.0,-5.0
2023,monza,SAI,d1,19,23,,,,,4,,
2023,monza,SAI,thraves,19,23,PER,28.0,-5.853,0.204,4,9.0,-5.0
2023,monza,LEC,position,20,27,SAI,28.0,0.863,5.865,7,8.0,-1.0
2023,monza,LEC,pi_window,20,27,SAI,28.0,0.863,5.865,7,8.0,-1.0
2023,monza,LEC,d1,20,27,SAI,28.0,0.863,5.865,7,8.0,-1.0
2023,monza,LEC,thraves,20,27,RUS,28.0,-3.286,2.397,7,8.0,-1.0
2023,monza,RUS,position,19,23,PER,28.0,-0.49,3.672,4,9.0,-5.0
2023,monza,RUS,pi_window,19,23,PER,28.0,-0.49,3.672,4,9.0,-5.0
2023,monza,RUS,d1,19,23,LEC,29.0,3.595,2.397,4,10.0,-6.0
2023,monza,RUS,thraves,19,23,LEC,29.0,3.595,2.397,4,10.0,-6.0
2023,silverstone,VER,position,33,30,NOR,29.0,-8.159,21.294,-3,-4.0,-1.0
2023,silverstone,VER,pi_window,33,30,NOR,29.0,-8.159,21.294,-3,-4.0,-1.0
2023,silverstone,VER,d1,33,30,,,,,-3,,
2023,silverstone,VER,thraves,33,30,NOR,29.0,-8.159,21.294,-3,-4.0,-1.0
2023,silverstone,NOR,position,33,29,VER,29.0,8.159,21.294,-4,-4.0,0.0
2023,silverstone,NOR,pi_window,33,29,PIA,29.0,-3.19,1.196,-4,-4.0,0.0
2023,silverstone,NOR,d1,33,29,VER,29.0,8.159,21.294,-4,-4.0,0.0
2023,silverstone,NOR,thraves,33,29,PIA,29.0,-3.19,1.196,-4,-4.0,0.0
2023,silverstone,HAM,position,33,30,ALO,29.0,-6.387,13.364,-3,-4.0,-1.0
2023,silverstone,HAM,pi_window,33,30,RUS,30.0,4.44,3.093,-3,-3.0,0.0
2023,silverstone,HAM,d1,33,30,RUS,30.0,4.44,3.093,-3,-3.0,0.0
2023,silverstone,HAM,thraves,33,30,LEC,29.0,-14.641,1.404,-3,-4.0,-1.0
2023,silverstone,PIA,position,29,25,NOR,26.0,2.45,1.196,-4,-3.0,1.0
2023,silverstone,PIA,pi_window,29,25,NOR,26.0,2.45,1.196,-4,-3.0,1.0
2023,silverstone,PIA,d1,29,25,NOR,26.0,2.45,1.196,-4,-3.0,1.0
2023,silverstone,PIA,thraves,29,25,NOR,26.0,2.45,1.196,-4,-3.0,1.0
2023,silverstone,RUS,position,28,26,SAI,26.0,-3.738,6.579,-2,-2.0,0.0
2023,silverstone,RUS,pi_window,28,26,SAI,26.0,-3.738,6.579,-2,-2.0,0.0
2023,silverstone,RUS,d1,28,26,PIA,24.0,5.339,6.837,-2,-4.0,-2.0
2023,silverstone,RUS,thraves,28,26,LEC,24.0,-19.241,1.689,-2,-4.0,-2.0
2023,singapore,SAI,position,20,44,LEC,43.0,-1.991,4.588,24,23.0,1.0
2023,singapore,SAI,pi_window,20,44,LEC,43.0,-1.991,4.588,24,23.0,1.0
2023,singapore,SAI,d1,20,44,,,,,24,,
2023,singapore,SAI,thraves,20,44,NOR,41.0,-4.466,1.55,24,21.0,3.0
2023,singapore,NOR,position,20,44,HAM,42.0,-0.852,25.677,24,22.0,2.0
2023,singapore,NOR,pi_window,20,44,HAM,42.0,-0.852,25.677,24,22.0,2.0
2023,singapore,NOR,d1,20,44,RUS,41.0,0.976,20.841,24,21.0,3.0
2023,singapore,NOR,thraves,20,44,SAI,42.0,4.466,1.55,24,22.0,2.0
2023,singapore,HAM,position,20,44,ALO,42.0,-3.127,61.389,24,22.0,2.0
2023,singapore,HAM,pi_window,20,44,NOR,42.0,0.852,25.677,24,22.0,2.0
2023,singapore,HAM,d1,20,44,NOR,42.0,0.852,25.677,24,22.0,2.0
2023,singapore,HAM,thraves,20,44,RUS,41.0,1.828,4.836,24,21.0,3.0
2023,singapore,LEC,position,20,59,SAI,52.0,1.991,4.588,39,32.0,7.0
2023,singapore,LEC,pi_window,20,59,RUS,52.0,-1.499,26.979,39,32.0,7.0
2023,singapore,LEC,d1,20,59,SAI,52.0,1.991,4.588,39,32.0,7.0
2023,singapore,LEC,thraves,20,59,SAI,52.0,1.991,4.588,39,32.0,7.0
2023,singapore,VER,position,40,36,PER,36.0,-4.191,21.018,-4,-4.0,0.0
2023,singapore,VER,pi_window,40,36,PER,36.0,-4.191,21.018,-4,-4.0,0.0
2023,singapore,VER,d1,40,36,LEC,36.0,6.74,34.038,-4,-4.0,0.0
2023,singapore,VER,thraves,40,36,ZHO,36.0,-14.141,1.107,-4,-4.0,0.0
2023,spa,VER,position,14,19,PER,22.0,3.049,31.724,5,8.0,-3.0
2023,spa,VER,pi_window,14,19,LEC,24.0,-1.133,31.988,5,10.0,-5.0
2023,spa,VER,d1,14,19,PER,22.0,3.049,31.724,5,8.0,-3.0
2023,spa,VER,thraves,14,19,PER,22.0,3.049,31.724,5,8.0,-3.0
2023,spa,PER,position,13,21,LEC,24.0,-3.044,0.264,8,11.0,-3.0
2023,spa,PER,pi_window,13,21,LEC,24.0,-3.044,0.264,8,11.0,-3.0
2023,spa,PER,d1,13,21,,,,,8,,
2023,spa,PER,thraves,13,21,LEC,24.0,-3.044,0.264,8,11.0,-3.0
2023,spa,LEC,position,13,21,VER,24.0,-0.59,31.988,8,11.0,-3.0
2023,spa,LEC,pi_window,13,21,VER,24.0,-0.59,31.988,8,11.0,-3.0
2023,spa,LEC,d1,13,21,PER,24.0,3.044,0.264,8,11.0,-3.0
2023,spa,LEC,thraves,13,21,PER,24.0,3.044,0.264,8,11.0,-3.0
2023,spa,HAM,position,12,20,VER,24.0,2.175,34.056,8,12.0,-4.0
2023,spa,HAM,pi_window,12,20,VER,24.0,2.175,34.056,8,12.0,-4.0
2023,spa,HAM,d1,12,20,VER,24.0,2.175,34.056,8,12.0,-4.0
2023,spa,HAM,thraves,12,20,RUS,24.0,-17.557,0.264,8,12.0,-4.0
2023,spa,ALO,position,10,27,VER,41.0,7.759,71.454,17,31.0,-14.0
2023,spa,ALO,pi_window,10,27,TSU,26.0,-3.116,2.156,17,16.0,1.0
2023,spa,ALO,d1,10,27,VER,41.0,7.759,71.454,17,31.0,-14.0
2023,spa,ALO,thraves,10,27,TSU,26.0,-3.116,2.156,17,16.0,1.0
2023,suzuka,VER,position,16,26,NOR,29.0,-4.401,12.693,10,13.0,-3.0
2023,suzuka,VER,pi_window,16,26,NOR,29.0,-4.401,12.693,10,13.0,-3.0
2023,suzuka,VER,d1,16,26,,,,,10,,
2023,suzuka,VER,thraves,16,26,NOR,29.0,-4.401,12.693,10,13.0,-3.0
2023,suzuka,NOR,position,17,29,VER,21.0,4.963,12.693,12,4.0,8.0
2023,suzuka,NOR,pi_window,17,29,PIA,29.0,-4.546,38.213,12,12.0,0.0
2023,suzuka,NOR,d1,17,29,VER,21.0,4.963,12.693,12,4.0,8.0
2023,suzuka,NOR,thraves,17,29,VER,21.0,4.963,12.693,12,4.0,8.0
2023,suzuka,PIA,position,13,30,NOR,28.0,2.989,38.213,17,15.0,2.0
2023,suzuka,PIA,pi_window,13,30,LEC,29.0,-1.284,20.484,17,16.0,1.0
2023,suzuka,PIA,d1,13,30,NOR,28.0,2.989,38.213,17,15.0,2.0
2023,suzuka,PIA,thraves,13,30,HUL,29.0,-12.654,1.829,17,16.0,1.0
2023,suzuka,LEC,position,17,26,PIA,29.0,1.451,20.484,9,12.0,-3.0
2023,suzuka,LEC,pi_window,17,26,SAI,29.0,-1.256,22.366,9,12.0,-3.0
2023,suzuka,LEC,d1,17,26,PIA,29.0,1.451,20.484,9,12.0,-3.0
2023,suzuka,LEC,thraves,17,26,HAM,26.0,-3.685,14.336,9,9.0,0.0
2023,suzuka,HAM,position,16,25,SAI,25.0,2.914,8.03,9,9.0,0.0
2023,suzuka,HAM,pi_window,16,25,ALO,27.0,-1.742,16.112,9,11.0,-2.0
2023,suzuka,HAM,d1,16,25,SAI,25.0,2.914,8.03,9,9.0,0.0
2023,suzuka,HAM,thraves,16,25,PIA,28.0,5.722,6.148,9,12.0,-3.0
2023,yas_marina,VER,position,16,25,LEC,28.0,-1.52,24.012,9,12.0,-3.0
2023,yas_marina,VER,pi_window,16,25,LEC,28.0,-1.52,24.012,9,12.0,-3.0
2023,yas_marina,VER,d1,16,25,,,,,9,,
2023,yas_marina,VER,thraves,16,25,PER,27.0,-10.211,9.425,9,11.0,-2.0
2023,yas_marina,PER,position,17,24,ALO,27.0,-0.758,45.385,7,10.0,-3.0
2023,yas_marina,PER,pi_window,17,24,ALO,27.0,-0.758,45.385,7,10.0,-3.0
2023,yas_marina,PER,d1,17,24,TSU,27.0,2.007,51.823,7,10.0,-3.0
2023,yas_marina,PER,thraves,17,24,VER,22.0,10.495,9.425,7,5.0,2.0
2023,yas_marina,LEC,position,17,24,VER,27.0,1.514,24.012,7,10.0,-3.0
2023,yas_marina,LEC,pi_window,17,24,VER,27.0,1.514,24.012,7,10.0,-3.0
2023,yas_marina,LEC,d1,17,24,VER,27.0,1.514,24.012,7,10.0,-3.0
2023,yas_marina,LEC,thraves,17,24,RUS,25.0,-4.89,1.624,7,8.0,-1.0
2023,yas_marina,RUS,position,14,25,PIA,27.0,0.525,21.141,11,13.0,-2.0
2023,yas_marina,RUS,pi_window,14,25,PIA,27.0,0.525,21.141,11,13.0,-2.0
2023,yas_marina,RUS,d1,14,25,PIA,27.0,0.525,21.141,11,13.0,-2.0
2023,yas_marina,RUS,thraves,14,25,LEC,26.0,3.75,1.624,11,12.0,-1.0
2023,yas_marina,NOR,position,14,25,LEC,27.0,1.311,2.9,11,13.0,-2.0
2023,yas_marina,NOR,pi_window,14,25,LEC,27.0,1.311,2.9,11,13.0,-2.0
2023,yas_marina,NOR,d1,14,25,LEC,27.0,1.311,2.9,11,13.0,-2.0
2023,yas_marina,NOR,thraves,14,25,LEC,27.0,1.311,2.9,11,13.0,-2.0
2024,austin,LEC,position,26,31,VER,31.0,-8.82,5.292,5,5.0,0.0
2024,austin,LEC,pi_window,26,31,VER,31.0,-8.82,5.292,5,5.0,0.0
2024,austin,LEC,d1,26,31,,,,,5,,
2024,austin,LEC,thraves,26,31,SAI,31.0,-11.319,0.392,5,5.0,0.0
2024,austin,SAI,position,21,24,VER,33.0,2.044,5.684,3,12.0,-9.0
2024,austin,SAI,pi_window,21,24,VER,33.0,2.044,5.684,3,12.0,-9.0
2024,austin,SAI,d1,21,24,VER,33.0,2.044,5.684,3,12.0,-9.0
2024,austin,SAI,thraves,21,24,LEC,29.0,8.884,0.392,3,8.0,-5.0
2024,austin,NOR,position,31,32,LEC,27.0,13.069,13.057,1,-4.0,-3.0
2024,austin,NOR,pi_window,31,32,PIA,32.0,-4.503,0.784,1,1.0,0.0
2024,austin,NOR,d1,31,32,LEC,27.0,13.069,13.057,1,-4.0,-3.0
2024,austin,NOR,thraves,31,32,PIA,32.0,-4.503,0.784,1,1.0,0.0
2024,austin,VER,position,25,31,LEC,33.0,8.523,5.292,6,8.0,-2.0
2024,austin,VER,pi_window,25,31,SAI,33.0,-1.607,5.684,6,8.0,-2.0
2024,austin,VER,d1,25,31,LEC,33.0,8.523,5.292,6,8.0,-2.0
2024,austin,VER,thraves,25,31,LEC,33.0,8.523,5.292,6,8.0,-2.0
2024,austin,PIA,position,32,31,LEC,31.0,-2.934,13.841,-1,-1.0,0.0
2024,austin,PIA,pi_window,32,31,LEC,31.0,-2.934,13.841,-1,-1.0,0.0
2024,austin,PIA,d1,32,31,NOR,30.0,4.426,0.784,-1,-2.0,-1.0
2024,austin,PIA,thraves,32,31,NOR,30.0,4.426,0.784,-1,-2.0,-1.0
2024,bahrain,VER,position,17,23,SAI,26.0,-11.734,49.115,6,9.0,-3.0
2024,bahrain,VER,pi_window,17,23,SAI,26.0,-11.734,49.115,6,9.0,-3.0
2024,bahrain,VER,d1,17,23,,,,,6,,
2024,bahrain,VER,thraves,17,23,PER,29.0,-12.852,45.685,6,12.0,-6.0
2024,bahrain,PER,position,12,24,LEC,26.0,-0.516,40.594,12,14.0,-2.0
2024,bahrain,PER,pi_window,12,24,LEC,26.0,-0.516,40.594,12,14.0,-2.0
2024,bahrain,PER,d1,12,24,RUS,26.0,1.312,22.582,12,14.0,-2.0
2024,bahrain,PER,thraves,12,24,SAI,25.0,-0.932,3.43,12,13.0,-1.0
2024,bahrain,SAI,position,14,24,LEC,25.0,0.649,37.164,10,11.0,-1.0
2024,bahrain,SAI,pi_window,14,24,LEC,25.0,0.649,37.164,10,11.0,-1.0
2024,bahrain,SAI,d1,14,24,LEC,25.0,0.649,37.164,10,11.0,-1.0
2024,bahrain,SAI,thraves,14,24,PER,26.0,1.711,3.43,10,12.0,-2.0
2024,bahrain,LEC,position,11,25,PER,26.0,-0.62,40.594,14,15.0,-1.0
2024,bahrain,LEC,pi_window,11,25,PER,26.0,-0.62,40.594,14,15.0,-1.0
2024,bahrain,LEC,d1,11,25,RUS,26.0,0.953,18.012,14,15.0,-1.0
2024,bahrain,LEC,thraves,11,25,HUL,18.0,-47.831,1.909,14,7.0,7.0
2024,bahrain,RUS,position,11,25,VER,26.0,4.662,68.267,14,15.0,-1.0
2024,bahrain,RUS,pi_window,11,25,LEC,26.0,-0.953,18.012,14,15.0,-1.0
2024,bahrain,RUS,d1,11,25,VER,26.0,4.662,68.267,14,15.0,-1.0
2024,bahrain,RUS,thraves,11,25,NOR,25.0,-5.198,7.125,14,14.0,0.0
2024,baku,PIA,position,15,33,PER,33.0,-1.477,1.989,18,18.0,0.0
2024,baku,PIA,pi_window,15,33,PER,33.0,-1.477,1.989,18,18.0,0.0
2024,baku,PIA,d1,15,33,LEC,33.0,3.182,3.213,18,18.0,0.0
2024,baku,PIA,thraves,15,33,PER,33.0,-1.477,1.989,18,18.0,0.0
2024,baku,LEC,position,16,31,PIA,33.0,-3.564,3.213,15,17.0,-2.0
2024,baku,LEC,pi_window,16,31,PIA,33.0,-3.564,3.213,15,17.0,-2.0
2024,baku,LEC,d1,16,31,,,,,15,,
2024,baku,LEC,thraves,16,31,PER,33.0,-5.458,1.224,15,17.0,-2.0
2024,baku,RUS,position,12,33,VER,34.0,1.867,4.208,21,22.0,-1.0
2024,baku,RUS,pi_window,12,33,VER,34.0,1.867,4.208,21,22.0,-1.0
2024,baku,RUS,d1,12,33,VER,34.0,1.867,4.208,21,22.0,-1.0
2024,baku,RUS,thraves,12,33,VER,34.0,1.867,4.208,21,22.0,-1.0
2024,baku,NOR,position,37,33,VER,33.0,-1.157,26.673,-4,-4.0,0.0
2024,baku,NOR,pi_window,37,33,VER,33.0,-1.157,26.673,-4,-4.0,0.0
2024,baku,NOR,d1,37,33,SAI,33.0,13.753,45.9,-4,-4.0,0.0
2024,baku,NOR,thraves,37,33,ALO,33.0,-17.527,9.435,-4,-4.0,0.0
2024,baku,VER,position,12,33,SAI,34.0,1.777,19.227,21,22.0,-1.0
2024,baku,VER,pi_window,12,33,SAI,34.0,1.777,19.227,21,22.0,-1.0
2024,baku,VER,d1,12,33,SAI,34.0,1.777,19.227,21,22.0,-1.0
2024,baku,VER,thraves,12,33,RUS,35.0,-1.867,4.208,21,23.0,-2.0
2024,barcelona,VER,position,17,31,RUS,33.0,-2.799,1.802,14,16.0,-2.0
2024,barcelona,VER,pi_window,17,31,RUS,33.0,-2.799,1.802,14,16.0,-2.0
2024,barcelona,VER,d1,17,31,,,,,14,,
2024,barcelona,VER,thraves,17,31,RUS,33.0,-2.799,1.802,14,16.0,-2.0
2024,barcelona,NOR,position,23,33,LEC,35.0,-4.05,1.782,10,12.0,-2.0
2024,barcelona,NOR,pi_window,23,33,LEC,35.0,-4.05,1.782,10,12.0,-2.0
2024,barcelona,NOR,d1,23,33,,,,,10,,
2024,barcelona,NOR,thraves,23,33,LEC,35.0,-4.05,1.782,10,12.0,-2.0
2024,barcelona,HAM,position,16,33,NOR,33.0,1.052,16.005,17,17.0,0.0
2024,barcelona,HAM,pi_window,16,33,SAI,33.0,-0.885,1.406,17,17.0,0.0
2024,barcelona,HAM,d1,16,33,NOR,33.0,1.052,16.005,17,17.0,0.0
2024,barcelona,HAM,thraves,16,33,SAI,33.0,-0.885,1.406,17,17.0,0.0
2024,barcelona,RUS,position,15,31,VER,33.0,2.685,1.802,16,18.0,-2.0
2024,barcelona,RUS,pi_window,15,31,NOR,34.0,-0.823,4.567,16,19.0,-3.0
2024,barcelona,RUS,d1,15,31,VER,33.0,2.685,1.802,16,18.0,-2.0
2024,barcelona,RUS,thraves,15,31,PER,33.0,-13.055,1.366,16,18.0,-2.0
2024,barcelona,LEC,position,24,33,NOR,35.0,4.511,1.782,9,11.0,-2.0
2024,barcelona,LEC,pi_window,24,33,NOR,35.0,4.511,1.782,9,11.0,-2.0
2024,barcelona,LEC,d1,24,33,NOR,35.0,4.511,1.782,9,11.0,-2.0
2024,barcelona,LEC,thraves,24,33,PER,37.0,-28.35,1.419,9,13.0,-4.0
2024,hungaroring,PIA,position,18,35,NOR,38.0,-3.724,10.71,17,20.0,-3.0
2024,hungaroring,PIA,pi_window,18,35,NOR,38.0,-3.724,10.71,17,20.0,-3.0
2024,hungaroring,PIA,d1,18,35,,,,,17,,
2024,hungaroring,PIA,thraves,18,35,PER,32.0,-29.118,3.43,17,14.0,3.0
2024,hungaroring,NOR,position,17,37,PIA,37.0,3.268,10.71,20,20.0,0.0
2024,hungaroring,NOR,pi_window,17,37,VER,37.0,-2.542,6.3,20,20.0,0.0
2024,hungaroring,NOR,d1,17,37,PIA,37.0,3.268,10.71,20,20.0,0.0
2024,hungaroring,NOR,thraves,17,37,SAI,36.0,-9.306,6.02,20,19.0,1.0
2024,hungaroring,HAM,position,16,35,LEC,36.0,-1.677,3.652,19,20.0,-1.0
2024,hungaroring,HAM,pi_window,16,35,VER,37.0,1.241,25.818,19,21.0,-2.0
2024,hungaroring,HAM,d1,16,35,VER,37.0,1.241,25.818,19,21.0,-2.0
2024,hungaroring,HAM,thraves,16,35,LEC,36.0,-1.677,3.652,19,20.0,-1.0
2024,hungaroring,LEC,position,23,35,VER,36.0,3.466,29.47,12,13.0,-1.0
2024,hungaroring,LEC,pi_window,23,35,VER,36.0,3.466,29.47,12,13.0,-1.0
2024,hungaroring,LEC,d1,23,35,VER,36.0,3.466,29.47,12,13.0,-1.0
2024,hungaroring,LEC,thraves,23,35,HAM,35.0,-14.439,3.652,12,12.0,0.0
2024,hungaroring,VER,position,21,35,NOR,36.0,4.039,6.3,14,15.0,-1.0
2024,hungaroring,VER,pi_window,21,35,LEC,37.0,-3.287,29.47,14,16.0,-2.0
2024,hungaroring,VER,d1,21,35,NOR,36.0,4.039,6.3,14,15.0,-1.0
2024,hungaroring,VER,thraves,21,35,SAI,36.0,-7.541,0.28,14,15.0,-1.0
2024,imola,VER,position,24,46,NOR,48.0,-5.923,1.008,22,24.0,-2.0
2024,imola,VER,pi_window,24,46,NOR,48.0,-5.923,1.008,22,24.0,-2.0
2024,imola,VER,d1,24,46,,,,,22,,
2024,imola,VER,thraves,24,46,NOR,48.0,-5.923,1.008,22,24.0,-2.0
2024,imola,NOR,position,22,45,VER,50.0,5.441,1.008,23,28.0,-5.0
2024,imola,NOR,pi_window,22,45,LEC,49.0,-1.796,7.056,23,27.0,-4.0
2024,imola,NOR,d1,22,45,VER,50.0,5.441,1.008,23,28.0,-5.0
2024,imola,NOR,thraves,22,45,VER,50.0,5.441,1.008,23,28.0,-5.0
2024,imola,LEC,position,25,49,NOR,50.0,1.651,7.056,24,25.0,-1.0
2024,imola,LEC,pi_window,25,49,NOR,50.0,1.651,7.056,24,25.0,-1.0
2024,imola,LEC,d1,25,49,NOR,50.0,1.651,7.056,24,25.0,-1.0
2024,imola,LEC,thraves,25,49,PIA,48.0,-4.911,3.213,24,23.0,1.0
2024,imola,PIA,position,23,52,SAI,48.0,0.996,11.403,29,25.0,4.0
2024,imola,PIA,pi_window,23,52,SAI,48.0,0.996,11.403,29,25.0,4.0
2024,imola,PIA,d1,23,52,SAI,48.0,0.996,11.403,29,25.0,4.0
2024,imola,PIA,thraves,23,52,LEC,48.0,4.445,3.213,29,25.0,4.0
2024,imola,SAI,position,27,54,NOR,48.0,1.779,21.672,27,21.0,6.0
2024,imola,SAI,pi_window,27,54,PIA,48.0,-0.902,11.403,27,21.0,6.0
2024,imola,SAI,d1,27,54,NOR,48.0,1.779,21.672,27,21.0,6.0
2024,imola,SAI,thraves,27,54,ALB,23.0,-135.166,0.145,27,-4.0,23.0
2024,las_vegas,RUS,position,12,21,SAI,24.0,-2.62,6.875,9,12.0,-3.0
2024,las_vegas,RUS,pi_window,12,21,SAI,24.0,-2.62,6.875,9,12.0,-3.0
2024,las_vegas,RUS,d1,12,21,,,,,9,,
2024,las_vegas,RUS,thraves,12,21,VER,24.0,-4.955,0.3,9,12.0,-3.0
2024,las_vegas,HAM,position,13,24,PIA,25.0,-0.98,46.025,11,12.0,-1.0
2024,las_vegas,HAM,pi_window,13,24,TSU,25.0,0.776,60.9,11,12.0,-1.0
2024,las_vegas,HAM,d1,13,24,TSU,25.0,0.776,60.9,11,12.0,-1.0
2024,las_vegas,HAM,thraves,13,24,SAI,23.0,7.77,12.55,11,10.0,1.0
2024,las_vegas,SAI,position,10,23,LEC,25.0,0.568,7.775,13,15.0,-2.0
2024,las_vegas,SAI,pi_window,10,23,LEC,25.0,0.568,7.775,13,15.0,-2.0
2024,las_vegas,SAI,d1,10,23,LEC,25.0,0.568,7.775,13,15.0,-2.0
2024,las_vegas,SAI,thraves,10,23,RUS,25.0,1.698,6.875,13,15.0,-2.0
2024,las_vegas,LEC,position,9,27,RUS,25.0,0.089,0.9,18,16.0,2.0
2024,las_vegas,LEC,pi_window,9,27,RUS,25.0,0.089,0.9,18,16.0,2.0
2024,las_vegas,LEC,d1,9,27,RUS,25.0,0.089,0.9,18,16.0,2.0
2024,las_vegas,LEC,thraves,9,27,VER,25.0,-3.791,0.6,18,16.0,2.0
2024,las_vegas,VER,position,11,21,SAI,26.0,2.471,7.175,10,15.0,-5.0
2024,las_vegas,VER,pi_window,11,21,GAS,25.0,-1.834,103.993,10,14.0,-4.0
2024,las_vegas,VER,d1,11,21,SAI,26.0,2.471,7.175,10,15.0,-5.0
2024,las_vegas,VER,thraves,11,21,RUS,24.0,4.547,0.3,10,13.0,-3.0
2024,losail,VER,position,35,54,NOR,54.0,-1.201,11.115,19,19.0,0.0
2024,losail,VER,pi_window,35,54,NOR,54.0,-1.201,11.115,19,19.0,0.0
2024,losail,VER,d1,35,54,,,,,19,,
2024,losail,VER,thraves,35,54,RUS,31.0,-48.392,9.319,19,-4.0,15.0
2024,losail,LEC,position,35,54,SAI,54.0,-4.261,17.471,19,19.0,0.0
2024,losail,LEC,pi_window,35,54,PIA,54.0,2.263,4.246,19,19.0,0.0
2024,losail,LEC,d1,35,54,PIA,54.0,2.263,4.246,19,19.0,0.0
2024,losail,LEC,thraves,35,54,NOR,52.0,11.109,3.277,19,17.0,2.0
2024,losail,PIA,position,34,54,LEC,54.0,-2.224,4.246,20,20.0,0.0
2024,losail,PIA,pi_window,34,54,LEC,54.0,-2.224,4.246,20,20.0,0.0
2024,losail,PIA,d1,34,54,NOR,32.0,8.273,0.969,20,-2.0,18.0
2024,losail,PIA,thraves,34,54,RUS,30.0,-37.329,0.827,20,-4.0,16.0
2024,losail,RUS,position,23,54,NOR,54.0,4.276,1.796,31,31.0,0.0
2024,losail,RUS,pi_window,23,54,PIA,54.0,-1.612,0.827,31,31.0,0.0
2024,losail,RUS,d1,23,54,NOR,54.0,4.276,1.796,31,31.0,0.0
2024,losail,RUS,thraves,23,54,PIA,54.0,-1.612,0.827,31,31.0,0.0
2024,losail,GAS,position,35,54,ALO,54.0,-3.602,8.436,19,19.0,0.0
2024,losail,GAS,pi_window,35,54,ALO,54.0,-3.602,8.436,19,19.0,0.0
2024,losail,GAS,d1,35,54,HAM,31.0,14.141,0.713,19,-4.0,15.0
2024,losail,GAS,thraves,35,54,ZHO,53.0,-6.425,0.342,19,18.0,1.0
2024,melbourne,SAI,position,16,12,NOR,12.0,-5.251,13.746,-4,-4.0,0.0
2024,melbourne,SAI,pi_window,16,12,NOR,12.0,-5.251,13.746,-4,-4.0,0.0
2024,melbourne,SAI,d1,16,12,,,,,-4,,
2024,melbourne,SAI,thraves,16,12,NOR,12.0,-5.251,13.746,-4,-4.0,0.0
2024,melbourne,LEC,position,9,5,NOR,6.0,0.597,6.815,-4,-3.0,1.0
2024,melbourne,LEC,pi_window,9,5,NOR,6.0,0.597,6.815,-4,-3.0,1.0
2024,melbourne,LEC,d1,9,5,NOR,6.0,0.597,6.815,-4,-3.0,1.0
2024,melbourne,LEC,thraves,9,5,PER,6.0,-3.543,0.145,-4,-3.0,1.0
2024,melbourne,NOR,position,14,10,PER,10.0,-5.932,6.96,-4,-4.0,0.0
2024,melbourne,NOR,pi_window,14,10,SAI,10.0,3.273,13.746,-4,-4.0,0.0
2024,melbourne,NOR,d1,14,10,SAI,10.0,3.273,13.746,-4,-4.0,0.0
2024,melbourne,NOR,thraves,14,10,LEC,10.0,-14.187,6.815,-4,-4.0,0.0
2024,melbourne,PIA,position,9,5,LEC,6.0,0.689,8.961,-4,-3.0,1.0
2024,melbourne,PIA,pi_window,9,5,LEC,6.0,0.689,8.961,-4,-3.0,1.0
2024,melbourne,PIA,d1,9,5,LEC,6.0,0.689,8.961,-4,-3.0,1.0
2024,melbourne,PIA,thraves,9,5,PER,6.0,-2.854,8.816,-4,-3.0,1.0
2024,melbourne,PER,position,14,10,ALO,10.0,-3.324,49.706,-4,-4.0,0.0
2024,melbourne,PER,pi_window,14,10,ALO,10.0,-3.324,49.706,-4,-4.0,0.0
2024,melbourne,PER,d1,14,10,NOR,10.0,5.932,6.96,-4,-4.0,0.0
2024,melbourne,PER,thraves,14,10,LEC,10.0,-8.255,0.145,-4,-4.0,0.0
2024,mexico_city,SAI,position,32,36,LEC,37.0,-6.67,0.71,4,5.0,-1.0
2024,mexico_city,SAI,pi_window,32,36,LEC,37.0,-6.67,0.71,4,5.0,-1.0
2024,mexico_city,SAI,d1,32,36,,,,,4,,
2024,mexico_city,SAI,thraves,32,36,LEC,37.0,-6.67,0.71,4,5.0,-1.0
2024,mexico_city,NOR,position,30,36,RUS,37.0,-7.017,60.776,6,7.0,-1.0
2024,mexico_city,NOR,pi_window,30,36,VER,37.0,0.777,54.812,6,7.0,-1.0
2024,mexico_city,NOR,d1,30,36,VER,37.0,0.777,54.812,6,7.0,-1.0
2024,mexico_city,NOR,thraves,30,36,SAI,28.0,11.511,18.602,6,-2.0,4.0
2024,mexico_city,LEC,position,31,37,SAI,34.0,5.754,0.71,6,3.0,3.0
2024,mexico_city,LEC,pi_window,31,37,SAI,34.0,5.754,0.71,6,3.0,3.0
2024,mexico_city,LEC,d1,31,37,SAI,34.0,5.754,0.71,6,3.0,3.0
2024,mexico_city,LEC,thraves,31,37,SAI,34.0,5.754,0.71,6,3.0,3.0
2024,mexico_city,HAM,position,28,36,RUS,38.0,2.526,17.821,8,10.0,-2.0
2024,mexico_city,HAM,pi_window,28,36,RUS,38.0,2.526,17.821,8,10.0,-2.0
2024,mexico_city,HAM,d1,28,36,RUS,38.0,2.526,17.821,8,10.0,-2.0
2024,mexico_city,HAM,thraves,28,36,VER,32.0,10.843,11.857,8,4.0,4.0
2024,mexico_city,RUS,position,31,37,HAM,38.0,-4.418,17.821,6,7.0,-1.0
2024,mexico_city,RUS,pi_window,31,37,HAM,38.0,-4.418,17.821,6,7.0,-1.0
2024,mexico_city,RUS,d1,31,37,VER,30.0,4.689,5.964,6,-1.0,5.0
2024,mexico_city,RUS,thraves,31,37,VER,30.0,4.689,5.964,6,-1.0,5.0
2024,miami,NOR,position,29,30,VER,28.0,-10.581,13.748,1,-1.0,0.0
2024,miami,NOR,pi_window,29,30,SAI,29.0,2.558,28.083,1,0.0,1.0
2024,miami,NOR,d1,29,30,SAI,29.0,2.558,28.083,1,0.0,1.0
2024,miami,NOR,thraves,29,30,LEC,26.0,-13.839,2.034,1,-3.0,-2.0
2024,miami,VER,position,23,27,PIA,28.0,-3.186,26.38,4,5.0,-1.0
2024,miami,VER,pi_window,23,27,PIA,28.0,-3.186,26.38,4,5.0,-1.0
2024,miami,VER,d1,23,27,,,,,4,,
2024,miami,VER,thraves,23,27,LEC,28.0,-3.789,11.714,4,5.0,-1.0
2024,miami,LEC,position,19,29,SAI,30.0,-1.015,26.049,10,11.0,-1.0
2024,miami,LEC,pi_window,19,29,PIA,29.0,0.602,38.094,10,10.0,0.0
2024,miami,LEC,d1,19,29,PIA,29.0,0.602,38.094,10,10.0,0.0
2024,miami,LEC,thraves,19,29,NOR,27.0,-5.405,2.034,10,8.0,2.0
2024,miami,SAI,position,27,27,NOR,27.0,-3.731,28.083,0,0.0,0.0
2024,miami,SAI,pi_window,27,27,PIA,29.0,2.299,12.045,0,2.0,-2.0
2024,miami,SAI,d1,27,27,PIA,29.0,2.299,12.045,0,2.0,-2.0
2024,miami,SAI,thraves,27,27,PER,23.0,-24.137,1.464,0,-4.0,-4.0
2024,miami,PER,position,17,26,NOR,31.0,-0.99,26.619,9,14.0,-5.0
2024,miami,PER,pi_window,17,26,NOR,31.0,-0.99,26.619,9,14.0,-5.0
2024,miami,PER,d1,17,26,SAI,28.0,2.731,1.464,9,11.0,-2.0
2024,miami,PER,thraves,17,26,SAI,28.0,2.731,1.464,9,11.0,-2.0
2024,monza,LEC,position,15,29,PIA,29.0,1.229,12.614,14,14.0,0.0
2024,monza,LEC,pi_window,15,29,PIA,29.0,1.229,12.614,14,14.0,0.0
2024,monza,LEC,d1,15,29,PIA,29.0,1.229,12.614,14,14.0,0.0
2024,monza,LEC,thraves,15,29,HAM,30.0,-6.152,2.385,14,15.0,-1.0
2024,monza,PIA,position,16,29,LEC,30.0,-1.828,12.614,13,14.0,-1.0
2024,monza,PIA,pi_window,16,29,LEC,30.0,-1.828,12.614,13,14.0,-1.0
2024,monza,PIA,d1,16,29,,,,,13,,
2024,monza,PIA,thraves,16,29,NOR,30.0,-3.212,6.413,13,14.0,-1.0
2024,monza,NOR,position,14,27,LEC,31.0,1.823,6.201,13,17.0,-4.0
2024,monza,NOR,pi_window,14,27,SAI,29.0,-1.509,17.49,13,15.0,-2.0
2024,monza,NOR,d1,14,27,LEC,31.0,1.823,6.201,13,17.0,-4.0
2024,monza,NOR,thraves,14,27,VER,28.0,-5.318,1.06,13,14.0,-1.0
2024,monza,SAI,position,19,28,LEC,27.0,3.686,11.289,9,8.0,1.0
2024,monza,SAI,pi_window,19,28,NOR,28.0,-1.078,17.49,9,9.0,0.0
2024,monza,SAI,d1,19,28,LEC,27.0,3.686,11.289,9,8.0,1.0
2024,monza,SAI,thraves,19,28,LEC,27.0,3.686,11.289,9,8.0,1.0
2024,monza,HAM,position,15,29,SAI,28.0,2.568,13.674,14,13.0,1.0
2024,monza,HAM,pi_window,15,29,VER,29.0,-1.521,2.756,14,14.0,0.0
2024,monza,HAM,d1,15,29,SAI,28.0,2.568,13.674,14,13.0,1.0
2024,monza,HAM,thraves,15,29,LEC,26.0,6.152,2.385,14,11.0,3.0
2024,red_bull_ring,RUS,position,22,36,SAI,38.0,-2.082,13.845,14,16.0,-2.0
2024,red_bull_ring,RUS,pi_window,22,36,SAI,38.0,-2.082,13.845,14,16.0,-2.0
2024,red_bull_ring,RUS,d1,22,36,NOR,37.0,4.348,7.81,14,15.0,-1.0
2024,red_bull_ring,RUS,thraves,22,36,VER,35.0,10.392,4.225,14,13.0,1.0
2024,red_bull_ring,PIA,position,25,37,HAM,38.0,1.511,5.077,12,13.0,-1.0
2024,red_bull_ring,PIA,pi_window,25,37,HAM,38.0,1.511,5.077,12,13.0,-1.0
2024,red_bull_ring,PIA,d1,25,37,HAM,38.0,1.511,5.077,12,13.0,-1.0
2024,red_bull_ring,PIA,thraves,25,37,LEC,26.0,-51.246,1.917,12,1.0,11.0
2024,red_bull_ring,SAI,position,22,36,RUS,38.0,2.082,13.845,14,16.0,-2.0
2024,red_bull_ring,SAI,pi_window,22,36,HAM,39.0,-1.799,11.964,14,17.0,-3.0
2024,red_bull_ring,SAI,d1,22,36,RUS,38.0,2.082,13.845,14,16.0,-2.0
2024,red_bull_ring,SAI,thraves,22,36,LEC,21.0,-56.696,4.97,14,-1.0,13.0
2024,red_bull_ring,HAM,position,21,33,PIA,38.0,-2.056,5.077,12,17.0,-5.0
2024,red_bull_ring,HAM,pi_window,21,33,SAI,39.0,1.891,11.964,12,18.0,-6.0
2024,red_bull_ring,HAM,d1,21,33,SAI,39.0,1.891,11.964,12,18.0,-6.0
2024,red_bull_ring,HAM,thraves,21,33,PIA,38.0,-2.056,5.077,12,17.0,-5.0
2024,red_bull_ring,VER,position,23,35,NOR,37.0,-5.938,12.034,12,14.0,-2.0
2024,red_bull_ring,VER,pi_window,23,35,NOR,37.0,-5.938,12.034,12,14.0,-2.0
2024,red_bull_ring,VER,d1,23,35,,,,,12,,
2024,red_bull_ring,VER,thraves,23,35,RUS,38.0,-10.325,4.225,12,15.0,-3.0
2024,shanghai,VER,position,13,17,PER,25.0,-7.013,28.252,4,12.0,-8.0
2024,shanghai,VER,pi_window,13,17,PER,25.0,-7.013,28.252,4,12.0,-8.0
2024,shanghai,VER,d1,13,17,,,,,4,,
2024,shanghai,VER,thraves,13,17,PER,25.0,-7.013,28.252,4,12.0,-8.0
2024,shanghai,NOR,position,22,23,VER,51.0,-3.661,38.808,1,29.0,-28.0
2024,shanghai,NOR,pi_window,22,23,VER,51.0,-3.661,38.808,1,29.0,-28.0
2024,shanghai,NOR,d1,22,23,,,,,1,,
2024,shanghai,NOR,thraves,22,23,PER,21.0,-16.14,10.556,1,-1.0,0.0
2024,shanghai,PER,position,13,17,VER,18.0,7.013,28.252,4,5.0,-1.0
2024,shanghai,PER,pi_window,13,17,NOR,22.0,-3.105,10.556,4,9.0,-5.0
2024,shanghai,PER,d1,13,17,VER,18.0,7.013,28.252,4,5.0,-1.0
2024,shanghai,PER,thraves,13,17,NOR,22.0,-3.105,10.556,4,9.0,-5.0
2024,shanghai,LEC,position,21,27,VER,51.0,2.011,51.492,6,30.0,-24.0
2024,shanghai,LEC,pi_window,21,27,VER,51.0,2.011,51.492,6,30.0,-24.0
2024,shanghai,LEC,d1,21,27,VER,51.0,2.011,51.492,6,30.0,-24.0
2024,shanghai,LEC,thraves,21,27,SAI,27.0,-7.174,5.516,6,6.0,0.0
2024,shanghai,SAI,position,17,25,RIC,40.0,-12.314,168.055,8,23.0,-15.0
2024,shanghai,SAI,pi_window,17,25,PIA,28.0,3.047,49.784,8,11.0,-3.0
2024,shanghai,SAI,d1,17,25,PIA,28.0,3.047,49.784,8,11.0,-3.0
2024,shanghai,SAI,thraves,17,25,LEC,24.0,4.686,5.516,8,7.0,1.0
2024,singapore,NOR,position,30,40,VER,41.0,-20.335,15.903,10,11.0,-1.0
2024,singapore,NOR,pi_window,30,40,VER,41.0,-20.335,15.903,10,11.0,-1.0
2024,singapore,NOR,d1,30,40,,,,,10,,
2024,singapore,NOR,thraves,30,40,VER,41.0,-20.335,15.903,10,11.0,-1.0
2024,singapore,VER,position,29,38,NOR,43.0,19.098,15.903,9,14.0,-5.0
2024,singapore,VER,pi_window,29,38,RUS,43.0,-12.15,65.565,9,14.0,-5.0
2024,singapore,VER,d1,29,38,NOR,43.0,19.098,15.903,9,14.0,-5.0
2024,singapore,VER,thraves,29,38,NOR,43.0,19.098,15.903,9,14.0,-5.0
2024,singapore,PIA,position,38,42,NOR,43.0,6.055,54.52,4,5.0,-1.0
2024,singapore,PIA,pi_window,38,42,NOR,43.0,6.055,54.52,4,5.0,-1.0
2024,singapore,PIA,d1,38,42,NOR,43.0,6.055,54.52,4,5.0,-1.0
2024,singapore,PIA,thraves,38,42,RUS,39.0,-22.279,26.948,4,1.0,3.0
2024,singapore,RUS,position,27,39,VER,38.0,11.845,65.565,12,11.0,1.0
2024,singapore,RUS,pi_window,27,39,PIA,41.0,-1.385,26.948,12,14.0,-2.0
2024,singapore,RUS,d1,27,39,VER,38.0,11.845,65.565,12,11.0,1.0
2024,singapore,RUS,thraves,27,39,LEC,41.0,-13.378,1.789,12,14.0,-2.0
2024,singapore,LEC,position,36,43,VER,42.0,3.667,67.354,7,6.0,1.0
2024,singapore,LEC,pi_window,36,43,RUS,40.0,-2.686,1.789,7,4.0,3.0
2024,singapore,LEC,d1,36,43,VER,42.0,3.667,67.354,7,6.0,1.0
2024,singapore,LEC,thraves,36,43,RUS,40.0,-2.686,1.789,7,4.0,3.0
2024,spa,RUS,position,10,9,PIA,23.0,0.862,7.524,-1,13.0,-12.0
2024,spa,RUS,pi_window,10,9,SAI,16.0,-0.585,15.972,-1,6.0,-5.0
2024,spa,RUS,d1,10,9,PIA,23.0,0.862,7.524,-1,13.0,-12.0
2024,spa,RUS,thraves,10,9,HAM,17.0,4.335,1.54,-1,7.0,-6.0
2024,spa,HAM,position,11,30,LEC,19.0,-1.377,11.88,19,8.0,11.0
2024,spa,HAM,pi_window,11,30,LEC,19.0,-1.377,11.88,19,8.0,11.0
2024,spa,HAM,d1,11,30,,,,,19,,
2024,spa,HAM,thraves,11,30,RUS,17.0,-5.025,1.54,19,6.0,13.0
2024,spa,PIA,position,11,30,PER,27.0,0.801,10.164,19,16.0,3.0
2024,spa,PIA,pi_window,11,30,PER,27.0,0.801,10.164,19,16.0,3.0
2024,spa,PIA,d1,11,30,PER,27.0,0.801,10.164,19,16.0,3.0
2024,spa,PIA,thraves,11,30,NOR,17.0,-2.452,2.112,19,6.0,13.0
2024,spa,LEC,position,12,23,HAM,19.0,1.818,11.88,11,7.0,4.0
2024,spa,LEC,pi_window,12,23,PER,27.0,-1.697,7.348,11,15.0,-4.0
2024,spa,LEC,d1,12,23,HAM,19.0,1.818,11.88,11,7.0,4.0
2024,spa,LEC,thraves,12,23,PIA,18.0,-2.891,2.816,11,6.0,5.0
2024,spa,VER,position,10,9,NOR,22.0,0.816,8.749,-1,12.0,-11.0
2024,spa,VER,pi_window,10,9,NOR,22.0,0.816,8.749,-1,12.0,-11.0
2024,spa,VER,d1,10,9,NOR,22.0,0.816,8.749,-1,12.0,-11.0
2024,spa,VER,thraves,10,9,SAI,17.0,1.583,1.811,-1,7.0,-6.0
2024,yas_marina,NOR,position,26,25,SAI,25.0,-4.304,4.582,-1,-1.0,0.0
2024,yas_marina,NOR,pi_window,26,25,SAI,25.0,-4.304,4.582,-1,-1.0,0.0
2024,yas_marina,NOR,d1,26,25,,,,,-1,,
2024,yas_marina,NOR,thraves,26,25,SAI,25.0,-4.304,4.582,-1,-1.0,0.0
2024,yas_marina,SAI,position,25,25,NOR,25.0,4.246,4.582,0,0.0,0.0
2024,yas_marina,SAI,pi_window,25,25,NOR,25.0,4.246,4.582,0,0.0,0.0
2024,yas_marina,SAI,d1,25,25,NOR,25.0,4.246,4.582,0,0.0,0.0
2024,yas_marina,SAI,thraves,25,25,NOR,25.0,4.246,4.582,0,0.0,0.0
2024,yas_marina,LEC,position,20,25,VER,26.0,-4.193,22.069,5,6.0,-1.0
2024,yas_marina,LEC,pi_window,20,25,RUS,27.0,1.144,7.076,5,7.0,-2.0
2024,yas_marina,LEC,d1,20,25,RUS,27.0,1.144,7.076,5,7.0,-2.0
2024,yas_marina,LEC,thraves,20,25,RUS,27.0,1.144,7.076,5,7.0,-2.0
2024,yas_marina,HAM,position,34,34,VER,33.0,0.727,39.498,0,-1.0,-1.0
2024,yas_marina,HAM,pi_window,34,34,VER,33.0,0.727,39.498,0,-1.0,-1.0
2024,yas_marina,HAM,d1,34,34,VER,33.0,0.727,39.498,0,-1.0,-1.0
2024,yas_marina,HAM,thraves,34,34,GAS,34.0,-13.33,0.725,0,0.0,0.0
2024,yas_marina,RUS,position,26,24,VER,25.0,-5.286,14.993,-2,-1.0,1.0
2024,yas_marina,RUS,pi_window,26,24,VER,25.0,-5.286,14.993,-2,-1.0,1.0
2024,yas_marina,RUS,d1,26,24,SAI,23.0,14.919,16.414,-2,-3.0,-1.0
2024,yas_marina,RUS,thraves,26,24,LEC,24.0,-21.7,7.076,-2,-2.0,0.0
2024,zandvoort,NOR,position,28,37,VER,34.0,-3.429,24.48,9,6.0,3.0
2024,zandvoort,NOR,pi_window,28,37,VER,34.0,-3.429,24.48,9,6.0,3.0
2024,zandvoort,NOR,d1,28,37,,,,,9,,
2024,zandvoort,NOR,thraves,28,37,SAI,35.0,-16.326,17.604,9,7.0,2.0
2024,zandvoort,VER,position,27,32,NOR,35.0,2.627,24.48,5,8.0,-3.0
2024,zandvoort,VER,pi_window,27,32,NOR,35.0,2.627,24.48,5,8.0,-3.0
2024,zandvoort,VER,d1,27,32,NOR,35.0,2.627,24.48,5,8.0,-3.0
2024,zandvoort,VER,thraves,27,32,LEC,32.0,-7.102,2.916,5,5.0,0.0
2024,zandvoort,LEC,position,24,29,PIA,33.0,0.555,2.376,5,9.0,-4.0
2024,zandvoort,LEC,pi_window,24,29,PIA,33.0,0.555,2.376,5,9.0,-4.0
2024,zandvoort,LEC,d1,24,29,PIA,33.0,0.555,2.376,5,9.0,-4.0
2024,zandvoort,LEC,thraves,24,29,PIA,33.0,0.555,2.376,5,9.0,-4.0
2024,zandvoort,PIA,position,33,34,NOR,32.0,9.279,29.772,1,-1.0,0.0
2024,zandvoort,PIA,pi_window,33,34,PER,32.0,-5.147,4.824,1,-1.0,0.0
2024,zandvoort,PIA,d1,33,34,NOR,32.0,9.279,29.772,1,-1.0,0.0
2024,zandvoort,PIA,thraves,33,34,LEC,31.0,-18.952,2.376,1,-2.0,-1.0
2024,zandvoort,SAI,position,30,28,PER,33.0,2.301,16.992,-2,3.0,-1.0
2024,zandvoort,SAI,pi_window,30,28,PER,33.0,2.301,16.992,-2,3.0,-1.0
2024,zandvoort,SAI,d1,30,28,PER,33.0,2.301,16.992,-2,3.0,-1.0
2024,zandvoort,SAI,thraves,30,28,HAM,31.0,-30.231,2.016,-2,1.0,1.0
2025,austin,VER,position,33,34,NOR,34.0,-10.454,5.992,1,1.0,0.0
2025,austin,VER,pi_window,33,34,NOR,34.0,-10.454,5.992,1,1.0,0.0
2025,austin,VER,d1,33,34,,,,,1,,
2025,austin,VER,thraves,33,34,NOR,34.0,-10.454,5.992,1,1.0,0.0
2025,austin,NOR,position,32,33,VER,31.0,10.81,5.992,1,-1.0,0.0
2025,austin,NOR,pi_window,32,33,HAM,33.0,-5.997,9.436,1,1.0,0.0
2025,austin,NOR,d1,32,33,VER,31.0,10.81,5.992,1,-1.0,0.0
2025,austin,NOR,thraves,32,33,VER,31.0,10.81,5.992,1,-1.0,0.0
2025,austin,LEC,position,22,20,VER,22.0,7.334,6.384,-2,0.0,2.0
2025,austin,LEC,pi_window,22,20,NOR,22.0,-0.577,12.376,-2,0.0,2.0
2025,austin,LEC,d1,22,20,VER,22.0,7.334,6.384,-2,0.0,2.0
2025,austin,LEC,thraves,22,20,VER,22.0,7.334,6.384,-2,0.0,2.0
2025,austin,HAM,position,31,33,NOR,31.0,5.527,9.436,2,0.0,2.0
2025,austin,HAM,pi_window,31,33,PIA,34.0,-3.438,7.756,2,3.0,-1.0
2025,austin,HAM,d1,31,33,NOR,31.0,5.527,9.436,2,0.0,2.0
2025,austin,HAM,thraves,31,33,PIA,34.0,-3.438,7.756,2,3.0,-1.0
2025,austin,PIA,position,30,33,HAM,33.0,3.172,7.756,3,3.0,0.0
2025,austin,PIA,pi_window,30,33,RUS,34.0,-2.173,15.988,3,4.0,-1.0
2025,austin,PIA,d1,30,33,HAM,33.0,3.172,7.756,3,3.0,0.0
2025,austin,PIA,thraves,30,33,ANT,26.0,-33.512,1.148,3,-4.0,-1.0
2025,bahrain,PIA,position,14,23,RUS,25.0,-3.055,4.622,9,11.0,-2.0
2025,bahrain,PIA,pi_window,14,23,RUS,25.0,-3.055,4.622,9,11.0,-2.0
2025,bahrain,PIA,d1,14,23,,,,,9,,
2025,bahrain,PIA,thraves,14,23,RUS,25.0,-3.055,4.622,9,11.0,-2.0
2025,bahrain,RUS,position,13,23,PIA,26.0,2.955,4.622,10,13.0,-3.0
2025,bahrain,RUS,pi_window,13,23,NOR,25.0,-0.771,11.509,10,12.0,-2.0
2025,bahrain,RUS,d1,13,23,PIA,26.0,2.955,4.622,10,13.0,-3.0
2025,bahrain,RUS,thraves,13,23,LEC,28.0,-2.313,4.612,10,15.0,-5.0
2025,bahrain,NOR,position,10,24,RUS,25.0,0.923,11.509,14,15.0,-1.0
2025,bahrain,NOR,pi_window,10,24,RUS,25.0,0.923,11.509,14,15.0,-1.0
2025,bahrain,NOR,d1,10,24,RUS,25.0,0.923,11.509,14,15.0,-1.0
2025,bahrain,NOR,thraves,10,24,LEC,27.0,-0.953,6.897,14,17.0,-3.0
2025,bahrain,LEC,position,17,28,RUS,28.0,2.477,4.612,11,11.0,0.0
2025,bahrain,LEC,pi_window,17,28,RUS,28.0,2.477,4.612,11,11.0,0.0
2025,bahrain,LEC,d1,17,28,RUS,28.0,2.477,4.612,11,11.0,0.0
2025,bahrain,LEC,thraves,17,28,RUS,28.0,2.477,4.612,11,11.0,0.0
2025,bahrain,HAM,position,17,28,ANT,29.0,1.608,14.825,11,12.0,-1.0
2025,bahrain,HAM,pi_window,17,28,ANT,29.0,1.608,14.825,11,12.0,-1.0
2025,bahrain,HAM,d1,17,28,ANT,29.0,1.608,14.825,11,12.0,-1.0
2025,bahrain,HAM,thraves,17,28,NOR,28.0,-14.883,7.809,11,11.0,0.0
2025,baku,VER,position,40,36,RUS,36.0,-14.069,14.713,-4,-4.0,0.0
2025,baku,VER,pi_window,40,36,RUS,36.0,-14.069,14.713,-4,-4.0,0.0
2025,baku,VER,d1,40,36,,,,,-4,,
2025,baku,VER,thraves,40,36,ANT,36.0,-36.179,12.164,-4,-4.0,0.0
2025,baku,RUS,position,39,35,VER,35.0,14.166,14.713,-4,-4.0,0.0
2025,baku,RUS,pi_window,39,35,TSU,35.0,-7.586,15.351,-4,-4.0,0.0
2025,baku,RUS,d1,39,35,VER,35.0,14.166,14.713,-4,-4.0,0.0
2025,baku,RUS,thraves,39,35,SAI,35.0,-19.081,0.867,-4,-4.0,0.0
2025,baku,SAI,position,27,32,VER,33.0,6.848,13.847,5,6.0,-1.0
2025,baku,SAI,pi_window,27,32,RUS,30.0,-4.213,0.867,5,3.0,2.0
2025,baku,SAI,d1,27,32,VER,33.0,6.848,13.847,5,6.0,-1.0
2025,baku,SAI,thraves,27,32,NOR,29.0,-9.195,0.049,5,2.0,3.0
2025,baku,ANT,position,18,26,RUS,30.0,-0.587,2.55,8,12.0,-4.0
2025,baku,ANT,pi_window,18,26,RUS,30.0,-0.587,2.55,8,12.0,-4.0
2025,baku,ANT,d1,18,26,LAW,32.0,0.896,17.136,8,14.0,-6.0
2025,baku,ANT,thraves,18,26,NOR,30.0,-4.737,1.634,8,12.0,-4.0
2025,baku,LAW,position,20,36,SAI,28.0,3.282,15.453,16,8.0,8.0
2025,baku,LAW,pi_window,20,36,ANT,31.0,-0.621,17.136,16,11.0,5.0
2025,baku,LAW,d1,20,36,SAI,28.0,3.282,15.453,16,8.0,8.0
2025,baku,LAW,thraves,20,36,TSU,34.0,-3.962,0.765,16,14.0,2.0
2025,barcelona,PIA,position,22,33,NOR,35.0,-4.462,3.465,11,13.0,-2.0
2025,barcelona,PIA,pi_window,22,33,NOR,35.0,-4.462,3.465,11,13.0,-2.0
2025,barcelona,PIA,d1,22,33,,,,,11,,
2025,barcelona,PIA,thraves,22,33,LEC,34.0,-17.625,1.162,11,12.0,-1.0
2025,barcelona,NOR,position,21,34,LEC,34.0,-8.856,4.627,13,13.0,0.0
2025,barcelona,NOR,pi_window,21,34,PIA,35.0,4.273,3.465,13,14.0,-1.0
2025,barcelona,NOR,d1,21,34,PIA,35.0,4.273,3.465,13,14.0,-1.0
2025,barcelona,NOR,thraves,21,34,PIA,35.0,4.273,3.465,13,14.0,-1.0
2025,barcelona,LEC,position,17,33,NOR,35.0,5.709,4.627,16,18.0,-2.0
2025,barcelona,LEC,pi_window,17,33,HAM,34.0,-2.388,31.416,16,17.0,-1.0
2025,barcelona,LEC,d1,17,33,NOR,35.0,5.709,4.627,16,18.0,-2.0
2025,barcelona,LEC,thraves,17,33,PIA,32.0,10.477,1.162,16,15.0,1.0
2025,barcelona,RUS,position,20,32,ANT,33.0,-2.678,30.4,12,13.0,-1.0
2025,barcelona,RUS,pi_window,20,32,HAM,33.0,1.742,5.65,12,13.0,-1.0
2025,barcelona,RUS,d1,20,32,HAM,33.0,1.742,5.65,12,13.0,-1.0
2025,barcelona,RUS,thraves,20,32,HAM,33.0,1.742,5.65,12,13.0,-1.0
2025,barcelona,VER,position,13,32,NOR,34.0,-1.235,8.382,19,21.0,-2.0
2025,barcelona,VER,pi_window,13,32,NOR,34.0,-1.235,8.382,19,21.0,-2.0
2025,barcelona,VER,d1,13,32,PIA,34.0,3.118,11.847,19,21.0,-2.0
2025,barcelona,VER,thraves,13,32,NOR,34.0,-1.235,8.382,19,21.0,-2.0
2025,hungaroring,NOR,position,31,36,LEC,36.0,-7.815,47.6,5,5.0,0.0
2025,hungaroring,NOR,pi_window,31,36,LEC,36.0,-7.815,47.6,5,5.0,0.0
2025,hungaroring,NOR,d1,31,36,,,,,5,,
2025,hungaroring,NOR,thraves,31,36,PIA,36.0,-9.504,13.02,5,5.0,0.0
2025,hungaroring,PIA,position,18,35,RUS,37.0,-2.964,21.21,17,19.0,-2.0
2025,hungaroring,PIA,pi_window,18,35,LEC,37.0,2.927,34.58,17,19.0,-2.0
2025,hungaroring,PIA,d1,18,35,LEC,37.0,2.927,34.58,17,19.0,-2.0
2025,hungaroring,PIA,thraves,18,35,NOR,38.0,-4.288,13.02,17,20.0,-3.0
2025,hungaroring,RUS,position,19,36,NOR,36.0,-1.137,34.23,17,17.0,0.0
2025,hungaroring,RUS,pi_window,19,36,NOR,36.0,-1.137,34.23,17,17.0,0.0
2025,hungaroring,RUS,d1,19,36,PIA,37.0,3.24,21.21,17,18.0,-1.0
2025,hungaroring,RUS,thraves,19,36,LEC,36.0,6.254,13.37,17,17.0,0.0
2025,hungaroring,LEC,position,19,36,PIA,37.0,-3.014,34.58,17,18.0,-1.0
2025,hungaroring,LEC,pi_window,19,36,PIA,37.0,-3.014,34.58,17,18.0,-1.0
2025,hungaroring,LEC,d1,19,36,,,,,17,,
2025,hungaroring,LEC,thraves,19,36,RUS,38.0,-6.254,13.37,17,19.0,-2.0
2025,hungaroring,ALO,position,39,35,NOR,36.0,5.652,108.523,-4,-3.0,1.0
2025,hungaroring,ALO,pi_window,39,35,NOR,36.0,5.652,108.523,-4,-3.0,1.0
2025,hungaroring,ALO,d1,39,35,NOR,36.0,5.652,108.523,-4,-3.0,1.0
2025,hungaroring,ALO,thraves,39,35,ANT,35.0,-37.38,1.003,-4,-4.0,0.0
2025,imola,VER,position,29,47,NOR,49.0,-9.181,10.552,18,20.0,-2.0
2025,imola,VER,pi_window,29,47,NOR,49.0,-9.181,10.552,18,20.0,-2.0
2025,imola,VER,d1,29,47,,,,,18,,
2025,imola,VER,thraves,29,47,NOR,49.0,-9.181,10.552,18,20.0,-2.0
2025,imola,NOR,position,28,50,VER,42.0,9.168,10.552,22,14.0,8.0
2025,imola,NOR,pi_window,28,50,VER,42.0,9.168,10.552,22,14.0,8.0
2025,imola,NOR,d1,28,50,VER,42.0,9.168,10.552,22,14.0,8.0
2025,imola,NOR,thraves,28,50,VER,42.0,9.168,10.552,22,14.0,8.0
2025,imola,PIA,position,13,49,VER,49.0,1.693,30.788,36,36.0,0.0
2025,imola,PIA,pi_window,13,49,VER,49.0,1.693,30.788,36,36.0,0.0
2025,imola,PIA,d1,13,49,VER,49.0,1.693,30.788,36,36.0,0.0
2025,imola,PIA,thraves,13,49,LEC,47.0,-8.569,4.001,36,34.0,2.0
2025,imola,HAM,position,29,26,ANT,25.0,0.63,34.587,-3,-4.0,-1.0
2025,imola,HAM,pi_window,29,26,ANT,25.0,0.63,34.587,-3,-4.0,-1.0
2025,imola,HAM,d1,29,26,ANT,25.0,0.63,34.587,-3,-4.0,-1.0
2025,imola,HAM,thraves,29,26,GAS,25.0,-23.998,4.095,-3,-4.0,-1.0
2025,imola,ALB,position,29,47,NOR,46.0,12.403,52.479,18,17.0,1.0
2025,imola,ALB,pi_window,29,47,HAD,48.0,-7.403,5.859,18,19.0,-1.0
2025,imola,ALB,d1,29,47,NOR,46.0,12.403,52.479,18,17.0,1.0
2025,imola,ALB,thraves,29,47,HAD,48.0,-7.403,5.859,18,19.0,-1.0
2025,interlagos,NOR,position,30,32,PIA,31.0,-5.681,10.295,2,1.0,1.0
2025,interlagos,NOR,pi_window,30,32,PIA,31.0,-5.681,10.295,2,1.0,1.0
2025,interlagos,NOR,d1,30,32,,,,,2,,
2025,interlagos,NOR,thraves,30,32,ANT,29.0,-29.085,2.556,2,-1.0,1.0
2025,interlagos,ANT,position,21,40,RUS,40.0,-2.778,10.579,19,19.0,0.0
2025,interlagos,ANT,pi_window,21,40,PIA,40.0,1.982,7.739,19,19.0,0.0
2025,interlagos,ANT,d1,21,40,PIA,40.0,1.982,7.739,19,19.0,0.0
2025,interlagos,ANT,thraves,21,40,NOR,41.0,4.994,2.556,19,20.0,-1.0
2025,interlagos,RUS,position,34,34,VER,30.0,-5.885,19.809,0,-4.0,-4.0
2025,interlagos,RUS,pi_window,34,34,VER,30.0,-5.885,19.809,0,-4.0,-4.0
2025,interlagos,RUS,d1,34,34,PIA,30.0,7.791,2.84,0,-4.0,-4.0
2025,interlagos,RUS,thraves,34,34,PIA,30.0,7.791,2.84,0,-4.0,-4.0
2025,interlagos,PIA,position,38,35,RUS,35.0,-8.935,2.84,-3,-3.0,0.0
2025,interlagos,PIA,pi_window,38,35,RUS,35.0,-8.935,2.84,-3,-3.0,0.0
2025,interlagos,PIA,d1,38,35,,,,,-3,,
2025,interlagos,PIA,thraves,38,35,RUS,35.0,-8.935,2.84,-3,-3.0,0.0
2025,jeddah,PIA,position,19,24,VER,24.0,1.367,4.1,5,5.0,0.0
2025,jeddah,PIA,pi_window,19,24,VER,24.0,1.367,4.1,5,5.0,0.0
2025,jeddah,PIA,d1,19,24,VER,24.0,1.367,4.1,5,5.0,0.0
2025,jeddah,PIA,thraves,19,24,VER,24.0,1.367,4.1,5,5.0,0.0
2025,jeddah,VER,position,21,25,PIA,20.0,-1.982,4.1,4,-1.0,3.0
2025,jeddah,VER,pi_window,21,25,PIA,20.0,-1.982,4.1,4,-1.0,3.0
2025,jeddah,VER,d1,21,25,,,,,4,,
2025,jeddah,VER,thraves,21,25,PIA,20.0,-1.982,4.1,4,-1.0,3.0
2025,jeddah,LEC,position,29,29,NOR,25.0,-3.387,11.348,0,-4.0,-4.0
2025,jeddah,LEC,pi_window,29,29,NOR,25.0,-3.387,11.348,0,-4.0,-4.0
2025,jeddah,LEC,d1,29,29,,,,,0,,
2025,jeddah,LEC,thraves,29,29,ANT,25.0,-26.726,11.152,0,-4.0,-4.0
2025,jeddah,NOR,position,34,34,PIA,32.0,-3.384,20.2,0,-2.0,-2.0
2025,jeddah,NOR,pi_window,34,34,LEC,32.0,0.582,11.348,0,-2.0,-2.0
2025,jeddah,NOR,d1,34,34,LEC,32.0,0.582,11.348,0,-2.0,-2.0
2025,jeddah,NOR,thraves,34,34,LEC,32.0,0.582,11.348,0,-2.0,-2.0
2025,jeddah,RUS,position,20,24,PIA,22.0,4.143,45.95,4,2.0,2.0
2025,jeddah,RUS,pi_window,20,24,LEC,23.0,-2.804,14.402,4,3.0,1.0
2025,jeddah,RUS,d1,20,24,PIA,22.0,4.143,45.95,4,2.0,2.0
2025,jeddah,RUS,thraves,20,24,HAM,23.0,-10.734,2.35,4,3.0,1.0
2025,las_vegas,VER,position,25,25,NOR,24.0,-2.68,26.3,0,-1.0,-1.0
2025,las_vegas,VER,pi_window,25,25,NOR,24.0,-2.68,26.3,0,-1.0,-1.0
2025,las_vegas,VER,d1,25,25,,,,,0,,
2025,las_vegas,VER,thraves,25,25,PIA,24.0,-18.227,6.4,0,-1.0,-1.0
2025,las_vegas,NOR,position,22,21,VER,24.0,3.113,26.3,-1,2.0,-1.0
2025,las_vegas,NOR,pi_window,22,21,VER,24.0,3.113,26.3,-1,2.0,-1.0
2025,las_vegas,NOR,d1,22,21,VER,24.0,3.113,26.3,-1,2.0,-1.0
2025,las_vegas,NOR,thraves,22,21,ANT,18.0,-27.444,0.45,-1,-4.0,-3.0
2025,las_vegas,RUS,position,17,23,VER,23.0,1.552,18.75,6,6.0,0.0
2025,las_vegas,RUS,pi_window,17,23,VER,23.0,1.552,18.75,6,6.0,0.0
2025,las_vegas,RUS,d1,17,23,VER,23.0,1.552,18.75,6,6.0,0.0
2025,las_vegas,RUS,thraves,17,23,SAI,23.0,-7.131,1.05,6,6.0,0.0
2025,las_vegas,PIA,position,21,22,LEC,23.0,1.654,2.85,1,2.0,-1.0
2025,las_vegas,PIA,pi_window,21,22,HAD,25.0,-0.463,17.5,1,4.0,-3.0
2025,las_vegas,PIA,d1,21,22,LEC,23.0,1.654,2.85,1,2.0,-1.0
2025,las_vegas,PIA,thraves,21,22,LEC,23.0,1.654,2.85,1,2.0,-1.0
2025,losail,PIA,position,24,54,NOR,54.0,-3.481,12.312,30,30.0,0.0
2025,losail,PIA,pi_window,24,54,NOR,54.0,-3.481,12.312,30,30.0,0.0
2025,losail,PIA,d1,24,54,,,,,30,,
2025,losail,PIA,thraves,24,54,NOR,54.0,-3.481,12.312,30,30.0,0.0
2025,losail,NOR,position,25,54,VER,54.0,-4.449,13.566,29,29.0,0.0
2025,losail,NOR,pi_window,25,54,PIA,54.0,3.578,12.312,29,29.0,0.0
2025,losail,NOR,d1,25,54,PIA,54.0,3.578,12.312,29,29.0,0.0
2025,losail,NOR,thraves,25,54,PIA,54.0,3.578,12.312,29,29.0,0.0
2025,mexico_city,NOR,position,34,34,LEC,35.0,-15.556,11.893,0,1.0,-1.0
2025,mexico_city,NOR,pi_window,34,34,LEC,35.0,-15.556,11.893,0,1.0,-1.0
2025,mexico_city,NOR,d1,34,34,,,,,0,,
2025,mexico_city,NOR,thraves,34,34,LEC,35.0,-15.556,11.893,0,1.0,-1.0
2025,mexico_city,LEC,position,31,33,VER,36.0,-13.237,42.28,2,5.0,-3.0
2025,mexico_city,LEC,pi_window,31,33,NOR,30.0,13.236,11.893,2,-1.0,1.0
2025,mexico_city,LEC,d1,31,33,NOR,30.0,13.236,11.893,2,-1.0,1.0
2025,mexico_city,LEC,thraves,31,33,NOR,30.0,13.236,11.893,2,-1.0,1.0
2025,mexico_city,VER,position,37,36,LEC,39.0,-10.636,42.28,-1,2.0,-1.0
2025,mexico_city,VER,pi_window,37,36,LEC,39.0,-10.636,42.28,-1,2.0,-1.0
2025,mexico_city,VER,d1,37,36,NOR,33.0,28.82,54.173,-1,-4.0,-3.0
2025,mexico_city,VER,thraves,37,36,ALO,35.0,-37.788,7.981,-1,-2.0,-1.0
2025,mexico_city,BEA,position,24,34,VER,29.0,-1.932,87.834,10,5.0,5.0
2025,mexico_city,BEA,pi_window,24,34,VER,29.0,-1.932,87.834,10,5.0,5.0
2025,mexico_city,BEA,d1,24,34,HAM,31.0,4.317,9.124,10,7.0,3.0
2025,mexico_city,BEA,thraves,24,34,ANT,31.0,-3.196,1.314,10,7.0,3.0
2025,mexico_city,PIA,position,24,34,TSU,29.0,-6.471,112.364,10,5.0,5.0
2025,mexico_city,PIA,pi_window,24,34,RUS,33.0,0.746,1.988,10,9.0,1.0
2025,mexico_city,PIA,d1,24,34,RUS,33.0,0.746,1.988,10,9.0,1.0
2025,mexico_city,PIA,thraves,24,34,RUS,33.0,0.746,1.988,10,9.0,1.0
2025,monaco,NOR,position,19,39,LEC,38.0,-1.722,4.203,20,19.0,1.0
2025,monaco,NOR,pi_window,19,39,LEC,38.0,-1.722,4.203,20,19.0,1.0
2025,monaco,NOR,d1,19,39,,,,,20,,
2025,monaco,NOR,thraves,19,39,LEC,38.0,-1.722,4.203,20,19.0,1.0
2025,monaco,LEC,position,22,38,NOR,39.0,3.529,4.203,16,17.0,-1.0
2025,monaco,LEC,pi_window,22,38,PIA,36.0,-3.181,13.875,16,14.0,2.0
2025,monaco,LEC,d1,22,38,NOR,39.0,3.529,4.203,16,17.0,-1.0
2025,monaco,LEC,thraves,22,38,VER,39.0,-5.394,1.716,16,17.0,-1.0
2025,monaco,PIA,position,20,36,VER,35.0,-2.79,15.591,16,15.0,1.0
2025,monaco,PIA,pi_window,20,36,VER,35.0,-2.79,15.591,16,15.0,1.0
2025,monaco,PIA,d1,20,36,LEC,36.0,3.092,13.875,16,16.0,0.0
2025,monaco,PIA,thraves,20,36,NOR,39.0,5.183,9.672,16,19.0,-3.0
2025,monaco,VER,position,28,37,NOR,40.0,-10.59,5.919,9,12.0,-3.0
2025,monaco,VER,pi_window,28,37,NOR,40.0,-10.59,5.919,9,12.0,-3.0
2025,monaco,VER,d1,28,37,,,,,9,,
2025,monaco,VER,thraves,28,37,LEC,40.0,-16.569,1.716,9,12.0,-3.0
2025,monaco,HAM,position,18,42,ALO,37.0,1.502,104.442,24,19.0,5.0
2025,monaco,HAM,pi_window,18,42,ALO,37.0,1.502,104.442,24,19.0,5.0
2025,monaco,HAM,d1,18,42,ALO,37.0,1.502,104.442,24,19.0,5.0
2025,monaco,HAM,thraves,18,42,VER,37.0,6.991,29.727,24,19.0,5.0
2025,montreal,RUS,position,13,67,VER,67.0,-1.541,10.605,54,54.0,0.0
2025,montreal,RUS,pi_window,13,67,VER,67.0,-1.541,10.605,54,54.0,0.0
2025,montreal,RUS,d1,13,67,,,,,54,,
2025,montreal,RUS,thraves,13,67,ANT,67.0,-3.097,1.365,54,54.0,0.0
2025,montreal,VER,position,12,65,ANT,67.0,-1.76,11.97,53,55.0,-2.0
2025,montreal,VER,pi_window,12,65,RUS,67.0,1.314,10.605,53,55.0,-2.0
2025,montreal,VER,d1,12,65,RUS,67.0,1.314,10.605,53,55.0,-2.0
2025,montreal,VER,thraves,12,65,LEC,37.0,-11.629,0.84,53,25.0,28.0
2025,montreal,ANT,position,14,65,VER,67.0,1.233,11.97,51,53.0,-2.0
2025,montreal,ANT,pi_window,14,65,VER,67.0,1.233,11.97,51,53.0,-2.0
2025,montreal,ANT,d1,14,65,VER,67.0,1.233,11.97,51,53.0,-2.0
2025,montreal,ANT,thraves,14,65,RUS,67.0,2.928,1.365,51,53.0,-2.0
2025,montreal,PIA,position,16,67,ANT,67.0,2.689,4.305,51,51.0,0.0
2025,montreal,PIA,pi_window,16,67,HAM,66.0,-1.67,40.775,51,50.0,1.0
2025,montreal,PIA,d1,16,67,ANT,67.0,2.689,4.305,51,51.0,0.0
2025,montreal,PIA,thraves,16,67,RUS,67.0,5.41,2.94,51,51.0,0.0
2025,montreal,LEC,position,28,33,NOR,33.0,3.062,21.98,5,5.0,0.0
2025,montreal,LEC,pi_window,28,33,RUS,36.0,-1.509,9.765,5,8.0,-3.0
2025,montreal,LEC,d1,28,33,NOR,33.0,3.062,21.98,5,5.0,0.0
2025,montreal,LEC,thraves,28,33,VER,38.0,-2.863,0.84,5,10.0,-5.0
2025,monza,VER,position,37,33,NOR,33.0,-6.052,4.028,-4,-4.0,0.0
2025,monza,VER,pi_window,37,33,NOR,33.0,-6.052,4.028,-4,-4.0,0.0
2025,monza,VER,d1,37,33,,,,,-4,,
2025,monza,VER,thraves,37,33,PIA,33.0,-11.949,3.525,-4,-4.0,0.0
2025,monza,NOR,position,46,42,PIA,42.0,-4.413,0.503,-4,-4.0,0.0
2025,monza,NOR,pi_window,46,42,PIA,42.0,-4.413,0.503,-4,-4.0,0.0
2025,monza,NOR,d1,46,42,,,,,-4,,
2025,monza,NOR,thraves,46,42,PIA,42.0,-4.413,0.503,-4,-4.0,0.0
2025,monza,PIA,position,45,41,VER,41.0,-11.506,3.525,-4,-4.0,0.0
2025,monza,PIA,pi_window,45,41,NOR,41.0,5.243,0.503,-4,-4.0,0.0
2025,monza,PIA,d1,45,41,NOR,41.0,5.243,0.503,-4,-4.0,0.0
2025,monza,PIA,thraves,45,41,NOR,41.0,5.243,0.503,-4,-4.0,0.0
2025,monza,LEC,position,33,30,PIA,35.0,6.666,9.275,-3,2.0,1.0
2025,monza,LEC,pi_window,33,30,HAM,31.0,-6.512,17.119,-3,-2.0,1.0
2025,monza,LEC,d1,33,30,PIA,35.0,6.666,9.275,-3,2.0,1.0
2025,monza,LEC,thraves,33,30,NOR,29.0,12.912,8.771,-3,-4.0,-1.0
2025,monza,RUS,position,27,29,LEC,28.0,2.136,17.172,2,1.0,1.0
2025,monza,RUS,pi_window,27,29,HAM,30.0,-1.979,0.053,2,3.0,-1.0
2025,monza,RUS,d1,27,29,LEC,28.0,2.136,17.172,2,1.0,1.0
2025,monza,RUS,thraves,27,29,HAM,30.0,-1.979,0.053,2,3.0,-1.0
2025,red_bull_ring,NOR,position,20,32,PIA,38.0,-0.75,8.505,12,18.0,-6.0
2025,red_bull_ring,NOR,pi_window,20,32,PIA,38.0,-0.75,8.505,12,18.0,-6.0
2025,red_bull_ring,NOR,d1,20,32,,,,,12,,
2025,red_bull_ring,NOR,thraves,20,32,PIA,38.0,-0.75,8.505,12,18.0,-6.0
2025,red_bull_ring,PIA,position,24,36,NOR,38.0,0.665,8.505,12,14.0,-2.0
2025,red_bull_ring,PIA,pi_window,24,36,NOR,38.0,0.665,8.505,12,14.0,-2.0
2025,red_bull_ring,PIA,d1,24,36,NOR,38.0,0.665,8.505,12,14.0,-2.0
2025,red_bull_ring,PIA,thraves,24,36,NOR,38.0,0.665,8.505,12,14.0,-2.0
2025,red_bull_ring,LEC,position,25,36,NOR,37.0,3.664,9.415,11,12.0,-1.0
2025,red_bull_ring,LEC,pi_window,25,36,HAM,37.0,-2.835,22.47,11,12.0,-1.0
2025,red_bull_ring,LEC,d1,25,36,NOR,37.0,3.664,9.415,11,12.0,-1.0
2025,red_bull_ring,LEC,thraves,25,36,NOR,37.0,3.664,9.415,11,12.0,-1.0
2025,red_bull_ring,HAM,position,26,34,NOR,38.0,-9.588,31.885,8,12.0,-4.0
2025,red_bull_ring,HAM,pi_window,26,34,LEC,37.0,3.52,22.47,8,11.0,-3.0
2025,red_bull_ring,HAM,d1,26,34,LEC,37.0,3.52,22.47,8,11.0,-3.0
2025,red_bull_ring,HAM,thraves,26,34,LEC,37.0,3.52,22.47,8,11.0,-3.0
2025,red_bull_ring,RUS,position,18,33,HAM,38.0,3.331,32.41,15,20.0,-5.0
2025,red_bull_ring,RUS,pi_window,18,33,HAM,38.0,3.331,32.41,15,20.0,-5.0
2025,red_bull_ring,RUS,d1,18,33,HAM,38.0,3.331,32.41,15,20.0,-5.0
2025,red_bull_ring,RUS,thraves,18,33,LAW,37.0,-5.286,10.627,15,19.0,-4.0
2025,shanghai,PIA,position,14,22,NOR,23.0,-1.746,3.808,8,9.0,-1.0
2025,shanghai,PIA,pi_window,14,22,NOR,23.0,-1.746,3.808,8,9.0,-1.0
2025,shanghai,PIA,d1,14,22,,,,,8,,
2025,shanghai,PIA,thraves,14,22,NOR,23.0,-1.746,3.808,8,9.0,-1.0
2025,shanghai,NOR,position,15,20,PIA,23.0,2.068,3.808,5,8.0,-3.0
2025,shanghai,NOR,pi_window,15,20,PIA,23.0,2.068,3.808,5,8.0,-3.0
2025,shanghai,NOR,d1,15,20,PIA,23.0,2.068,3.808,5,8.0,-3.0
2025,shanghai,NOR,thraves,15,20,RUS,23.0,-2.259,2.016,5,8.0,-3.0
2025,shanghai,RUS,position,14,22,NOR,23.0,2.137,2.016,8,9.0,-1.0
2025,shanghai,RUS,pi_window,14,22,HAM,23.0,-1.823,21.392,8,9.0,-1.0
2025,shanghai,RUS,d1,14,22,NOR,23.0,2.137,2.016,8,9.0,-1.0
2025,shanghai,RUS,thraves,14,22,NOR,23.0,2.137,2.016,8,9.0,-1.0
2025,shanghai,VER,position,13,17,ANT,22.0,-1.554,39.088,4,9.0,-5.0
2025,shanghai,VER,pi_window,13,17,ANT,22.0,-1.554,39.088,4,9.0,-5.0
2025,shanghai,VER,d1,13,17,LEC,22.0,3.762,4.76,4,9.0,-5.0
2025,shanghai,VER,thraves,13,17,LEC,22.0,3.762,4.76,4,9.0,-5.0
2025,shanghai,LEC,position,15,20,VER,24.0,-4.902,4.76,5,9.0,-4.0
2025,shanghai,LEC,pi_window,15,20,HAM,25.0,0.739,6.776,5,10.0,-5.0
2025,shanghai,LEC,d1,15,20,HAM,25.0,0.739,6.776,5,10.0,-5.0
2025,shanghai,LEC,thraves,15,20,VER,24.0,-4.902,4.76,5,9.0,-4.0
2025,singapore,RUS,position,25,40,NOR,41.0,-10.428,7.533,15,16.0,-1.0
2025,singapore,RUS,pi_window,25,40,NOR,41.0,-10.428,7.533,15,16.0,-1.0
2025,singapore,RUS,d1,25,40,,,,,15,,
2025,singapore,RUS,thraves,25,40,VER,41.0,-31.087,5.828,15,16.0,-1.0
2025,singapore,VER,position,19,59,RUS,55.0,7.716,5.828,40,36.0,4.0
2025,singapore,VER,pi_window,19,59,NOR,50.0,-1.231,13.361,40,31.0,9.0
2025,singapore,VER,d1,19,59,RUS,55.0,7.716,5.828,40,36.0,4.0
2025,singapore,VER,thraves,19,59,RUS,55.0,7.716,5.828,40,36.0,4.0
2025,singapore,NOR,position,26,40,RUS,43.0,9.957,7.533,14,17.0,-3.0
2025,singapore,NOR,pi_window,26,40,PIA,41.0,-4.366,1.488,14,15.0,-1.0
2025,singapore,NOR,d1,26,40,RUS,43.0,9.957,7.533,14,17.0,-3.0
2025,singapore,NOR,thraves,26,40,PIA,41.0,-4.366,1.488,14,15.0,-1.0
2025,singapore,PIA,position,27,39,NOR,41.0,4.287,1.488,12,14.0,-2.0
2025,singapore,PIA,pi_window,27,39,NOR,41.0,4.287,1.488,12,14.0,-2.0
2025,singapore,PIA,d1,27,39,NOR,41.0,4.287,1.488,12,14.0,-2.0
2025,singapore,PIA,thraves,27,39,NOR,41.0,4.287,1.488,12,14.0,-2.0
2025,singapore,ANT,position,25,40,LEC,39.0,1.558,17.918,15,14.0,1.0
2025,singapore,ANT,pi_window,25,40,HAM,43.0,-1.475,57.018,15,18.0,-3.0
2025,singapore,ANT,d1,25,40,LEC,39.0,1.558,17.918,15,14.0,1.0
2025,singapore,ANT,thraves,25,40,LEC,39.0,1.558,17.918,15,14.0,1.0
2025,suzuka,VER,position,21,28,NOR,30.0,-2.136,9.01,7,9.0,-2.0
2025,suzuka,VER,pi_window,21,28,NOR,30.0,-2.136,9.01,7,9.0,-2.0
2025,suzuka,VER,d1,21,28,,,,,7,,
2025,suzuka,VER,thraves,21,28,LEC,30.0,-6.012,1.802,7,9.0,-2.0
2025,suzuka,NOR,position,21,28,VER,27.0,2.136,9.01,7,6.0,1.0
2025,suzuka,NOR,pi_window,21,28,PIA,29.0,-1.335,0.265,7,8.0,-1.0
2025,suzuka,NOR,d1,21,28,VER,27.0,2.136,9.01,7,6.0,1.0
2025,suzuka,NOR,thraves,21,28,PIA,29.0,-1.335,0.265,7,8.0,-1.0
2025,suzuka,PIA,position,20,27,NOR,31.0,1.164,0.265,7,11.0,-4.0
2025,suzuka,PIA,pi_window,20,27,NOR,31.0,1.164,0.265,7,11.0,-4.0
2025,suzuka,PIA,d1,20,27,NOR,31.0,1.164,0.265,7,11.0,-4.0
2025,suzuka,PIA,thraves,20,27,NOR,31.0,1.164,0.265,7,11.0,-4.0
2025,suzuka,LEC,position,21,28,PIA,28.0,2.541,6.943,7,7.0,0.0
2025,suzuka,LEC,pi_window,21,28,RUS,30.0,-1.748,5.247,7,9.0,-2.0
2025,suzuka,LEC,d1,21,28,PIA,28.0,2.541,6.943,7,7.0,0.0
2025,suzuka,LEC,thraves,21,28,VER,27.0,6.012,1.802,7,6.0,1.0
2025,suzuka,RUS,position,19,30,LEC,31.0,1.321,5.247,11,12.0,-1.0
2025,suzuka,RUS,pi_window,19,30,LEC,31.0,1.321,5.247,11,12.0,-1.0
2025,suzuka,RUS,d1,19,30,LEC,31.0,1.321,5.247,11,12.0,-1.0
2025,suzuka,RUS,thraves,19,30,VER,24.0,6.992,3.445,11,5.0,6.0
2025,yas_marina,VER,position,23,24,PIA,26.0,-1.793,48.488,1,3.0,-2.0
2025,yas_marina,VER,pi_window,23,24,PIA,26.0,-1.793,48.488,1,3.0,-2.0
2025,yas_marina,VER,d1,23,24,,,,,1,,
2025,yas_marina,VER,thraves,23,24,NOR,24.0,-28.392,7.801,1,1.0,0.0
2025,yas_marina,PIA,position,41,37,VER,37.0,-6.26,48.488,-4,-4.0,0.0
2025,yas_marina,PIA,pi_window,41,37,VER,37.0,-6.26,48.488,-4,-4.0,0.0
2025,yas_marina,PIA,d1,41,37,,,,,-4,,
2025,yas_marina,PIA,thraves,41,37,RUS,37.0,-34.149,7.366,-4,-4.0,0.0
2025,yas_marina,NOR,position,16,25,PIA,25.0,2.209,56.289,9,9.0,0.0
2025,yas_marina,NOR,pi_window,16,25,LEC,28.0,-1.112,29.21,9,12.0,-3.0
2025,yas_marina,NOR,d1,16,25,PIA,25.0,2.209,56.289,9,9.0,0.0
2025,yas_marina,NOR,thraves,16,25,VER,26.0,4.354,7.801,9,10.0,-1.0
2025,yas_marina,LEC,position,16,25,NOR,27.0,1.112,29.21,9,11.0,-2.0
2025,yas_marina,LEC,pi_window,16,25,NOR,27.0,1.112,29.21,9,11.0,-2.0
2025,yas_marina,LEC,d1,16,25,NOR,27.0,1.112,29.21,9,11.0,-2.0
2025,yas_marina,LEC,thraves,16,25,VER,27.0,5.466,21.409,9,11.0,-2.0
2025,yas_marina,RUS,position,14,25,LEC,27.0,2.425,34.445,11,13.0,-2.0
2025,yas_marina,RUS,pi_window,14,25,ALO,26.0,-1.876,33.669,11,12.0,-1.0
2025,yas_marina,RUS,d1,14,25,LEC,27.0,2.425,34.445,11,13.0,-2.0
2025,yas_marina,RUS,thraves,14,25,PIA,26.0,5.141,7.366,11,12.0,-1.0
2025,zandvoort,PIA,position,23,34,NOR,34.0,-3.217,2.88,11,11.0,0.0
2025,zandvoort,PIA,pi_window,23,34,NOR,34.0,-3.217,2.88,11,11.0,0.0
2025,zandvoort,PIA,d1,23,34,,,,,11,,
2025,zandvoort,PIA,thraves,23,34,NOR,34.0,-3.217,2.88,11,11.0,0.0
2025,zandvoort,VER,position,23,44,NOR,44.0,10.419,8.64,21,21.0,0.0
2025,zandvoort,VER,pi_window,23,44,HAD,43.0,-2.595,13.752,21,20.0,1.0
2025,zandvoort,VER,d1,23,44,NOR,44.0,10.419,8.64,21,21.0,0.0
2025,zandvoort,VER,thraves,23,44,NOR,44.0,10.419,8.64,21,21.0,0.0
2025,zandvoort,HAD,position,23,34,VER,34.0,2.595,13.752,11,11.0,0.0
2025,zandvoort,HAD,pi_window,23,34,LEC,34.0,-1.348,29.844,11,11.0,0.0
2025,zandvoort,HAD,d1,23,34,VER,34.0,2.595,13.752,11,11.0,0.0
2025,zandvoort,HAD,thraves,23,34,VER,34.0,2.595,13.752,11,11.0,0.0
2025,zandvoort,RUS,position,23,34,LEC,34.0,2.231,16.848,11,11.0,0.0
2025,zandvoort,RUS,pi_window,23,34,HAM,35.0,-0.706,57.832,11,12.0,-1.0
2025,zandvoort,RUS,d1,23,34,LEC,34.0,2.231,16.848,11,11.0,0.0
2025,zandvoort,RUS,thraves,23,34,ALB,33.0,-9.987,1.836,11,10.0,1.0
2025,zandvoort,ALB,position,23,34,TSU,31.0,-4.196,48.492,11,8.0,3.0
2025,zandvoort,ALB,pi_window,23,34,SAI,33.0,2.512,23.436,11,10.0,1.0
2025,zandvoort,ALB,d1,23,34,SAI,33.0,2.512,23.436,11,10.0,1.0
2025,zandvoort,ALB,thraves,23,34,RUS,29.0,9.987,1.836,11,6.0,5.0
