circuit,n_editions,laps_exposure,sc_races_with_event,sc_deployments,sc_p_occurrence,sc_p_occurrence_ci_low,sc_p_occurrence_ci_high,sc_rate_per_lap,sc_rate_ci_low,sc_rate_ci_high,sc_mean_duration_laps,vsc_races_with_event,vsc_deployments,vsc_p_occurrence,vsc_p_occurrence_ci_low,vsc_p_occurrence_ci_high,vsc_rate_per_lap,vsc_rate_ci_low,vsc_rate_ci_high,vsc_mean_duration_laps
austin,7,392,2,3,0.3125,0.06472826694948343,0.647661654959421,0.008928571428571428,0.0021554453835170343,0.020424444227843525,3.6666666666666665,3,3,0.4375,0.13886421910489025,0.7654987507479062,0.008928571428571428,0.0021554453835170343,0.020424444227843525,2.0
bahrain,8,455,5,6,0.6111111111111112,0.29482344628030865,0.8809608198458341,0.014285714285714285,0.005504121441549813,0.027181983390034668,4.0,4,4,0.5,0.1989656112814958,0.8010343887185041,0.00989010989010989,0.002967460988989405,0.020904140438067726,2.0
baku,7,357,4,6,0.5625,0.23450124925209373,0.8611357808951098,0.018207282913165267,0.007015056739230154,0.03464370432063242,4.5,3,4,0.4375,0.13886421910489025,0.7654987507479062,0.012605042016806723,0.0037820581232217904,0.02664253193087063,2.0
barcelona,8,528,4,4,0.5,0.1989656112814958,0.8010343887185041,0.008522727272727272,0.0025571870264965517,0.018013984657804575,5.5,1,1,0.16666666666666666,0.013838233790320757,0.4537193210324146,0.002840909090909091,0.00020435159339384268,0.008852654928500141,3.0
hungaroring,8,560,1,1,0.16666666666666666,0.013838233790320757,0.4537193210324146,0.0026785714285714286,0.0001926743594856231,0.008346788932585846,2.0,2,4,0.2777777777777778,0.05596688972465874,0.5916235105733374,0.008035714285714285,0.002411062053553891,0.016984614105930027,2.0
imola,5,315,4,5,0.75,0.3713735993680057,0.9774872340008449,0.01746031746031746,0.006056743257517618,0.03479372898574794,5.2,2,2,0.4166666666666667,0.09439032734434406,0.7905833359239951,0.007936507936507936,0.001319383513470893,0.020369050784174645,2.5
interlagos,7,495,6,9,0.8125,0.4992025383809224,0.9841234757872532,0.01919191919191919,0.008996481294937344,0.03318416854720171,4.333333333333333,4,5,0.5625,0.23450124925209373,0.8611357808951098,0.011111111111111112,0.003854291163874848,0.022141463900021415,2.2
jeddah,5,250,5,5,0.9166666666666666,0.6206228577009606,0.9999065793999604,0.022,0.007631496504472199,0.0438400985220424,3.6,2,6,0.4166666666666667,0.09439032734434406,0.7905833359239951,0.026,0.01001750102362066,0.04947120976986309,2.3333333333333335
las_vegas,3,150,1,2,0.375,0.03874761778516517,0.8232639028687426,0.016666666666666666,0.002770705378288875,0.04277500664676676,3.5,2,3,0.625,0.17673609713125732,0.9612523822148348,0.023333333333333334,0.005632897268924517,0.05337588091543109,2.0
losail,3,171,3,5,0.875,0.46441675695704965,0.9998493639745635,0.03216374269005848,0.011157158632269296,0.06409371128953567,4.0,1,1,0.375,0.03874761778516517,0.8232639028687426,0.008771929824561403,0.0006309803585494089,0.027334513463439028,1.0
melbourne,6,347,4,9,0.6428571428571429,0.28642300925419684,0.9232298599651265,0.027377521613832854,0.012833597236293905,0.047337646774826644,4.333333333333333,4,6,0.6428571428571429,0.28642300925419684,0.9232298599651265,0.018731988472622477,0.0072172197576517725,0.03564208196676015,1.8333333333333333
mexico_city,7,497,3,4,0.4375,0.13886421910489025,0.7654987507479062,0.009054325955734407,0.002716689637807202,0.0191375933587944,3.25,5,7,0.6875,0.352338345040579,0.9352717330505166,0.015090543259557344,0.0062999374195606165,0.027654318776099574,2.142857142857143
miami,4,228,2,2,0.5,0.12275388276951774,0.8772461172304822,0.010964912280701754,0.001822832485716365,0.028141451741293916,5.5,3,5,0.7,0.2837516795634126,0.9715291049128532,0.02412280701754386,0.008367868974201971,0.04807028346715175,1.6
monaco,7,532,3,4,0.4375,0.13886421910489025,0.7654987507479062,0.008458646616541353,0.002537960056372517,0.01787854116413687,2.5,3,3,0.4375,0.13886421910489025,0.7654987507479062,0.006578947368421052,0.0015882229141704462,0.015049590483674179,2.0
montreal,6,420,5,6,0.7857142857142857,0.4419432263907517,0.9813798728805578,0.015476190476190477,0.0059627982283456315,0.02944714867253756,4.833333333333333,2,3,0.35714285714285715,0.07677014003487342,0.713576990745803,0.008333333333333333,0.002011749024615899,0.019062814612653963,1.6666666666666667
monza,7,369,3,4,0.4375,0.13886421910489025,0.7654987507479062,0.012195121951219513,0.0036590643631170166,0.02577610812824069,4.25,3,5,0.4375,0.13886421910489025,0.7654987507479062,0.014905149051490514,0.005170390585685771,0.02970196376832141,1.4
red_bull_ring,8,564,4,6,0.5,0.1989656112814958,0.8010343887185041,0.01152482269503546,0.0044403816594063205,0.021928727734868394,4.5,4,4,0.5,0.1989656112814958,0.8010343887185041,0.007978723404255319,0.002393962322677623,0.0168641558498596,2.25
ricard,4,212,2,2,0.5,0.12275388276951774,0.8772461172304822,0.01179245283018868,0.001960404748789298,0.030265334891580252,4.0,3,3,0.7,0.2837516795634126,0.9715291049128532,0.01650943396226415,0.00398554052046546,0.03776595347789935,1.6666666666666667
shanghai,2,112,1,2,0.5,0.06083027592009732,0.9391697240799026,0.022321428571428572,0.003710766131636886,0.05728795533049119,4.5,1,1,0.5,0.06083027592009732,0.9391697240799026,0.013392857142857142,0.0009633717974281154,0.041733944662929234,2.0
silverstone,8,416,7,10,0.8333333333333334,0.5462806789675853,0.9861617662096792,0.025240384615384616,0.012359252142455365,0.04264287969438373,4.3,2,3,0.2777777777777778,0.05596688972465874,0.5916235105733374,0.008413461538461538,0.0020310927652372056,0.019246110907006404,2.3333333333333335
singapore,6,367,4,7,0.6428571428571429,0.28642300925419684,0.9232298599651265,0.020435967302452316,0.008531522881530317,0.03745012651695228,3.5714285714285716,2,4,0.35714285714285715,0.07677014003487342,0.713576990745803,0.01226158038147139,0.0036790047683656108,0.025916577382345544,2.25
spa,8,311,5,5,0.6111111111111112,0.29482344628030865,0.8809608198458341,0.017684887459807074,0.006134643492340996,0.03524123675405338,3.8,0,0,0.05555555555555555,5.949030289440215e-05,0.2622172487171857,0.001607717041800643,1.578889255908771e-06,0.008076987439413003,
suzuka,6,294,3,3,0.5,0.1668081973318454,0.8331918026681545,0.011904761904761904,0.0028739271780227125,0.02723259230379137,3.3333333333333335,2,2,0.35714285714285715,0.07677014003487342,0.713576990745803,0.008503401360544218,0.0014136251930045281,0.021823982983044263,1.5
yas_marina,8,455,3,3,0.3888888888888889,0.1190391801541659,0.7051765537196912,0.007692307692307693,0.001856999099645445,0.017596444257834423,4.0,4,4,0.5,0.1989656112814958,0.8010343887185041,0.00989010989010989,0.002967460988989405,0.020904140438067726,2.25
zandvoort,5,360,3,6,0.5833333333333334,0.20941666407600484,0.905609672655656,0.018055555555555554,0.006956597933069904,0.03435500678462715,4.333333333333333,3,3,0.5833333333333334,0.20941666407600484,0.905609672655656,0.009722222222222222,0.0023470405287185484,0.022239950381429622,2.0
