season,circuit,driver,finishing_position,decision_lap,real_pit_lap,model_pit_lap,delta_laps,p_best_at_real,p_best_at_model,median_cost_s,real_stop_neutralised
2022,austin,VER,1,8,13,31,18,0.0,0.144,14.19,False
2022,austin,HAM,2,7,12,28,16,0.0,0.0933,14.61,False
2022,austin,LEC,3,13,18,30,12,0.0007,0.162,7.16,True
2022,austin,PER,4,9,14,30,16,0.0,0.1367,14.34,False
2022,austin,RUS,5,8,13,31,18,0.0,0.144,14.19,False
2022,bahrain,LEC,1,10,15,28,13,0.0,0.4287,29.53,True
2022,bahrain,SAI,2,9,14,28,14,0.0,0.0207,29.55,True
2022,bahrain,HAM,3,6,11,25,14,0.0007,0.0993,24.61,False
2022,bahrain,RUS,4,10,15,23,8,0.0053,0.112,9.65,True
2022,bahrain,MAG,5,9,14,29,15,0.0,0.0913,36.02,True
2022,baku,VER,1,13,18,30,12,0.0093,0.0487,3.62,False
2022,baku,PER,2,11,16,31,15,0.008,0.0493,4.39,False
2022,baku,RUS,3,4,9,31,22,0.0013,0.048,9.29,True
2022,baku,HAM,4,4,9,31,22,0.0013,0.048,9.29,True
2022,baku,GAS,5,4,9,31,22,0.0013,0.048,9.29,True
2022,barcelona,VER,1,8,13,31,18,0.0,0.1633,31.35,False
2022,barcelona,PER,2,12,17,32,15,0.0,0.17,19.44,False
2022,barcelona,RUS,3,8,13,31,18,0.0,0.1633,31.35,False
2022,barcelona,SAI,4,5,10,31,21,0.0,0.152,41.8,False
2022,hungaroring,VER,1,11,16,26,10,0.0,0.13,9.08,False
2022,hungaroring,HAM,2,14,19,35,16,0.0,0.6287,16.01,False
2022,hungaroring,RUS,3,11,16,25,9,0.0007,0.1273,7.07,False
2022,hungaroring,SAI,4,12,17,35,18,0.0,0.636,19.88,False
2022,hungaroring,PER,5,13,18,27,9,0.002,0.136,6.3,False
2022,interlagos,RUS,1,19,24,40,16,0.0007,0.1007,13.4,False
2022,interlagos,HAM,2,24,29,42,13,0.01,0.076,7.49,False
2022,interlagos,SAI,3,12,17,29,12,0.0013,0.098,6.37,False
2022,interlagos,ALO,5,9,14,35,21,0.0,0.2373,25.1,False
2022,jeddah,VER,1,11,16,28,12,0.0367,0.0313,0.88,True
2022,jeddah,LEC,2,11,16,28,12,0.0367,0.0313,0.88,True
2022,jeddah,SAI,3,11,16,28,12,0.0367,0.0313,0.88,True
2022,jeddah,PER,4,10,15,22,7,0.034,0.0387,0.37,False
2022,jeddah,RUS,5,11,16,28,12,0.0367,0.0313,0.88,True
2022,melbourne,LEC,1,17,22,18,-4,0.032,0.6187,2.06,False
2022,melbourne,PER,2,15,20,16,-4,0.0333,0.6127,1.18,False
2022,melbourne,RUS,3,18,23,19,-4,0.0353,0.636,1.86,True
2022,melbourne,HAM,4,17,22,18,-4,0.032,0.6187,2.06,False
2022,melbourne,NOR,5,15,20,16,-4,0.0333,0.6127,1.18,False
2022,mexico_city,VER,1,20,25,32,7,0.0427,0.0593,3.29,False
2022,mexico_city,HAM,2,24,29,35,6,0.026,0.0427,0.97,False
2022,mexico_city,PER,3,18,23,34,11,0.0233,0.048,4.48,False
2022,mexico_city,RUS,4,29,34,40,6,0.0493,0.046,0.54,False
2022,mexico_city,SAI,5,24,29,31,2,0.0607,0.0727,0.73,False
2022,miami,VER,1,21,26,28,2,0.086,0.08,0.12,False
2022,miami,LEC,2,19,24,29,5,0.064,0.068,0.31,False
2022,miami,SAI,3,22,27,27,0,0.0767,0.0767,0.0,False
2022,miami,PER,4,22,27,27,0,0.0767,0.0767,0.0,False
2022,miami,RUS,5,35,40,36,-4,0.0273,0.676,0.92,True
2022,montreal,VER,1,4,9,67,58,0.0,0.4587,38.99,True
2022,montreal,SAI,2,15,20,67,47,0.0007,0.4727,26.96,True
2022,montreal,HAM,3,4,9,67,58,0.0,0.4587,38.99,True
2022,montreal,RUS,4,14,19,67,48,0.0007,0.4773,25.51,True
2022,montreal,LEC,5,36,41,37,-4,0.0213,0.7887,2.27,False
2022,monza,VER,1,20,25,42,17,0.01,0.0353,5.95,False
2022,monza,LEC,2,7,12,41,29,0.0,0.0427,16.55,True
2022,monza,RUS,3,18,23,40,17,0.0013,0.046,6.58,False
2022,monza,SAI,4,25,30,26,-4,0.0207,0.784,3.37,False
2022,monza,HAM,5,28,33,29,-4,0.0233,0.7987,2.55,False
2022,red_bull_ring,LEC,1,21,26,37,11,0.0073,0.13,5.91,False
2022,red_bull_ring,VER,2,8,13,39,26,0.0,0.0127,28.81,False
2022,red_bull_ring,HAM,3,23,28,35,7,0.0073,0.1647,3.53,False
2022,red_bull_ring,RUS,4,6,11,39,28,0.0,0.0207,35.58,False
2022,red_bull_ring,OCO,5,11,16,35,19,0.0,0.162,23.12,False
2022,ricard,VER,1,11,16,12,-4,0.0,1.0,,False
2022,ricard,HAM,2,13,18,14,-4,0.0,1.0,,True
2022,ricard,RUS,3,13,18,14,-4,0.0,1.0,,True
2022,ricard,PER,4,13,18,14,-4,0.0,1.0,,True
2022,ricard,SAI,5,13,18,14,-4,0.0,1.0,,True
2022,spa,VER,1,10,15,21,6,0.022,0.0307,3.16,False
2022,spa,PER,2,9,14,22,8,0.0133,0.3473,4.78,False
2022,spa,SAI,3,6,11,21,10,0.0133,0.0213,3.38,False
2022,spa,RUS,4,8,13,22,9,0.0113,0.3387,3.71,False
2022,yas_marina,VER,1,15,20,25,5,0.0167,0.172,1.24,False
2022,yas_marina,LEC,2,16,21,25,4,0.0473,0.182,0.94,False
2022,yas_marina,PER,3,10,15,26,11,0.0053,0.1013,5.91,False
2022,yas_marina,SAI,4,12,17,24,7,0.0087,0.2113,3.86,False
2022,yas_marina,RUS,5,10,15,26,11,0.0053,0.1013,5.91,False
2022,zandvoort,VER,1,13,18,41,23,0.0,0.068,22.11,False
2022,zandvoort,RUS,2,26,31,29,-2,0.1187,0.0947,0.41,False
2022,zandvoort,LEC,3,12,17,42,25,0.0,0.078,22.53,False
2022,zandvoort,HAM,4,24,29,28,-1,0.1133,0.08,1.67,False
2022,zandvoort,SAI,5,9,14,38,24,0.0,0.0467,29.01,False
2023,austin,VER,1,11,16,30,14,0.0033,0.0113,6.78,False
2023,austin,HAM,2,15,20,29,9,0.006,0.122,5.15,False
2023,austin,NOR,3,12,17,30,13,0.0007,0.152,8.87,False
2023,austin,SAI,4,12,17,29,12,0.0067,0.012,5.63,False
2023,austin,PER,5,12,17,29,12,0.0067,0.012,5.63,False
2023,bahrain,VER,1,9,14,28,14,0.0,0.0207,29.55,False
2023,bahrain,PER,2,12,17,27,10,0.0007,0.4313,17.72,False
2023,bahrain,ALO,3,9,14,24,10,0.0027,0.1233,12.69,False
2023,bahrain,SAI,4,8,13,23,10,0.0033,0.0993,14.13,False
2023,bahrain,HAM,5,7,12,24,12,0.0013,0.1073,20.61,False
2023,baku,PER,1,6,11,31,20,0.0013,0.0507,8.42,True
2023,baku,VER,2,5,10,32,22,0.0013,0.038,9.16,True
2023,baku,LEC,3,6,11,31,20,0.0013,0.0507,8.42,True
2023,baku,ALO,4,6,11,31,20,0.0013,0.0507,8.42,True
2023,baku,SAI,5,6,11,31,20,0.0013,0.0507,8.42,True
2023,barcelona,VER,1,21,26,32,6,0.042,0.1033,3.66,False
2023,barcelona,HAM,2,19,24,32,8,0.0027,0.1427,5.15,False
2023,barcelona,RUS,3,20,25,33,8,0.002,0.1587,5.89,False
2023,barcelona,PER,4,22,27,32,5,0.0467,0.1027,2.53,False
2023,barcelona,SAI,5,10,15,32,17,0.0,0.164,24.98,False
2023,hungaroring,VER,1,18,23,34,11,0.0013,0.1933,8.1,False
2023,hungaroring,NOR,2,12,17,37,20,0.0,0.1113,22.08,False
2023,hungaroring,PER,3,19,24,33,9,0.0033,0.1893,5.52,False
2023,hungaroring,HAM,4,11,16,34,18,0.0,0.1873,21.45,False
2023,hungaroring,PIA,5,13,18,34,16,0.0,0.2033,17.55,False
2023,jeddah,PER,1,13,18,20,2,0.0427,0.042,0.5,True
2023,jeddah,VER,2,13,18,20,2,0.0427,0.042,0.5,True
2023,jeddah,ALO,3,13,18,20,2,0.0427,0.042,0.5,True
2023,jeddah,RUS,4,13,18,20,2,0.0427,0.042,0.5,True
2023,jeddah,HAM,5,13,18,29,11,0.028,0.0387,1.31,True
2023,las_vegas,VER,1,11,16,22,6,0.0367,0.0953,1.08,False
2023,las_vegas,LEC,2,16,21,22,1,0.0987,0.0827,0.09,False
2023,las_vegas,RUS,4,10,15,24,9,0.0227,0.082,2.29,False
2023,las_vegas,OCO,5,15,20,24,4,0.0847,0.076,0.52,True
2023,losail,VER,1,12,17,53,36,0.0047,0.032,8.85,False
2023,losail,PIA,2,7,12,54,42,0.0047,0.602,9.61,False
2023,losail,NOR,3,8,13,54,41,0.0047,0.636,13.27,False
2023,losail,LEC,5,7,12,54,42,0.004,0.634,12.07,False
2023,melbourne,VER,1,3,8,6,-2,0.0373,0.032,0.86,True
2023,melbourne,HAM,2,3,8,6,-2,0.0373,0.032,0.86,True
2023,melbourne,ALO,3,3,8,6,-2,0.038,0.0333,0.88,True
2023,melbourne,STR,5,3,8,6,-2,0.038,0.0333,0.88,True
2023,mexico_city,VER,1,14,19,33,14,0.01,0.0373,9.9,False
2023,mexico_city,HAM,2,19,24,37,13,0.016,0.0393,5.71,False
2023,mexico_city,LEC,3,26,31,37,6,0.0373,0.0413,1.21,False
2023,mexico_city,SAI,4,25,30,34,4,0.0353,0.0533,1.02,False
2023,mexico_city,NOR,5,6,11,33,22,0.0013,0.0533,20.19,False
2023,miami,VER,1,40,45,41,-4,0.0253,0.7567,2.26,False
2023,miami,PER,2,15,20,33,13,0.0267,0.0333,0.92,False
2023,miami,ALO,3,19,24,28,4,0.064,0.0707,0.24,False
2023,miami,RUS,4,12,17,26,9,0.0153,0.0647,1.83,False
2023,miami,SAI,5,13,18,26,8,0.0153,0.064,2.05,False
2023,monaco,ALO,2,49,54,50,-4,0.02,0.6013,1.73,False
2023,monaco,OCO,3,27,32,34,2,0.024,0.028,0.34,False
2023,monaco,HAM,4,26,31,40,9,0.0173,0.03,1.84,False
2023,montreal,VER,1,7,12,67,55,0.0,0.448,33.25,True
2023,montreal,ALO,2,7,12,67,55,0.0,0.448,33.25,True
2023,montreal,HAM,3,7,12,67,55,0.0,0.448,33.25,True
2023,montreal,LEC,4,34,39,60,21,0.0093,0.022,7.61,False
2023,montreal,SAI,5,33,38,66,28,0.0073,0.042,9.33,False
2023,monza,VER,1,15,20,27,7,0.0287,0.092,1.8,False
2023,monza,PER,2,16,21,25,4,0.0233,0.0893,0.93,False
2023,monza,SAI,3,14,19,23,4,0.0213,0.046,1.54,False
2023,monza,LEC,4,15,20,27,7,0.0287,0.092,1.8,False
2023,monza,RUS,5,14,19,23,4,0.0213,0.046,1.54,False
2023,silverstone,VER,1,28,33,30,-3,0.0387,0.046,1.08,True
2023,silverstone,NOR,2,28,33,29,-4,0.0287,0.628,1.46,True
2023,silverstone,HAM,3,28,33,30,-3,0.0387,0.046,1.08,True
2023,silverstone,PIA,4,24,29,25,-4,0.042,0.456,1.88,False
2023,silverstone,RUS,5,23,28,26,-2,0.0473,0.0527,1.89,False
2023,singapore,SAI,1,15,20,44,24,0.0,0.0487,18.93,True
2023,singapore,NOR,2,15,20,44,24,0.0,0.0487,18.93,True
2023,singapore,HAM,3,15,20,44,24,0.0,0.0487,18.93,True
2023,singapore,LEC,4,15,20,59,39,0.0,0.482,49.49,True
2023,singapore,VER,5,35,40,36,-4,0.0273,0.7933,4.83,False
2023,spa,VER,1,9,14,20,6,0.0173,0.026,7.37,False
2023,spa,PER,2,8,13,20,7,0.0213,0.0233,8.21,False
2023,spa,LEC,3,8,13,20,7,0.0213,0.0233,8.21,False
2023,spa,HAM,4,7,12,21,9,0.018,0.026,7.62,False
2023,spa,ALO,5,5,10,23,13,0.0047,0.0187,1.83,False
2023,suzuka,VER,1,11,16,26,10,0.0113,0.3287,5.49,False
2023,suzuka,NOR,2,12,17,29,12,0.0173,0.022,6.69,False
2023,suzuka,PIA,3,8,13,30,17,0.014,0.0213,8.28,False
2023,suzuka,LEC,4,12,17,26,9,0.0133,0.34,4.72,False
2023,suzuka,HAM,5,11,16,25,9,0.0207,0.0207,6.74,False
2023,yas_marina,VER,1,11,16,25,9,0.0087,0.188,5.24,False
2023,yas_marina,PER,2,12,17,24,7,0.0087,0.2113,3.86,False
2023,yas_marina,LEC,3,12,17,24,7,0.0087,0.2113,3.86,False
2023,yas_marina,RUS,4,9,14,25,11,0.0047,0.1613,7.18,False
2023,yas_marina,NOR,5,9,14,25,11,0.0047,0.1613,7.18,False
2024,austin,LEC,1,21,26,31,5,0.042,0.1567,1.11,False
2024,austin,SAI,2,16,21,24,3,0.008,0.0093,5.07,False
2024,austin,NOR,3,26,31,32,1,0.16,0.1067,0.01,False
2024,austin,VER,4,20,25,31,6,0.0187,0.148,1.76,False
2024,austin,PIA,5,27,32,31,-1,0.1093,0.1773,0.03,False
2024,bahrain,VER,1,12,17,23,6,0.0187,0.1093,7.3,False
2024,bahrain,PER,2,7,12,24,12,0.0013,0.1073,20.61,False
2024,bahrain,SAI,3,9,14,24,10,0.0027,0.1233,12.69,False
2024,bahrain,LEC,4,6,11,25,14,0.0013,0.096,22.3,False
2024,bahrain,RUS,5,6,11,25,14,0.0013,0.096,22.3,False
2024,baku,PIA,1,10,15,33,18,0.0033,0.0413,5.52,False
2024,baku,LEC,2,11,16,31,15,0.008,0.0493,4.39,False
2024,baku,RUS,3,7,12,33,21,0.0027,0.0427,6.93,False
2024,baku,NOR,4,32,37,33,-4,0.0307,0.7613,2.29,False
2024,baku,VER,5,7,12,33,21,0.0027,0.0427,6.93,False
2024,barcelona,VER,1,12,17,32,15,0.0,0.17,19.44,False
2024,barcelona,NOR,2,18,23,33,10,0.002,0.1787,9.01,False
2024,barcelona,HAM,3,11,16,31,15,0.0,0.158,22.76,False
2024,barcelona,RUS,4,10,15,32,17,0.0,0.164,24.98,False
2024,barcelona,LEC,5,19,24,33,9,0.002,0.1607,7.28,False
2024,hungaroring,PIA,1,13,18,35,17,0.0,0.212,19.58,False
2024,hungaroring,NOR,2,12,17,37,20,0.0,0.1113,22.08,False
2024,hungaroring,HAM,3,11,16,35,19,0.0,0.2067,24.84,False
2024,hungaroring,LEC,4,18,23,35,12,0.0007,0.2093,10.19,False
2024,hungaroring,VER,5,16,21,35,14,0.0,0.1873,13.93,False
2024,imola,VER,1,19,24,46,22,0.0033,0.048,15.28,False
2024,imola,NOR,2,17,22,45,23,0.0007,0.0467,15.15,False
2024,imola,LEC,3,20,25,49,24,0.0007,0.0373,14.08,False
2024,imola,PIA,4,18,23,52,29,0.0013,0.0367,14.98,False
2024,imola,SAI,5,22,27,54,27,0.0013,0.0273,13.69,False
2024,las_vegas,RUS,1,7,12,21,9,0.0147,0.0693,4.27,False
2024,las_vegas,HAM,2,8,13,24,11,0.016,0.0707,3.62,False
2024,las_vegas,SAI,3,5,10,23,13,0.004,0.0767,6.24,False
2024,las_vegas,LEC,4,4,9,27,18,0.0033,0.0467,6.94,False
2024,las_vegas,VER,5,6,11,21,10,0.004,0.074,5.32,False
2024,losail,VER,1,30,35,54,19,0.0147,0.5033,12.34,True
2024,losail,LEC,2,30,35,54,19,0.0133,0.524,13.47,True
2024,losail,PIA,3,29,34,54,20,0.0127,0.5013,5.88,False
2024,losail,RUS,4,18,23,54,31,0.0093,0.5107,20.23,False
2024,losail,GAS,5,30,35,54,19,0.0147,0.5033,12.34,True
2024,melbourne,SAI,1,11,16,12,-4,0.0327,0.5467,0.83,False
2024,melbourne,LEC,2,4,9,5,-4,0.0353,0.492,2.57,False
2024,melbourne,NOR,3,9,14,10,-4,0.042,0.532,2.06,False
2024,melbourne,PIA,4,4,9,5,-4,0.0353,0.492,2.57,False
2024,melbourne,PER,5,9,14,10,-4,0.042,0.532,2.06,False
2024,mexico_city,SAI,1,27,32,36,4,0.036,0.0353,1.24,False
2024,mexico_city,NOR,2,25,30,34,4,0.0353,0.0533,1.02,False
2024,mexico_city,LEC,3,26,31,37,6,0.0373,0.0413,1.21,False
2024,mexico_city,HAM,4,23,28,38,10,0.024,0.0387,2.26,False
2024,mexico_city,RUS,5,26,31,37,6,0.0373,0.0413,1.21,False
2024,miami,NOR,1,24,29,30,1,0.0787,0.066,0.11,True
2024,miami,VER,2,18,23,27,4,0.0507,0.07,0.3,True
2024,miami,LEC,3,14,19,29,10,0.022,0.066,1.74,False
2024,miami,SAI,4,22,27,27,0,0.0767,0.0767,0.0,False
2024,miami,PER,5,12,17,26,9,0.0153,0.0647,1.83,False
2024,monza,LEC,1,10,15,29,14,0.01,0.102,5.92,False
2024,monza,PIA,2,11,16,29,13,0.008,0.0887,4.79,False
2024,monza,NOR,3,9,14,27,13,0.0073,0.0867,6.82,False
2024,monza,SAI,4,14,19,28,9,0.014,0.102,2.68,False
2024,monza,HAM,5,10,15,29,14,0.01,0.102,5.92,False
2024,red_bull_ring,RUS,1,17,22,36,14,0.0,0.082,10.2,False
2024,red_bull_ring,PIA,2,20,25,37,12,0.0033,0.1253,7.17,False
2024,red_bull_ring,SAI,3,17,22,36,14,0.0007,0.192,11.89,False
2024,red_bull_ring,HAM,4,16,21,33,12,0.0007,0.0493,15.66,False
2024,red_bull_ring,VER,5,18,23,35,12,0.0,0.1627,9.11,False
2024,shanghai,VER,1,8,13,19,6,0.0267,0.0353,1.82,False
2024,shanghai,NOR,2,17,22,31,9,0.0347,0.0133,1.75,True
2024,shanghai,PER,3,8,13,19,6,0.0267,0.0353,1.82,False
2024,shanghai,LEC,4,16,21,23,2,0.034,0.036,1.15,True
2024,shanghai,SAI,5,12,17,21,4,0.0293,0.02,2.29,False
2024,singapore,NOR,1,25,30,40,10,0.0147,0.0653,5.76,False
2024,singapore,VER,2,24,29,38,9,0.0127,0.0467,6.03,False
2024,singapore,PIA,3,33,38,42,4,0.068,0.0793,0.14,False
2024,singapore,RUS,4,22,27,39,12,0.0127,0.068,6.44,False
2024,singapore,LEC,5,31,36,43,7,0.0467,0.058,2.46,False
2024,spa,RUS,1,5,10,11,1,0.0133,0.0167,0.38,False
2024,spa,HAM,2,6,11,27,16,0.0167,0.0093,2.19,False
2024,spa,PIA,3,6,11,27,16,0.0167,0.0093,2.19,False
2024,spa,LEC,4,7,12,25,13,0.0173,0.0153,5.75,False
2024,spa,VER,5,5,10,11,1,0.0133,0.0167,0.38,False
2024,yas_marina,NOR,1,21,26,25,-1,0.1053,0.1807,0.16,False
2024,yas_marina,SAI,2,20,25,25,0,0.182,0.182,0.0,False
2024,yas_marina,LEC,3,15,20,25,5,0.0167,0.172,1.24,False
2024,yas_marina,HAM,4,29,34,34,0,0.1913,0.1913,0.0,False
2024,yas_marina,RUS,5,21,26,24,-2,0.0567,0.2093,0.28,False
2024,zandvoort,NOR,1,23,28,37,9,0.0773,0.0207,2.7,False
2024,zandvoort,VER,2,22,27,32,5,0.0507,0.0933,0.11,False
2024,zandvoort,LEC,3,19,24,29,5,0.0253,0.0967,2.01,False
2024,zandvoort,PIA,4,28,33,34,1,0.0727,0.0467,0.64,False
2024,zandvoort,SAI,5,25,30,28,-2,0.1027,0.066,1.06,False
2025,austin,VER,1,28,33,34,1,0.1607,0.13,0.03,False
2025,austin,NOR,2,27,32,33,1,0.1913,0.1473,0.11,False
2025,austin,LEC,3,17,22,20,-2,0.1647,0.1347,0.02,False
2025,austin,HAM,4,26,31,33,2,0.1313,0.1467,0.35,False
2025,austin,PIA,5,25,30,33,3,0.0773,0.1627,0.54,False
2025,bahrain,PIA,1,9,14,23,9,0.0027,0.1053,12.71,False
2025,bahrain,RUS,2,8,13,23,10,0.0033,0.098,14.54,False
2025,bahrain,NOR,3,5,10,24,14,0.0013,0.1013,25.32,False
2025,bahrain,LEC,4,12,17,28,11,0.0007,0.368,14.19,False
2025,bahrain,HAM,5,12,17,28,11,0.0007,0.368,14.19,False
2025,baku,VER,1,35,40,36,-4,0.0413,0.7673,2.63,False
2025,baku,RUS,2,34,39,35,-4,0.0247,0.7907,2.63,False
2025,baku,SAI,3,22,27,32,5,0.0427,0.0513,0.71,False
2025,baku,ANT,4,13,18,26,8,0.0127,0.0433,2.74,True
2025,baku,LAW,5,15,20,36,16,0.0233,0.04,2.7,False
2025,barcelona,PIA,1,17,22,32,10,0.0,0.1473,10.45,False
2025,barcelona,NOR,2,16,21,33,12,0.0,0.1833,13.49,False
2025,barcelona,LEC,3,12,17,32,15,0.0,0.154,22.04,False
2025,barcelona,RUS,4,15,20,33,13,0.0013,0.1027,11.91,False
2025,barcelona,VER,5,8,13,31,18,0.0,0.508,30.71,False
2025,hungaroring,NOR,1,26,31,36,5,0.0273,0.1787,1.38,False
2025,hungaroring,PIA,2,13,18,35,17,0.0,0.212,19.58,False
2025,hungaroring,RUS,3,14,19,36,17,0.0,0.1807,17.53,False
2025,hungaroring,LEC,4,14,19,36,17,0.0,0.1807,17.53,False
2025,hungaroring,ALO,5,34,39,35,-4,0.0173,0.6127,0.73,False
2025,imola,VER,1,24,29,47,18,0.0067,0.0447,9.19,True
2025,imola,NOR,2,23,28,50,22,0.0047,0.0467,10.75,False
2025,imola,PIA,3,8,13,49,36,0.0,0.0453,35.4,False
2025,imola,HAM,4,24,29,26,-3,0.02,0.0167,1.41,True
2025,imola,ALB,5,24,29,47,18,0.0067,0.0447,9.19,True
2025,interlagos,NOR,1,25,30,32,2,0.1253,0.078,0.57,False
2025,interlagos,ANT,2,16,21,40,19,0.0,0.084,15.44,False
2025,interlagos,RUS,4,29,34,34,0,0.016,0.016,0.0,False
2025,interlagos,PIA,5,33,38,35,-3,0.0187,0.0153,1.0,False
2025,jeddah,PIA,1,14,19,24,5,0.038,0.05,0.72,False
2025,jeddah,VER,2,16,21,25,4,0.05,0.0453,1.09,False
2025,jeddah,LEC,3,24,29,29,0,0.044,0.044,0.0,False
2025,jeddah,NOR,4,29,34,34,0,0.0567,0.0567,0.0,False
2025,jeddah,RUS,5,15,20,24,4,0.048,0.0433,0.61,False
2025,las_vegas,VER,1,20,25,25,0,0.066,0.066,0.0,False
2025,las_vegas,NOR,2,17,22,21,-1,0.0853,0.092,0.0,False
2025,las_vegas,RUS,3,12,17,23,6,0.0507,0.074,2.15,False
2025,las_vegas,PIA,5,16,21,22,1,0.0987,0.0827,0.09,False
2025,losail,PIA,2,19,24,54,30,0.008,0.5667,8.77,False
2025,losail,NOR,4,20,25,54,29,0.006,0.5407,10.7,False
2025,mexico_city,NOR,1,29,34,33,-1,0.068,0.076,0.36,False
2025,mexico_city,LEC,2,26,31,33,2,0.068,0.0813,0.19,False
2025,mexico_city,VER,3,32,37,39,2,0.0633,0.072,0.34,False
2025,mexico_city,BEA,4,19,24,29,5,0.0333,0.0587,2.38,False
2025,mexico_city,PIA,5,19,24,29,5,0.0333,0.0587,2.38,False
2025,monaco,NOR,1,14,19,39,20,0.0113,0.0193,7.28,False
2025,monaco,LEC,2,17,22,38,16,0.0193,0.0267,5.82,False
2025,monaco,PIA,3,15,20,36,16,0.0127,0.028,7.02,False
2025,monaco,VER,4,23,28,37,9,0.0173,0.024,2.53,False
2025,monaco,HAM,5,13,18,42,24,0.002,0.0127,8.1,False
2025,montreal,RUS,1,8,13,67,54,0.0,0.4613,35.43,False
2025,montreal,VER,2,7,12,65,53,0.0,0.0207,33.22,False
2025,montreal,ANT,3,9,14,65,51,0.0027,0.014,32.58,False
2025,montreal,PIA,4,11,16,67,51,0.0,0.478,33.79,False
2025,montreal,LEC,5,23,28,33,5,0.0127,0.0727,0.58,False
2025,monza,VER,1,32,37,33,-4,0.0247,0.718,1.83,False
2025,monza,NOR,2,41,46,42,-4,0.0253,0.852,5.27,False
2025,monza,PIA,3,40,45,41,-4,0.022,0.8313,4.96,False
2025,monza,LEC,4,28,33,30,-3,0.034,0.0933,0.46,False
2025,monza,RUS,5,22,27,29,2,0.0993,0.116,0.08,False
2025,red_bull_ring,NOR,1,15,20,32,12,0.0007,0.0427,16.33,False
2025,red_bull_ring,PIA,2,19,24,36,12,0.0033,0.1773,7.94,False
2025,red_bull_ring,LEC,3,20,25,36,11,0.006,0.1727,6.46,False
2025,red_bull_ring,HAM,4,21,26,34,8,0.0047,0.1413,4.66,False
2025,red_bull_ring,RUS,5,13,18,33,15,0.0,0.1207,15.74,False
2025,shanghai,PIA,1,9,14,22,8,0.032,0.03,2.53,False
2025,shanghai,NOR,2,10,15,21,6,0.03,0.0253,2.76,False
2025,shanghai,RUS,3,9,14,22,8,0.032,0.03,2.53,False
2025,shanghai,VER,4,8,13,19,6,0.0267,0.0353,1.82,False
2025,shanghai,LEC,5,10,15,21,6,0.03,0.0253,2.76,False
2025,singapore,RUS,1,20,25,40,15,0.0047,0.0707,11.76,False
2025,singapore,VER,2,14,19,59,40,0.0,0.4807,47.59,False
2025,singapore,NOR,3,21,26,40,14,0.004,0.058,9.36,False
2025,singapore,PIA,4,22,27,39,12,0.0127,0.068,6.44,False
2025,singapore,ANT,5,20,25,40,15,0.0047,0.0707,11.76,False
2025,suzuka,VER,1,16,21,28,7,0.0193,0.0227,3.26,False
2025,suzuka,NOR,2,16,21,28,7,0.0193,0.0227,3.26,False
2025,suzuka,PIA,3,15,20,27,7,0.0207,0.028,4.05,False
2025,suzuka,LEC,4,16,21,28,7,0.0193,0.0227,3.26,False
2025,suzuka,RUS,5,14,19,30,11,0.0167,0.0273,5.75,False
2025,yas_marina,VER,1,18,23,24,1,0.1873,0.1993,1.03,False
2025,yas_marina,PIA,2,36,41,37,-4,0.0173,0.8627,2.87,False
2025,yas_marina,NOR,3,11,16,25,9,0.0087,0.188,5.24,False
2025,yas_marina,LEC,4,11,16,25,9,0.0087,0.188,5.24,False
2025,yas_marina,RUS,5,9,14,25,11,0.0047,0.1613,7.18,False
2025,zandvoort,PIA,1,18,23,34,11,0.0153,0.0447,2.73,True
2025,zandvoort,VER,2,18,23,44,21,0.0,0.0807,15.5,True
2025,zandvoort,HAD,3,18,23,34,11,0.0153,0.0447,2.73,True
2025,zandvoort,RUS,4,18,23,34,11,0.0153,0.0447,2.73,True
2025,zandvoort,ALB,5,18,23,34,11,0.0153,0.0447,2.73,True
