season,circuit,driver,real_pit_lap,single_car_lap,adversarial_lap,swap_rate,rival,my_position,rival_position,gap_positions,relation,single_car_error,adversarial_error,closed,realised
2022,austin,VER,13,31,33,0.0426,HAM,1,2,1,ahead,18,20,-2,rival behind
2022,austin,HAM,12,28,33,0.0426,VER,2,1,1,tie,16,21,-5,rival ahead
2022,austin,LEC,18,30,32,0.0426,STR,5,4,1,tie,12,14,-2,rival ahead
2022,austin,PER,14,30,33,0.0426,STR,4,5,1,tie,16,19,-3,rival behind
2022,austin,RUS,13,31,33,0.0426,PER,3,4,1,tie,18,20,-2,rival behind
2022,bahrain,LEC,15,28,30,0.0334,VER,1,2,1,ahead,13,15,-2,rival behind
2022,bahrain,SAI,14,28,28,0.0334,VER,3,2,1,tie,14,14,0,rival ahead
2022,bahrain,HAM,11,25,26,0.0334,PER,4,5,1,tie,14,15,-1,rival behind
2022,bahrain,RUS,15,23,24,0.0334,MAG,6,7,1,tie,8,9,-1,rival behind
2022,bahrain,MAG,14,29,28,0.0334,GAS,7,8,1,tie,15,14,1,rival behind
2022,baku,VER,18,30,32,0.0258,PER,2,1,1,tie,12,14,-2,rival ahead
2022,baku,PER,16,31,33,0.0258,VER,1,2,1,ahead,15,17,-2,rival behind
2022,baku,RUS,9,31,35,0.0258,GAS,5,6,1,tie,22,26,-4,rival behind
2022,baku,HAM,9,31,34,0.0258,GAS,7,6,1,tie,22,25,-3,rival ahead
2022,baku,GAS,9,31,34,0.0258,HAM,6,7,1,tie,22,25,-3,rival behind
2022,barcelona,VER,13,32,33,0.0366,RUS,2,3,1,tie,19,20,-1,rival behind
2022,barcelona,PER,17,31,34,0.0366,VER,4,3,1,tie,14,17,-3,rival ahead
2022,barcelona,RUS,13,32,33,0.0366,VER,3,2,1,tie,19,20,-1,rival ahead
2022,barcelona,SAI,10,31,34,0.0366,PER,5,4,1,tie,21,24,-3,rival ahead
2022,hungaroring,VER,16,26,29,0.0252,PER,6,7,1,tie,10,13,-3,rival behind
2022,hungaroring,HAM,19,35,36,0.0252,VER,4,5,1,tie,16,17,-1,rival behind
2022,hungaroring,RUS,16,25,26,0.0252,SAI,1,2,1,ahead,9,10,-1,rival behind
2022,hungaroring,SAI,17,35,37,0.0252,LEC,2,3,1,tie,18,20,-2,rival behind
2022,hungaroring,PER,18,27,29,0.0252,VER,6,5,1,tie,9,11,-2,rival ahead
2022,interlagos,RUS,24,40,42,0.0342,PER,1,2,1,ahead,16,18,-2,rival behind
2022,interlagos,HAM,29,42,44,0.0342,VET,2,3,1,tie,13,15,-2,rival behind
2022,interlagos,SAI,17,29,33,0.0342,PER,3,2,1,tie,12,16,-4,rival ahead
2022,interlagos,ALO,14,35,36,0.0342,ZHO,12,13,1,tie,21,22,-1,rival behind
2022,jeddah,VER,16,28,19,0.0383,LEC,3,2,1,tie,12,3,9,rival ahead
2022,jeddah,LEC,16,28,25,0.0383,VER,2,3,1,tie,12,9,3,rival behind
2022,jeddah,SAI,16,28,19,0.0383,VER,4,3,1,tie,12,3,9,rival ahead
2022,jeddah,PER,15,22,22,0.0383,LEC,1,2,1,ahead,7,7,0,rival behind
2022,jeddah,RUS,16,28,22,0.0383,ALO,5,6,1,tie,12,6,6,rival behind
2022,melbourne,LEC,22,18,18,0.0295,VER,1,2,1,ahead,-4,-4,0,rival behind
2022,melbourne,PER,20,16,16,0.0295,VER,3,2,1,tie,-4,-4,0,rival ahead
2022,melbourne,RUS,23,19,19,0.0295,NOR,4,5,1,tie,-4,-4,0,rival behind
2022,melbourne,HAM,22,18,18,0.0295,PER,4,3,1,tie,-4,-4,0,rival ahead
2022,melbourne,NOR,20,16,16,0.0295,RIC,6,7,1,tie,-4,-4,0,rival behind
2022,mexico_city,VER,25,30,32,0.0329,HAM,1,2,1,ahead,5,7,-2,rival behind
2022,mexico_city,HAM,29,34,35,0.0329,VER,2,1,1,tie,5,6,-1,rival ahead
2022,mexico_city,PER,23,28,32,0.0329,HAM,3,2,1,tie,5,9,-4,rival ahead
2022,mexico_city,RUS,34,35,33,0.0329,VER,2,3,1,tie,1,-1,0,rival behind
2022,mexico_city,SAI,29,32,32,0.0329,LEC,4,5,1,tie,3,3,0,rival behind
2022,miami,VER,26,28,27,0.0339,LEC,1,2,1,ahead,2,1,1,rival behind
2022,miami,LEC,24,29,26,0.0339,VER,2,1,1,tie,5,2,3,rival ahead
2022,miami,SAI,27,27,29,0.0339,PER,3,4,1,tie,0,2,-2,rival behind
2022,miami,PER,27,27,24,0.0339,SAI,4,3,1,tie,0,-3,-3,rival ahead
2022,miami,RUS,40,36,36,0.0339,PER,5,4,1,tie,-4,-4,0,rival ahead
2022,montreal,VER,9,67,67,0.0284,SAI,1,2,1,ahead,58,58,0,rival behind
2022,montreal,SAI,20,67,47,0.0284,VER,1,2,1,ahead,47,27,20,rival behind
2022,montreal,HAM,9,67,67,0.0284,ALO,4,3,1,tie,58,58,0,rival ahead
2022,montreal,RUS,19,67,57,0.0284,VER,4,3,1,tie,48,38,10,rival ahead
2022,montreal,LEC,41,37,37,0.0284,ALO,6,7,1,tie,-4,-4,0,rival behind
2022,monza,VER,25,42,46,0.033,RUS,1,2,1,ahead,17,21,-4,rival behind
2022,monza,LEC,12,41,46,0.033,VER,1,2,1,ahead,29,34,-5,rival behind
2022,monza,RUS,23,40,48,0.033,VER,2,1,1,tie,17,25,-8,rival ahead
2022,monza,SAI,30,26,26,0.033,LEC,3,2,1,tie,-4,-4,0,rival ahead
2022,monza,HAM,33,29,29,0.033,ALO,6,7,1,tie,-4,-4,0,rival behind
2022,red_bull_ring,LEC,26,37,37,0.0304,SAI,1,2,1,ahead,11,11,0,rival behind
2022,red_bull_ring,VER,13,39,39,0.0304,LEC,1,2,1,ahead,26,26,0,rival behind
2022,red_bull_ring,HAM,28,35,28,0.0304,VER,4,3,1,tie,7,0,7,rival ahead
2022,red_bull_ring,RUS,11,39,39,0.0304,OCO,4,5,1,tie,28,28,0,rival behind
2022,red_bull_ring,OCO,16,35,39,0.0304,MAG,4,5,1,tie,19,23,-4,rival behind
2022,ricard,VER,16,12,12,0.0269,LEC,2,1,1,tie,-4,-4,0,rival ahead
2022,ricard,HAM,18,14,14,0.0269,VER,3,2,1,tie,-4,-4,0,rival ahead
2022,ricard,RUS,18,14,14,0.0269,PER,5,4,1,tie,-4,-4,0,rival ahead
2022,ricard,PER,18,14,14,0.0269,HAM,4,3,1,tie,-4,-4,0,rival ahead
2022,ricard,SAI,18,14,14,0.0269,STR,10,11,1,tie,-4,-4,0,rival behind
2022,spa,VER,15,19,19,0.0427,PER,3,2,1,tie,4,4,0,rival ahead
2022,spa,PER,14,22,25,0.0427,VER,2,3,1,tie,8,11,-3,rival behind
2022,spa,SAI,11,14,15,0.0427,PER,1,2,1,ahead,3,4,-1,rival behind
2022,spa,RUS,13,22,25,0.0427,VER,4,3,1,tie,9,12,-3,rival ahead
2022,yas_marina,VER,20,25,26,0.0479,LEC,1,2,1,ahead,5,6,-1,rival behind
2022,yas_marina,LEC,21,25,24,0.0479,VER,2,1,1,tie,4,3,1,rival ahead
2022,yas_marina,PER,15,26,27,0.0479,VER,2,1,1,tie,11,12,-1,rival ahead
2022,yas_marina,SAI,17,24,26,0.0479,LEC,4,3,1,tie,7,9,-2,rival ahead
2022,yas_marina,RUS,15,26,27,0.0479,SAI,5,4,1,tie,11,12,-1,rival ahead
2022,zandvoort,VER,18,41,45,0.0304,LEC,1,2,1,ahead,23,27,-4,rival behind
2022,zandvoort,RUS,31,29,32,0.0304,VER,2,3,1,tie,-2,1,1,rival behind
2022,zandvoort,LEC,17,42,43,0.0304,VER,2,1,1,tie,25,26,-1,rival ahead
2022,zandvoort,HAM,29,28,32,0.0304,RUS,1,2,1,ahead,-1,3,-2,rival behind
2022,zandvoort,SAI,14,38,45,0.0304,LEC,3,2,1,tie,24,31,-7,rival ahead
2023,austin,VER,16,30,29,0.0426,HAM,3,2,1,tie,14,13,1,rival ahead
2023,austin,HAM,20,29,32,0.0426,VER,2,3,1,tie,9,12,-3,rival behind
2023,austin,NOR,17,30,32,0.0426,HAM,1,2,1,ahead,13,15,-2,rival behind
2023,austin,SAI,17,29,29,0.0426,RUS,5,6,1,tie,12,12,0,rival behind
2023,austin,PER,17,29,31,0.0426,RUS,7,6,1,tie,12,14,-2,rival ahead
2023,bahrain,VER,14,28,28,0.0334,LEC,1,2,1,ahead,14,14,0,rival behind
2023,bahrain,PER,17,27,27,0.0334,LEC,3,2,1,tie,10,10,0,rival ahead
2023,bahrain,ALO,14,24,25,0.0334,STR,7,8,1,tie,10,11,-1,rival behind
2023,bahrain,SAI,13,23,25,0.0334,PER,4,3,1,tie,10,12,-2,rival ahead
2023,bahrain,HAM,12,24,26,0.0334,SAI,5,4,1,tie,12,14,-2,rival ahead
2023,baku,PER,11,31,33,0.0258,VER,2,1,1,tie,20,22,-2,rival ahead
2023,baku,VER,10,32,35,0.0258,LEC,1,2,1,ahead,22,25,-3,rival behind
2023,baku,LEC,11,31,34,0.0258,PER,3,2,1,tie,20,23,-3,rival ahead
2023,baku,ALO,11,31,33,0.0258,STR,6,7,1,tie,20,22,-2,rival behind
2023,baku,SAI,11,31,34,0.0258,LEC,4,3,1,tie,20,23,-3,rival ahead
2023,barcelona,VER,26,33,35,0.0366,HAM,1,2,1,ahead,7,9,-2,rival behind
2023,barcelona,HAM,24,32,32,0.0366,VER,2,1,1,tie,8,8,0,rival ahead
2023,barcelona,RUS,25,33,34,0.0366,HAM,3,2,1,tie,8,9,-1,rival ahead
2023,barcelona,PER,27,33,32,0.0366,RUS,4,3,1,tie,6,5,1,rival ahead
2023,barcelona,SAI,15,31,33,0.0366,VER,2,1,1,tie,16,18,-2,rival ahead
2023,hungaroring,VER,23,34,34,0.0252,PIA,1,2,1,ahead,11,11,0,rival behind
2023,hungaroring,NOR,17,37,38,0.0252,HAM,3,4,1,tie,20,21,-1,rival behind
2023,hungaroring,PER,24,33,28,0.0252,VER,2,1,1,tie,9,4,5,rival ahead
2023,hungaroring,HAM,16,34,36,0.0252,NOR,4,3,1,tie,18,20,-2,rival ahead
2023,hungaroring,PIA,18,34,36,0.0252,VER,2,1,1,tie,16,18,-2,rival ahead
2023,jeddah,PER,18,20,23,0.0383,ALO,1,2,1,ahead,2,5,-3,rival behind
2023,jeddah,VER,18,20,22,0.0383,OCO,8,7,1,tie,2,4,-2,rival ahead
2023,jeddah,ALO,18,20,19,0.0383,PER,2,1,1,tie,2,1,1,rival ahead
2023,jeddah,RUS,18,20,17,0.0383,ALO,3,2,1,tie,2,-1,1,rival ahead
2023,jeddah,HAM,18,29,30,0.0383,VER,9,8,1,tie,11,12,-1,rival ahead
2023,las_vegas,VER,16,22,25,0.0638,LEC,1,2,1,ahead,6,9,-3,rival behind
2023,las_vegas,LEC,21,22,24,0.0638,VER,1,2,1,ahead,1,3,-2,rival behind
2023,las_vegas,RUS,15,24,24,0.0638,GAS,3,4,1,tie,9,9,0,rival behind
2023,las_vegas,OCO,20,24,23,0.0638,ALB,6,5,1,tie,4,3,1,rival ahead
2023,losail,VER,17,54,54,0.0288,PIA,1,2,1,ahead,37,37,0,rival behind
2023,losail,PIA,12,53,54,0.0288,VER,2,1,1,tie,41,42,-1,rival ahead
2023,losail,NOR,13,54,54,0.0288,OCO,6,5,1,tie,41,41,0,rival ahead
2023,losail,LEC,12,54,54,0.0288,ALO,4,3,1,tie,42,42,0,rival ahead
2023,melbourne,VER,8,6,4,0.0295,HAM,3,2,1,tie,-2,-4,-2,rival ahead
2023,melbourne,HAM,8,6,5,0.0295,VER,2,3,1,tie,-2,-3,-1,rival behind
2023,melbourne,ALO,8,6,5,0.0295,ALB,5,6,1,tie,-2,-3,-1,rival behind
2023,melbourne,STR,8,6,4,0.0295,GAS,7,8,1,tie,-2,-4,-2,rival behind
2023,mexico_city,VER,19,36,39,0.0329,LEC,1,2,1,ahead,17,20,-3,rival behind
2023,mexico_city,HAM,24,35,37,0.0329,RIC,4,5,1,tie,11,13,-2,rival behind
2023,mexico_city,LEC,31,37,37,0.0329,SAI,1,2,1,ahead,6,6,0,rival behind
2023,mexico_city,SAI,30,36,37,0.0329,VER,2,3,1,tie,6,7,-1,rival behind
2023,mexico_city,NOR,11,31,33,0.0329,ALO,15,16,1,tie,20,22,-2,rival behind
2023,miami,VER,45,41,41,0.0339,PER,1,2,1,ahead,-4,-4,0,rival behind
2023,miami,PER,20,33,30,0.0339,VER,1,2,1,ahead,13,10,3,rival behind
2023,miami,ALO,24,28,28,0.0339,VER,3,2,1,tie,4,4,0,rival ahead
2023,miami,RUS,17,26,28,0.0339,VER,5,4,1,tie,9,11,-2,rival ahead
2023,miami,SAI,18,26,28,0.0339,VER,3,4,1,tie,8,10,-2,rival behind
2023,monaco,ALO,54,50,50,0.0047,VER,2,1,1,tie,-4,-4,0,rival ahead
2023,monaco,OCO,32,34,30,0.0047,ALO,3,2,1,tie,2,-2,0,rival ahead
2023,monaco,HAM,31,40,36,0.0047,LEC,5,6,1,tie,9,5,4,rival behind
2023,montreal,VER,12,67,67,0.0284,HAM,1,2,1,ahead,55,55,0,rival behind
2023,montreal,ALO,12,67,67,0.0284,HAM,3,2,1,tie,55,55,0,rival ahead
2023,montreal,HAM,12,67,67,0.0284,VER,2,1,1,tie,55,55,0,rival ahead
2023,montreal,LEC,39,60,67,0.0284,HAM,4,3,1,tie,21,28,-7,rival ahead
2023,montreal,SAI,38,66,60,0.0284,PER,5,6,1,tie,28,22,6,rival behind
2023,monza,VER,20,27,29,0.033,SAI,1,2,1,ahead,7,9,-2,rival behind
2023,monza,PER,21,25,26,0.033,LEC,4,3,1,tie,4,5,-1,rival ahead
2023,monza,SAI,19,23,28,0.033,VER,1,2,1,ahead,4,9,-5,rival behind
2023,monza,LEC,20,27,28,0.033,SAI,3,2,1,tie,7,8,-1,rival ahead
2023,monza,RUS,19,23,28,0.033,PER,4,5,1,tie,4,9,-5,rival behind
2023,silverstone,VER,33,30,29,0.0315,NOR,1,2,1,ahead,-3,-4,-1,rival behind
2023,silverstone,NOR,33,29,29,0.0315,VER,2,1,1,tie,-4,-4,0,rival ahead
2023,silverstone,HAM,33,30,29,0.0315,ALO,5,6,1,tie,-3,-4,-1,rival behind
2023,silverstone,PIA,29,25,26,0.0315,NOR,3,2,1,tie,-4,-3,1,rival ahead
2023,silverstone,RUS,28,26,26,0.0315,SAI,4,5,1,tie,-2,-2,0,rival behind
2023,singapore,SAI,20,44,43,0.0195,LEC,1,2,1,ahead,24,23,1,rival behind
2023,singapore,NOR,20,44,42,0.0195,HAM,4,5,1,tie,24,22,2,rival behind
2023,singapore,HAM,20,44,42,0.0195,ALO,5,6,1,tie,24,22,2,rival behind
2023,singapore,LEC,20,59,52,0.0195,SAI,2,1,1,tie,39,32,7,rival ahead
2023,singapore,VER,40,36,36,0.0195,PER,6,7,1,tie,-4,-4,0,rival behind
2023,spa,VER,14,19,22,0.0427,PER,2,1,1,tie,5,8,-3,rival ahead
2023,spa,PER,13,21,24,0.0427,LEC,1,2,1,ahead,8,11,-3,rival behind
2023,spa,LEC,13,21,24,0.0427,VER,2,3,1,tie,8,11,-3,rival behind
2023,spa,HAM,12,20,24,0.0427,VER,4,3,1,tie,8,12,-4,rival ahead
2023,spa,ALO,10,27,41,0.0427,VER,5,4,1,tie,17,31,-14,rival ahead
2023,suzuka,VER,16,26,29,0.0321,NOR,1,2,1,ahead,10,13,-3,rival behind
2023,suzuka,NOR,17,29,21,0.0321,VER,2,1,1,tie,12,4,8,rival ahead
2023,suzuka,PIA,13,30,28,0.0321,NOR,3,2,1,tie,17,15,2,rival ahead
2023,suzuka,LEC,17,26,29,0.0321,PIA,4,3,1,tie,9,12,-3,rival ahead
2023,suzuka,HAM,16,25,25,0.0321,SAI,6,5,1,tie,9,9,0,rival ahead
2023,yas_marina,VER,16,25,28,0.0479,LEC,1,2,1,ahead,9,12,-3,rival behind
2023,yas_marina,PER,17,24,27,0.0479,ALO,7,8,1,tie,7,10,-3,rival behind
2023,yas_marina,LEC,17,24,27,0.0479,VER,2,1,1,tie,7,10,-3,rival ahead
2023,yas_marina,RUS,14,25,27,0.0479,PIA,5,4,1,tie,11,13,-2,rival ahead
2023,yas_marina,NOR,14,25,27,0.0479,LEC,3,2,1,tie,11,13,-2,rival ahead
2024,austin,LEC,26,31,31,0.0426,VER,1,2,1,ahead,5,5,0,rival behind
2024,austin,SAI,21,24,33,0.0426,VER,3,2,1,tie,3,12,-9,rival ahead
2024,austin,NOR,31,32,27,0.0426,LEC,2,1,1,tie,1,-4,-3,rival ahead
2024,austin,VER,25,31,33,0.0426,LEC,2,1,1,tie,6,8,-2,rival ahead
2024,austin,PIA,32,31,31,0.0426,LEC,2,3,1,tie,-1,-1,0,rival behind
2024,bahrain,VER,17,23,26,0.0334,SAI,1,2,1,ahead,6,9,-3,rival behind
2024,bahrain,PER,12,24,26,0.0334,LEC,3,4,1,tie,12,14,-2,rival behind
2024,bahrain,SAI,14,24,25,0.0334,LEC,5,4,1,tie,10,11,-1,rival ahead
2024,bahrain,LEC,11,25,26,0.0334,PER,3,4,1,tie,14,15,-1,rival behind
2024,bahrain,RUS,11,25,26,0.0334,VER,2,1,1,tie,14,15,-1,rival ahead
2024,baku,PIA,15,33,33,0.0258,PER,2,3,1,tie,18,18,0,rival behind
2024,baku,LEC,16,31,33,0.0258,PIA,1,2,1,ahead,15,17,-2,rival behind
2024,baku,RUS,12,33,34,0.0258,VER,6,5,1,tie,21,22,-1,rival ahead
2024,baku,NOR,37,33,33,0.0258,VER,5,6,1,tie,-4,-4,0,rival behind
2024,baku,VER,12,33,34,0.0258,SAI,5,4,1,tie,21,22,-1,rival ahead
2024,barcelona,VER,17,31,33,0.0366,RUS,1,2,1,ahead,14,16,-2,rival behind
2024,barcelona,NOR,23,33,35,0.0366,LEC,1,2,1,ahead,10,12,-2,rival behind
2024,barcelona,HAM,16,33,33,0.0366,NOR,4,3,1,tie,17,17,0,rival ahead
2024,barcelona,RUS,15,31,33,0.0366,VER,2,1,1,tie,16,18,-2,rival ahead
2024,barcelona,LEC,24,33,35,0.0366,NOR,2,1,1,tie,9,11,-2,rival ahead
2024,hungaroring,PIA,18,35,38,0.0252,NOR,1,2,1,ahead,17,20,-3,rival behind
2024,hungaroring,NOR,17,37,37,0.0252,PIA,2,1,1,tie,20,20,0,rival ahead
2024,hungaroring,HAM,16,35,36,0.0252,LEC,4,5,1,tie,19,20,-1,rival behind
2024,hungaroring,LEC,23,35,36,0.0252,VER,3,2,1,tie,12,13,-1,rival ahead
2024,hungaroring,VER,21,35,36,0.0252,NOR,3,2,1,tie,14,15,-1,rival ahead
2024,imola,VER,24,46,48,0.0304,NOR,1,2,1,ahead,22,24,-2,rival behind
2024,imola,NOR,22,45,50,0.0304,VER,2,1,1,tie,23,28,-5,rival ahead
2024,imola,LEC,25,49,50,0.0304,NOR,3,2,1,tie,24,25,-1,rival ahead
2024,imola,PIA,23,52,48,0.0304,SAI,5,4,1,tie,29,25,4,rival ahead
2024,imola,SAI,27,54,48,0.0304,NOR,4,3,1,tie,27,21,6,rival ahead
2024,las_vegas,RUS,12,21,24,0.0638,SAI,1,2,1,ahead,9,12,-3,rival behind
2024,las_vegas,HAM,13,24,25,0.0638,PIA,8,9,1,tie,11,12,-1,rival behind
2024,las_vegas,SAI,10,23,25,0.0638,LEC,3,2,1,tie,13,15,-2,rival ahead
2024,las_vegas,LEC,9,27,25,0.0638,RUS,2,1,1,tie,18,16,2,rival ahead
2024,las_vegas,VER,11,21,26,0.0638,SAI,4,3,1,tie,10,15,-5,rival ahead
2024,losail,VER,35,54,54,0.0288,NOR,1,2,1,ahead,19,19,0,rival behind
2024,losail,LEC,35,54,54,0.0288,SAI,4,5,1,tie,19,19,0,rival behind
2024,losail,PIA,34,54,54,0.0288,LEC,3,4,1,tie,20,20,0,rival behind
2024,losail,RUS,23,54,54,0.0288,NOR,3,2,1,tie,31,31,0,rival ahead
2024,losail,GAS,35,54,54,0.0288,ALO,8,9,1,tie,19,19,0,rival behind
2024,melbourne,SAI,16,12,12,0.0295,NOR,1,2,1,ahead,-4,-4,0,rival behind
2024,melbourne,LEC,9,5,6,0.0295,NOR,3,2,1,tie,-4,-3,1,rival ahead
2024,melbourne,NOR,14,10,10,0.0295,PER,2,3,1,tie,-4,-4,0,rival behind
2024,melbourne,PIA,9,5,6,0.0295,LEC,4,3,1,tie,-4,-3,1,rival ahead
2024,melbourne,PER,14,10,10,0.0295,ALO,3,4,1,tie,-4,-4,0,rival behind
2024,mexico_city,SAI,32,36,37,0.0329,LEC,1,2,1,ahead,4,5,-1,rival behind
2024,mexico_city,NOR,30,36,37,0.0329,RUS,4,5,1,tie,6,7,-1,rival behind
2024,mexico_city,LEC,31,37,34,0.0329,SAI,2,1,1,tie,6,3,3,rival ahead
2024,mexico_city,HAM,28,36,38,0.0329,RUS,6,5,1,tie,8,10,-2,rival ahead
2024,mexico_city,RUS,31,37,38,0.0329,HAM,5,6,1,tie,6,7,-1,rival behind
2024,miami,NOR,29,30,28,0.0339,VER,3,4,1,tie,1,-1,0,rival behind
2024,miami,VER,23,27,28,0.0339,PIA,1,2,1,ahead,4,5,-1,rival behind
2024,miami,LEC,19,29,30,0.0339,SAI,3,4,1,tie,10,11,-1,rival behind
2024,miami,SAI,27,27,27,0.0339,NOR,3,4,1,tie,0,0,0,rival behind
2024,miami,PER,17,26,31,0.0339,NOR,5,6,1,tie,9,14,-5,rival behind
2024,monza,LEC,15,29,29,0.033,PIA,2,1,1,tie,14,14,0,rival ahead
2024,monza,PIA,16,29,30,0.033,LEC,1,2,1,ahead,13,14,-1,rival behind
2024,monza,NOR,14,27,31,0.033,LEC,3,2,1,tie,13,17,-4,rival ahead
2024,monza,SAI,19,28,27,0.033,LEC,3,2,1,tie,9,8,1,rival ahead
2024,monza,HAM,15,29,28,0.033,SAI,5,4,1,tie,14,13,1,rival ahead
2024,red_bull_ring,RUS,22,36,38,0.0304,SAI,3,4,1,tie,14,16,-2,rival behind
2024,red_bull_ring,PIA,25,37,38,0.0304,HAM,6,5,1,tie,12,13,-1,rival ahead
2024,red_bull_ring,SAI,22,36,38,0.0304,RUS,4,3,1,tie,14,16,-2,rival ahead
2024,red_bull_ring,HAM,21,33,38,0.0304,PIA,5,6,1,tie,12,17,-5,rival behind
2024,red_bull_ring,VER,23,35,37,0.0304,NOR,1,2,1,ahead,12,14,-2,rival behind
2024,shanghai,VER,13,17,25,0.0353,PER,1,2,1,ahead,4,12,-8,rival behind
2024,shanghai,NOR,22,23,51,0.0353,VER,1,2,1,ahead,1,29,-28,rival behind
2024,shanghai,PER,13,17,18,0.0353,VER,2,1,1,tie,4,5,-1,rival ahead
2024,shanghai,LEC,21,27,51,0.0353,VER,3,2,1,tie,6,30,-24,rival ahead
2024,shanghai,SAI,17,25,40,0.0353,RIC,6,7,1,tie,8,23,-15,rival behind
2024,singapore,NOR,30,40,41,0.0195,VER,1,2,1,ahead,10,11,-1,rival behind
2024,singapore,VER,29,38,43,0.0195,NOR,2,1,1,tie,9,14,-5,rival ahead
2024,singapore,PIA,38,42,43,0.0195,NOR,2,1,1,tie,4,5,-1,rival ahead
2024,singapore,RUS,27,39,38,0.0195,VER,3,2,1,tie,12,11,1,rival ahead
2024,singapore,LEC,36,43,42,0.0195,VER,4,3,1,tie,7,6,1,rival ahead
2024,spa,RUS,10,9,23,0.0427,PIA,5,4,1,tie,-1,13,-12,rival ahead
2024,spa,HAM,11,30,19,0.0427,LEC,1,2,1,ahead,19,8,11,rival behind
2024,spa,PIA,11,30,27,0.0427,PER,4,3,1,tie,19,16,3,rival ahead
2024,spa,LEC,12,23,19,0.0427,HAM,2,1,1,tie,11,7,4,rival ahead
2024,spa,VER,10,9,22,0.0427,NOR,8,7,1,tie,-1,12,-11,rival ahead
2024,yas_marina,NOR,26,25,25,0.0479,SAI,1,2,1,ahead,-1,-1,0,rival behind
2024,yas_marina,SAI,25,25,25,0.0479,NOR,2,1,1,tie,0,0,0,rival ahead
2024,yas_marina,LEC,20,25,26,0.0479,VER,4,5,1,tie,5,6,-1,rival behind
2024,yas_marina,HAM,34,34,33,0.0479,VER,4,3,1,tie,0,-1,-1,rival ahead
2024,yas_marina,RUS,26,24,25,0.0479,VER,3,4,1,tie,-2,-1,1,rival behind
2024,zandvoort,NOR,28,37,34,0.0304,VER,1,2,1,ahead,9,6,3,rival behind
2024,zandvoort,VER,27,32,35,0.0304,NOR,2,1,1,tie,5,8,-3,rival ahead
2024,zandvoort,LEC,24,29,33,0.0304,PIA,5,4,1,tie,5,9,-4,rival ahead
2024,zandvoort,PIA,33,34,32,0.0304,NOR,2,1,1,tie,1,-1,0,rival ahead
2024,zandvoort,SAI,30,28,33,0.0304,PER,6,5,1,tie,-2,3,-1,rival ahead
2025,austin,VER,33,34,34,0.0426,NOR,1,2,1,ahead,1,1,0,rival behind
2025,austin,NOR,32,33,31,0.0426,VER,2,1,1,tie,1,-1,0,rival ahead
2025,austin,LEC,22,20,22,0.0426,VER,2,1,1,tie,-2,0,2,rival ahead
2025,austin,HAM,31,33,31,0.0426,NOR,3,2,1,tie,2,0,2,rival ahead
2025,austin,PIA,30,33,33,0.0426,HAM,4,3,1,tie,3,3,0,rival ahead
2025,bahrain,PIA,14,23,25,0.0334,RUS,1,2,1,ahead,9,11,-2,rival behind
2025,bahrain,RUS,13,23,26,0.0334,PIA,2,1,1,tie,10,13,-3,rival ahead
2025,bahrain,NOR,10,24,25,0.0334,RUS,3,2,1,tie,14,15,-1,rival ahead
2025,bahrain,LEC,17,28,28,0.0334,RUS,3,2,1,tie,11,11,0,rival ahead
2025,bahrain,HAM,17,28,29,0.0334,ANT,5,4,1,tie,11,12,-1,rival ahead
2025,baku,VER,40,36,36,0.0258,RUS,1,2,1,ahead,-4,-4,0,rival behind
2025,baku,RUS,39,35,35,0.0258,VER,2,1,1,tie,-4,-4,0,rival ahead
2025,baku,SAI,27,32,33,0.0258,VER,2,1,1,tie,5,6,-1,rival ahead
2025,baku,ANT,18,26,30,0.0258,RUS,4,5,1,tie,8,12,-4,rival behind
2025,baku,LAW,20,36,28,0.0258,SAI,3,2,1,tie,16,8,8,rival ahead
2025,barcelona,PIA,22,33,35,0.0366,NOR,1,2,1,ahead,11,13,-2,rival behind
2025,barcelona,NOR,21,34,34,0.0366,LEC,2,3,1,tie,13,13,0,rival behind
2025,barcelona,LEC,17,33,35,0.0366,NOR,4,3,1,tie,16,18,-2,rival ahead
2025,barcelona,RUS,20,32,33,0.0366,ANT,5,6,1,tie,12,13,-1,rival behind
2025,barcelona,VER,13,32,34,0.0366,NOR,2,3,1,tie,19,21,-2,rival behind
2025,hungaroring,NOR,31,36,36,0.0252,LEC,1,2,1,ahead,5,5,0,rival behind
2025,hungaroring,PIA,18,35,37,0.0252,RUS,2,3,1,tie,17,19,-2,rival behind
2025,hungaroring,RUS,19,36,36,0.0252,NOR,3,4,1,tie,17,17,0,rival behind
2025,hungaroring,LEC,19,36,37,0.0252,PIA,1,2,1,ahead,17,18,-1,rival behind
2025,hungaroring,ALO,39,35,36,0.0252,NOR,5,4,1,tie,-4,-3,1,rival ahead
2025,imola,VER,29,47,49,0.0304,NOR,1,2,1,ahead,18,20,-2,rival behind
2025,imola,NOR,28,50,42,0.0304,VER,2,1,1,tie,22,14,8,rival ahead
2025,imola,PIA,13,49,49,0.0304,VER,2,1,1,tie,36,36,0,rival ahead
2025,imola,HAM,29,26,25,0.0304,ANT,6,5,1,tie,-3,-4,-1,rival ahead
2025,imola,ALB,29,47,46,0.0304,NOR,3,2,1,tie,18,17,1,rival ahead
2025,interlagos,NOR,30,32,31,0.0342,PIA,1,2,1,ahead,2,1,1,rival behind
2025,interlagos,ANT,21,40,40,0.0342,RUS,3,4,1,tie,19,19,0,rival behind
2025,interlagos,RUS,34,34,30,0.0342,VER,3,4,1,tie,0,-4,-4,rival behind
2025,interlagos,PIA,38,35,35,0.0342,RUS,1,2,1,ahead,-3,-3,0,rival behind
2025,jeddah,PIA,19,24,24,0.0383,VER,2,1,1,tie,5,5,0,rival ahead
2025,jeddah,VER,21,25,20,0.0383,PIA,1,2,1,ahead,4,-1,3,rival behind
2025,jeddah,LEC,29,29,25,0.0383,NOR,1,2,1,ahead,0,-4,-4,rival behind
2025,jeddah,NOR,34,34,32,0.0383,PIA,2,3,1,tie,0,-2,-2,rival behind
2025,jeddah,RUS,20,24,22,0.0383,PIA,3,2,1,tie,4,2,2,rival ahead
2025,las_vegas,VER,25,25,24,0.0638,NOR,1,2,1,ahead,0,-1,-1,rival behind
2025,las_vegas,NOR,22,21,24,0.0638,VER,2,1,1,tie,-1,2,-1,rival ahead
2025,las_vegas,RUS,17,23,23,0.0638,VER,2,1,1,tie,6,6,0,rival ahead
2025,las_vegas,PIA,21,22,23,0.0638,LEC,6,5,1,tie,1,2,-1,rival ahead
2025,losail,PIA,24,54,54,0.0288,NOR,1,2,1,ahead,30,30,0,rival behind
2025,losail,NOR,25,54,54,0.0288,VER,2,3,1,tie,29,29,0,rival behind
2025,mexico_city,NOR,34,34,35,0.0329,LEC,1,2,1,ahead,0,1,-1,rival behind
2025,mexico_city,LEC,31,33,36,0.0329,VER,2,3,1,tie,2,5,-3,rival behind
2025,mexico_city,VER,37,36,39,0.0329,LEC,2,3,1,tie,-1,2,-1,rival behind
2025,mexico_city,BEA,24,34,29,0.0329,VER,4,5,1,tie,10,5,5,rival behind
2025,mexico_city,PIA,24,34,29,0.0329,TSU,8,9,1,tie,10,5,5,rival behind
2025,monaco,NOR,19,39,38,0.0047,LEC,1,2,1,ahead,20,19,1,rival behind
2025,monaco,LEC,22,38,39,0.0047,NOR,2,1,1,tie,16,17,-1,rival ahead
2025,monaco,PIA,20,36,35,0.0047,VER,3,4,1,tie,16,15,1,rival behind
2025,monaco,VER,28,37,40,0.0047,NOR,1,2,1,ahead,9,12,-3,rival behind
2025,monaco,HAM,18,42,37,0.0047,ALO,7,6,1,tie,24,19,5,rival ahead
2025,montreal,RUS,13,67,67,0.0284,VER,1,2,1,ahead,54,54,0,rival behind
2025,montreal,VER,12,65,67,0.0284,ANT,2,3,1,tie,53,55,-2,rival behind
2025,montreal,ANT,14,65,67,0.0284,VER,3,2,1,tie,51,53,-2,rival ahead
2025,montreal,PIA,16,67,67,0.0284,ANT,4,3,1,tie,51,51,0,rival ahead
2025,montreal,LEC,28,33,33,0.0284,NOR,2,1,1,tie,5,5,0,rival ahead
2025,monza,VER,37,33,33,0.033,NOR,1,2,1,ahead,-4,-4,0,rival behind
2025,monza,NOR,46,42,42,0.033,PIA,1,2,1,ahead,-4,-4,0,rival behind
2025,monza,PIA,45,41,41,0.033,VER,2,3,1,tie,-4,-4,0,rival behind
2025,monza,LEC,33,30,35,0.033,PIA,4,3,1,tie,-3,2,1,rival ahead
2025,monza,RUS,27,29,28,0.033,LEC,5,4,1,tie,2,1,1,rival ahead
2025,red_bull_ring,NOR,20,32,38,0.0304,PIA,1,2,1,ahead,12,18,-6,rival behind
2025,red_bull_ring,PIA,24,36,38,0.0304,NOR,2,1,1,tie,12,14,-2,rival ahead
2025,red_bull_ring,LEC,25,36,37,0.0304,NOR,3,2,1,tie,11,12,-1,rival ahead
2025,red_bull_ring,HAM,26,34,38,0.0304,NOR,3,4,1,tie,8,12,-4,rival behind
2025,red_bull_ring,RUS,18,33,38,0.0304,HAM,5,4,1,tie,15,20,-5,rival ahead
2025,shanghai,PIA,14,22,23,0.0353,NOR,1,2,1,ahead,8,9,-1,rival behind
2025,shanghai,NOR,15,20,23,0.0353,PIA,2,1,1,tie,5,8,-3,rival ahead
2025,shanghai,RUS,14,22,23,0.0353,NOR,3,2,1,tie,8,9,-1,rival ahead
2025,shanghai,VER,13,17,22,0.0353,ANT,6,7,1,tie,4,9,-5,rival behind
2025,shanghai,LEC,15,20,24,0.0353,VER,5,6,1,tie,5,9,-4,rival behind
2025,singapore,RUS,25,40,41,0.0195,NOR,1,2,1,ahead,15,16,-1,rival behind
2025,singapore,VER,19,59,55,0.0195,RUS,2,1,1,tie,40,36,4,rival ahead
2025,singapore,NOR,26,40,43,0.0195,RUS,2,1,1,tie,14,17,-3,rival ahead
2025,singapore,PIA,27,39,41,0.0195,NOR,3,2,1,tie,12,14,-2,rival ahead
2025,singapore,ANT,25,40,39,0.0195,LEC,5,4,1,tie,15,14,1,rival ahead
2025,suzuka,VER,21,28,30,0.0321,NOR,1,2,1,ahead,7,9,-2,rival behind
2025,suzuka,NOR,21,28,27,0.0321,VER,2,1,1,tie,7,6,1,rival ahead
2025,suzuka,PIA,20,27,31,0.0321,NOR,3,2,1,tie,7,11,-4,rival ahead
2025,suzuka,LEC,21,28,28,0.0321,PIA,4,3,1,tie,7,7,0,rival ahead
2025,suzuka,RUS,19,30,31,0.0321,LEC,5,4,1,tie,11,12,-1,rival ahead
2025,yas_marina,VER,23,24,26,0.0479,PIA,1,2,1,ahead,1,3,-2,rival behind
2025,yas_marina,PIA,41,37,37,0.0479,VER,1,2,1,ahead,-4,-4,0,rival behind
2025,yas_marina,NOR,16,25,25,0.0479,PIA,3,2,1,tie,9,9,0,rival ahead
2025,yas_marina,LEC,16,25,27,0.0479,NOR,4,3,1,tie,9,11,-2,rival ahead
2025,yas_marina,RUS,14,25,27,0.0479,LEC,5,4,1,tie,11,13,-2,rival ahead
2025,zandvoort,PIA,23,34,34,0.0304,NOR,1,2,1,ahead,11,11,0,rival behind
2025,zandvoort,VER,23,44,44,0.0304,NOR,3,2,1,tie,21,21,0,rival ahead
2025,zandvoort,HAD,23,34,34,0.0304,VER,4,3,1,tie,11,11,0,rival ahead
2025,zandvoort,RUS,23,34,34,0.0304,LEC,6,5,1,tie,11,11,0,rival ahead
2025,zandvoort,ALB,23,34,31,0.0304,TSU,10,11,1,tie,11,8,3,rival behind
