raceId,year,circuitRef,date,temp_mean_c,temp_max_c,humidity_mean_pct,precip_mm,wet,fetch_window
841,2011,albert_park,2011-03-27,15.5,19.0,76.0,0.0,False,local-day
857,2011,buddh,2011-10-30,22.4,29.6,62.7,0.0,False,local-day
845,2011,catalunya,2011-05-22,20.0,25.5,67.7,0.0,False,local-day
851,2011,hungaroring,2011-07-31,15.8,17.2,79.5,1.9,False,local-day
859,2011,interlagos,2011-11-27,19.5,22.9,92.6,14.4,True,local-day
844,2011,istanbul,2011-05-08,11.0,15.5,76.7,0.0,False,local-day
854,2011,marina_bay,2011-09-25,27.3,28.8,81.5,2.6,False,local-day
846,2011,monaco,2011-05-29,19.3,22.6,74.4,0.0,False,local-day
853,2011,monza,2011-09-11,22.8,26.1,75.8,0.1,False,local-day
850,2011,nurburgring,2011-07-24,9.4,12.5,87.4,7.1,True,local-day
842,2011,sepang,2011-04-10,25.0,27.5,90.2,31.2,True,local-day
843,2011,shanghai,2011-04-17,14.1,22.3,55.8,0.0,False,local-day
849,2011,silverstone,2011-07-10,15.5,20.0,78.5,0.6,False,local-day
852,2011,spa,2011-08-28,12.2,14.6,80.4,0.5,False,local-day
855,2011,suzuka,2011-10-09,17.6,22.5,73.8,0.0,False,local-day
848,2011,valencia,2011-06-26,25.8,31.3,62.0,0.0,False,local-day
847,2011,villeneuve,2011-06-12,15.3,17.3,89.7,23.5,True,local-day
858,2011,yas_marina,2011-11-13,22.7,28.2,65.4,0.0,False,local-day
856,2011,yeongam,2011-10-16,17.1,19.4,64.0,0.1,False,local-day
860,2012,albert_park,2012-03-18,17.3,21.4,75.3,0.0,False,local-day
878,2012,americas,2012-11-18,14.4,22.2,56.2,0.0,False,local-day
863,2012,bahrain,2012-04-22,23.9,25.5,61.2,0.0,False,local-day
876,2012,buddh,2012-10-28,21.2,28.0,64.7,0.0,False,local-day
864,2012,catalunya,2012-05-13,18.6,21.9,79.5,2.1,False,local-day
869,2012,hockenheimring,2012-07-22,15.3,19.6,65.6,0.0,False,local-day
870,2012,hungaroring,2012-07-29,24.7,32.3,67.5,7.1,True,local-day
879,2012,interlagos,2012-11-25,17.9,21.7,92.9,16.2,True,local-day
873,2012,marina_bay,2012-09-23,26.7,28.2,85.5,5.9,True,local-day
865,2012,monaco,2012-05-27,18.2,20.4,86.7,3.3,True,local-day
872,2012,monza,2012-09-09,21.4,26.9,68.2,0.0,False,local-day
861,2012,sepang,2012-03-25,25.8,29.2,89.4,9.9,True,local-day
862,2012,shanghai,2012-04-15,15.3,20.0,77.4,0.0,False,local-day
868,2012,silverstone,2012-07-08,14.7,18.9,88.9,13.0,True,local-day
871,2012,spa,2012-09-02,13.3,19.2,77.2,0.0,False,local-day
874,2012,suzuka,2012-10-07,20.3,24.2,75.4,0.0,False,local-day
867,2012,valencia,2012-06-24,25.6,30.1,57.2,0.0,False,local-day
866,2012,villeneuve,2012-06-10,20.1,25.8,63.8,0.0,False,local-day
877,2012,yas_marina,2012-11-04,27.9,33.2,56.4,0.0,False,local-day
875,2012,yeongam,2012-10-14,17.4,22.6,73.0,0.0,False,local-day
880,2013,albert_park,2013-03-17,14.7,16.0,60.3,0.9,False,local-day
898,2013,americas,2013-11-17,24.1,29.0,82.0,0.0,False,local-day
883,2013,bahrain,2013-04-21,25.3,27.7,65.2,0.0,False,local-day
896,2013,buddh,2013-10-27,23.9,29.4,63.0,0.0,False,local-day
884,2013,catalunya,2013-05-12,15.0,17.7,80.2,2.3,False,local-day
890,2013,hungaroring,2013-07-28,28.1,34.6,48.0,0.0,False,local-day
899,2013,interlagos,2013-11-24,18.3,21.0,93.7,9.4,True,local-day
893,2013,marina_bay,2013-09-22,28.2,29.4,78.5,1.7,False,local-day
885,2013,monaco,2013-05-26,13.9,17.1,64.6,0.0,False,local-day
892,2013,monza,2013-09-08,21.0,24.1,82.1,8.2,True,local-day
888,2013,nurburgring,2013-07-07,17.9,22.7,69.7,0.0,False,local-day
881,2013,sepang,2013-03-24,26.2,29.5,86.6,6.3,True,local-day
882,2013,shanghai,2013-04-14,17.7,25.7,57.7,0.0,False,local-day
887,2013,silverstone,2013-06-30,16.5,21.2,75.7,0.0,False,local-day
891,2013,spa,2013-08-25,14.8,17.6,88.8,2.7,False,local-day
895,2013,suzuka,2013-10-13,19.5,24.0,56.5,0.0,False,local-day
886,2013,villeneuve,2013-06-09,18.0,23.2,73.8,0.3,False,local-day
897,2013,yas_marina,2013-11-03,28.9,35.6,56.9,0.0,False,local-day
894,2013,yeongam,2013-10-06,22.3,25.9,76.9,2.7,False,local-day
900,2014,albert_park,2014-03-16,16.1,20.0,58.8,0.7,False,local-day
916,2014,americas,2014-11-02,16.3,23.3,54.3,0.0,False,local-day
902,2014,bahrain,2014-04-06,22.4,24.0,55.8,0.0,False,local-day
904,2014,catalunya,2014-05-11,18.0,21.3,77.2,0.0,False,local-day
909,2014,hockenheimring,2014-07-20,23.4,27.5,66.3,1.6,False,local-day
910,2014,hungaroring,2014-07-27,22.5,27.0,75.0,6.3,True,local-day
917,2014,interlagos,2014-11-09,19.2,22.8,88.0,1.4,False,local-day
913,2014,marina_bay,2014-09-21,27.1,28.8,80.6,1.2,False,local-day
905,2014,monaco,2014-05-25,17.5,19.4,76.5,0.3,False,local-day
912,2014,monza,2014-09-07,20.3,24.5,80.6,0.0,False,local-day
907,2014,red_bull_ring,2014-06-22,17.6,23.3,67.0,0.2,False,local-day
901,2014,sepang,2014-03-30,26.8,30.6,83.1,3.3,True,local-day
903,2014,shanghai,2014-04-20,14.8,17.7,82.0,0.0,False,local-day
908,2014,silverstone,2014-07-06,15.4,18.5,64.1,0.0,False,local-day
915,2014,sochi,2014-10-12,19.9,23.2,70.4,0.0,False,local-day
911,2014,spa,2014-08-24,11.1,14.8,76.8,0.3,False,local-day
914,2014,suzuka,2014-10-05,20.0,21.6,88.1,18.1,True,local-day
906,2014,villeneuve,2014-06-08,21.3,27.4,65.6,0.0,False,local-day
918,2014,yas_marina,2014-11-23,23.7,30.5,72.9,0.0,False,local-day
926,2015,albert_park,2015-03-15,15.4,18.7,64.9,0.3,False,local-day
942,2015,americas,2015-10-25,16.7,18.7,85.5,8.2,True,local-day
929,2015,bahrain,2015-04-19,24.8,26.3,51.3,0.0,False,local-day
930,2015,catalunya,2015-05-10,20.0,25.9,70.5,0.0,False,local-day
936,2015,hungaroring,2015-07-26,22.6,25.7,46.1,0.0,False,local-day
944,2015,interlagos,2015-11-15,21.2,25.1,93.3,1.2,False,local-day
939,2015,marina_bay,2015-09-20,27.3,29.0,84.8,3.3,True,local-day
931,2015,monaco,2015-05-24,17.4,19.4,78.5,0.2,False,local-day
938,2015,monza,2015-09-06,17.3,22.4,56.7,0.0,False,local-day
933,2015,red_bull_ring,2015-06-21,12.0,16.5,74.0,2.7,False,local-day
943,2015,rodriguez,2015-11-01,15.3,20.3,85.6,7.1,True,local-day
927,2015,sepang,2015-03-29,26.8,30.5,80.0,2.6,False,local-day
928,2015,shanghai,2015-04-12,13.9,19.4,73.2,0.0,False,local-day
934,2015,silverstone,2015-07-05,16.6,20.3,64.9,0.5,False,local-day
941,2015,sochi,2015-10-11,14.5,18.2,58.8,0.4,False,local-day
937,2015,spa,2015-08-23,18.5,24.8,64.9,10.3,True,local-day
940,2015,suzuka,2015-09-27,22.2,26.2,82.5,1.0,False,local-day
932,2015,villeneuve,2015-06-07,16.1,20.6,59.7,0.0,False,local-day
945,2015,yas_marina,2015-11-29,24.3,28.7,65.8,0.0,False,local-day
948,2016,albert_park,2016-03-20,15.8,21.2,65.1,0.0,False,local-day
965,2016,americas,2016-10-23,20.7,27.6,61.9,0.0,False,local-day
949,2016,bahrain,2016-04-03,20.0,22.3,56.2,0.0,False,local-day
955,2016,baku,2016-06-19,26.1,27.9,69.4,0.0,False,local-day
952,2016,catalunya,2016-05-15,15.8,19.5,86.1,0.0,False,local-day
959,2016,hockenheimring,2016-07-31,20.8,22.9,72.6,1.8,False,local-day
958,2016,hungaroring,2016-07-24,23.3,27.8,76.7,0.1,False,local-day
967,2016,interlagos,2016-11-13,16.9,18.2,94.5,17.0,True,local-day
962,2016,marina_bay,2016-09-18,27.5,29.1,83.5,6.8,True,local-day
953,2016,monaco,2016-05-29,18.2,20.7,85.9,11.2,True,local-day
961,2016,monza,2016-09-04,23.3,27.5,77.3,0.0,False,local-day
956,2016,red_bull_ring,2016-07-03,14.1,17.4,83.0,1.8,False,local-day
966,2016,rodriguez,2016-10-30,13.6,19.6,78.9,1.6,False,local-day
963,2016,sepang,2016-10-02,28.2,31.3,70.5,0.0,False,local-day
950,2016,shanghai,2016-04-17,16.5,20.9,66.1,1.5,False,local-day
957,2016,silverstone,2016-07-10,17.5,20.6,81.6,1.3,False,local-day
951,2016,sochi,2016-05-01,13.1,14.9,86.9,0.0,False,local-day
960,2016,spa,2016-08-28,21.9,24.8,69.5,0.2,False,local-day
964,2016,suzuka,2016-10-09,20.2,22.9,78.5,17.0,True,local-day
954,2016,villeneuve,2016-06-12,12.2,14.9,72.3,1.3,False,local-day
968,2016,yas_marina,2016-11-27,24.3,30.4,50.5,0.0,False,local-day
969,2017,albert_park,2017-03-26,20.3,23.7,85.8,0.0,False,local-day
985,2017,americas,2017-10-22,21.4,25.7,67.8,36.9,True,local-day
971,2017,bahrain,2017-04-16,26.0,29.3,63.2,0.0,False,local-day
976,2017,baku,2017-06-25,23.7,28.0,79.0,0.0,False,local-day
973,2017,catalunya,2017-05-14,19.0,23.5,59.7,0.1,False,local-day
979,2017,hungaroring,2017-07-30,24.0,29.7,57.9,0.0,False,local-day
987,2017,interlagos,2017-11-12,19.3,26.6,68.7,0.0,False,local-day
982,2017,marina_bay,2017-09-17,27.5,29.4,84.3,14.5,True,local-day
974,2017,monaco,2017-05-28,23.9,27.0,46.0,0.0,False,local-day
981,2017,monza,2017-09-03,17.6,23.2,63.2,0.0,False,local-day
977,2017,red_bull_ring,2017-07-09,21.9,27.8,67.2,0.4,False,local-day
986,2017,rodriguez,2017-10-29,15.8,22.9,64.2,0.1,False,local-day
983,2017,sepang,2017-10-01,26.1,30.3,88.5,14.3,True,local-day
970,2017,shanghai,2017-04-09,12.0,13.1,80.4,6.9,True,local-day
978,2017,silverstone,2017-07-16,19.0,22.6,79.0,1.6,False,local-day
972,2017,sochi,2017-04-30,17.8,24.2,66.9,0.0,False,local-day
980,2017,spa,2017-08-27,18.1,22.6,80.0,0.3,False,local-day
984,2017,suzuka,2017-10-08,20.9,24.4,85.4,0.0,False,local-day
975,2017,villeneuve,2017-06-11,23.8,28.0,62.5,0.3,False,local-day
988,2017,yas_marina,2017-11-26,23.7,25.6,55.0,0.0,False,local-day
989,2018,albert_park,2018-03-25,19.9,23.4,59.5,5.2,True,local-day
1006,2018,americas,2018-10-21,16.9,21.1,59.4,0.0,False,local-day
990,2018,bahrain,2018-04-08,26.5,32.0,52.6,0.0,False,local-day
992,2018,baku,2018-04-29,15.5,20.2,62.1,0.5,False,local-day
993,2018,catalunya,2018-05-13,12.8,16.0,75.0,23.5,True,local-day
999,2018,hockenheimring,2018-07-22,21.7,26.8,77.9,2.1,False,local-day
1000,2018,hungaroring,2018-07-29,27.5,33.4,57.8,0.0,False,local-day
1008,2018,interlagos,2018-11-11,20.3,25.1,89.2,1.6,False,local-day
1003,2018,marina_bay,2018-09-16,27.6,29.3,75.7,1.2,False,local-day
994,2018,monaco,2018-05-27,24.1,28.0,64.0,0.4,False,local-day
1002,2018,monza,2018-09-02,17.6,20.1,88.5,2.1,False,local-day
997,2018,red_bull_ring,2018-07-01,14.7,19.5,71.0,0.0,False,local-day
996,2018,ricard,2018-06-24,19.7,23.5,67.2,0.0,False,local-day
1007,2018,rodriguez,2018-10-28,15.3,20.2,76.8,1.0,False,local-day
991,2018,shanghai,2018-04-15,13.2,18.3,63.5,0.0,False,local-day
998,2018,silverstone,2018-07-08,22.4,29.0,57.1,0.0,False,local-day
1004,2018,sochi,2018-09-30,19.2,23.9,67.5,0.0,False,local-day
1001,2018,spa,2018-08-26,11.8,17.0,70.7,2.3,False,local-day
1005,2018,suzuka,2018-10-07,23.3,26.6,75.7,0.0,False,local-day
995,2018,villeneuve,2018-06-10,15.1,19.8,51.8,0.0,False,local-day
1009,2018,yas_marina,2018-11-25,26.9,32.8,61.0,0.6,False,local-day
1010,2019,albert_park,2019-03-17,19.1,25.1,80.9,0.0,False,local-day
1028,2019,americas,2019-11-03,13.4,19.8,58.8,0.0,False,local-day
1011,2019,bahrain,2019-03-31,25.2,29.8,58.7,0.0,False,local-day
1013,2019,baku,2019-04-28,14.3,17.6,83.1,0.0,False,local-day
1014,2019,catalunya,2019-05-12,15.6,20.6,69.9,0.0,False,local-day
1020,2019,hockenheimring,2019-07-28,21.4,25.0,82.7,11.7,True,local-day
1021,2019,hungaroring,2019-08-04,19.6,23.3,64.7,0.1,False,local-day
1029,2019,interlagos,2019-11-17,16.8,20.7,79.8,0.0,False,local-day
1024,2019,marina_bay,2019-09-22,28.9,32.9,72.5,0.0,False,local-day
1015,2019,monaco,2019-05-26,18.5,21.5,78.4,1.1,False,local-day
1023,2019,monza,2019-09-08,15.9,19.8,79.2,70.3,True,local-day
1018,2019,red_bull_ring,2019-06-30,23.2,33.8,58.5,0.0,False,local-day
1017,2019,ricard,2019-06-23,22.2,27.9,54.0,0.0,False,local-day
1027,2019,rodriguez,2019-10-27,16.3,20.9,82.8,12.2,True,local-day
1012,2019,shanghai,2019-04-14,14.1,19.0,80.1,0.0,False,local-day
1019,2019,silverstone,2019-07-14,16.4,20.0,77.0,1.2,False,local-day
1025,2019,sochi,2019-09-29,17.2,20.3,79.9,1.4,False,local-day
1022,2019,spa,2019-09-01,15.2,17.9,75.5,0.2,False,local-day
1026,2019,suzuka,2019-10-13,19.9,22.2,68.5,0.0,False,local-day
1016,2019,villeneuve,2019-06-09,20.0,26.8,52.1,0.0,False,local-day
1030,2019,yas_marina,2019-12-01,24.0,27.8,71.8,0.0,False,local-day
1045,2020,bahrain,2020-11-29,24.1,27.9,65.4,0.2,False,local-day
1046,2020,bahrain,2020-12-06,22.7,26.4,72.6,0.0,False,local-day
1036,2020,catalunya,2020-08-16,24.0,27.6,77.1,2.6,False,local-day
1033,2020,hungaroring,2020-07-19,17.6,21.6,86.9,6.6,True,local-day
1043,2020,imola,2020-11-01,14.0,18.5,82.5,0.0,False,local-day
1044,2020,istanbul,2020-11-15,10.3,13.0,89.6,0.5,False,local-day
1038,2020,monza,2020-09-06,21.1,26.0,73.5,4.8,True,local-day
1039,2020,mugello,2020-09-13,24.0,30.1,55.9,0.0,False,local-day
1041,2020,nurburgring,2020-10-11,6.0,8.7,80.9,0.2,False,local-day
1042,2020,portimao,2020-10-25,16.1,20.1,84.9,3.5,True,local-day
1031,2020,red_bull_ring,2020-07-05,19.6,26.6,67.2,0.0,False,local-day
1032,2020,red_bull_ring,2020-07-12,14.6,19.6,68.9,0.0,False,local-day
1034,2020,silverstone,2020-08-02,16.8,21.0,60.8,0.0,False,local-day
1035,2020,silverstone,2020-08-09,20.7,27.7,75.0,0.0,False,local-day
1040,2020,sochi,2020-09-27,23.6,29.4,59.9,0.0,False,local-day
1037,2020,spa,2020-08-30,13.0,17.0,87.5,8.0,True,local-day
1047,2020,yas_marina,2020-12-13,22.0,23.9,55.8,0.0,False,local-day
1069,2021,americas,2021-10-24,24.6,29.9,81.1,0.7,False,local-day
1052,2021,bahrain,2021-03-28,21.6,23.6,53.5,0.0,False,local-day
1057,2021,baku,2021-06-06,21.1,24.3,68.2,0.0,False,local-day
1055,2021,catalunya,2021-05-09,17.3,21.8,71.6,1.3,False,local-day
1062,2021,hungaroring,2021-08-01,24.9,32.3,63.4,0.6,False,local-day
1053,2021,imola,2021-04-18,9.1,13.0,65.1,0.7,False,local-day
1071,2021,interlagos,2021-11-14,16.4,23.4,82.0,0.0,False,local-day
1067,2021,istanbul,2021-10-10,16.1,18.3,87.9,0.4,False,local-day
1072,2021,jeddah,2021-12-05,26.6,30.7,75.5,0.0,False,local-day
1051,2021,losail,2021-11-21,25.7,29.0,72.5,0.0,False,local-day
1056,2021,monaco,2021-05-23,18.3,23.1,67.5,0.0,False,local-day
1065,2021,monza,2021-09-12,23.3,28.7,54.4,0.0,False,local-day
1054,2021,portimao,2021-05-02,13.5,19.3,62.5,0.0,False,local-day
1058,2021,red_bull_ring,2021-06-27,19.6,26.9,74.4,4.9,True,local-day
1060,2021,red_bull_ring,2021-07-04,17.8,23.5,74.2,2.0,False,local-day
1059,2021,ricard,2021-06-20,23.2,29.0,65.2,1.7,False,local-day
1070,2021,rodriguez,2021-11-07,14.8,23.2,64.0,0.0,False,local-day
1061,2021,silverstone,2021-07-18,22.6,28.2,69.5,0.0,False,local-day
1066,2021,sochi,2021-09-26,15.0,17.7,75.2,1.6,False,local-day
1063,2021,spa,2021-08-29,12.8,14.3,95.5,6.8,True,local-day
1073,2021,yas_marina,2021-12-12,23.6,25.9,62.3,0.0,False,local-day
1064,2021,zandvoort,2021-09-05,16.6,21.5,76.3,0.0,False,local-day
1076,2022,albert_park,2022-04-10,21.2,26.5,65.7,0.0,False,local-day
1093,2022,americas,2022-10-23,24.7,30.3,65.8,0.6,False,local-day
1074,2022,bahrain,2022-03-20,20.5,28.5,44.9,0.0,False,local-day
1081,2022,baku,2022-06-12,23.7,26.7,61.2,0.0,False,local-day
1079,2022,catalunya,2022-05-22,25.4,34.8,34.0,0.0,False,local-day
1086,2022,hungaroring,2022-07-31,18.4,21.0,79.2,7.9,True,local-day
1077,2022,imola,2022-04-24,12.9,15.5,74.0,3.3,True,local-day
1095,2022,interlagos,2022-11-13,19.9,28.1,88.2,0.4,False,local-day
1075,2022,jeddah,2022-03-27,25.2,31.3,54.2,0.0,False,local-day
1091,2022,marina_bay,2022-10-02,26.2,28.5,84.6,17.0,True,local-day
1078,2022,miami,2022-05-08,26.3,33.1,74.6,2.0,False,local-day
1080,2022,monaco,2022-05-29,22.1,25.1,67.7,3.4,True,local-day
1089,2022,monza,2022-09-11,20.2,25.8,71.5,0.0,False,local-day
1084,2022,red_bull_ring,2022-07-10,15.7,20.4,72.1,3.9,True,local-day
1085,2022,ricard,2022-07-24,26.9,33.2,51.1,0.0,False,local-day
1094,2022,rodriguez,2022-10-30,17.1,24.1,65.0,0.9,False,local-day
1083,2022,silverstone,2022-07-03,14.3,19.0,76.3,0.9,False,local-day
1087,2022,spa,2022-08-28,16.7,20.8,66.9,0.2,False,local-day
1092,2022,suzuka,2022-10-09,17.4,19.9,85.1,18.1,True,local-day
1082,2022,villeneuve,2022-06-19,15.9,20.9,46.6,0.0,False,local-day
1096,2022,yas_marina,2022-11-20,27.7,30.4,62.7,0.0,False,local-day
1088,2022,zandvoort,2022-09-04,19.6,23.9,78.7,1.8,False,local-day
1100,2023,albert_park,2023-04-02,12.5,17.8,76.3,0.0,False,local-day
1116,2023,americas,2023-10-22,25.5,31.3,68.4,0.2,False,local-day
1098,2023,bahrain,2023-03-05,24.7,32.2,36.9,0.0,False,local-day
1101,2023,baku,2023-04-30,20.1,26.3,69.1,0.2,False,local-day
1105,2023,catalunya,2023-06-04,18.7,22.6,81.1,10.8,True,local-day
1109,2023,hungaroring,2023-07-23,23.0,29.0,57.6,0.0,False,local-day
1118,2023,interlagos,2023-11-05,17.3,21.1,80.7,0.3,False,local-day
1099,2023,jeddah,2023-03-19,25.0,30.6,46.6,0.0,False,local-day
1115,2023,losail,2023-10-08,32.8,40.6,62.4,0.0,False,local-day
1113,2023,marina_bay,2023-09-17,28.6,30.7,74.3,2.7,False,local-day
1102,2023,miami,2023-05-07,24.1,26.9,73.7,1.9,False,local-day
1104,2023,monaco,2023-05-28,21.4,24.4,71.8,6.9,True,local-day
1112,2023,monza,2023-09-03,22.4,27.9,76.8,0.0,False,local-day
1107,2023,red_bull_ring,2023-07-02,17.9,24.0,73.0,0.3,False,local-day
1117,2023,rodriguez,2023-10-29,17.2,25.2,66.7,0.0,False,local-day
1108,2023,silverstone,2023-07-09,17.9,22.0,75.4,0.3,False,local-day
1110,2023,spa,2023-07-30,15.4,17.8,79.8,2.5,False,local-day
1114,2023,suzuka,2023-09-24,23.0,26.7,67.6,0.0,False,local-day
1119,2023,vegas,2023-11-19,14.0,17.8,44.7,0.0,False,local-day
1106,2023,villeneuve,2023-06-18,15.6,19.6,77.2,0.3,False,local-day
1120,2023,yas_marina,2023-11-26,24.8,29.1,59.0,0.0,False,local-day
1111,2023,zandvoort,2023-08-27,16.0,17.4,79.6,3.4,True,local-day
1123,2024,albert_park,2024-03-24,15.9,21.4,66.0,0.0,False,local-day
1139,2024,americas,2024-10-20,22.9,29.4,54.8,0.0,False,local-day
1121,2024,bahrain,2024-03-02,16.7,21.2,53.6,0.0,False,local-day
1137,2024,baku,2024-09-15,23.1,26.7,43.6,0.0,False,local-day
1130,2024,catalunya,2024-06-23,19.7,22.1,79.3,2.8,False,local-day
1133,2024,hungaroring,2024-07-21,24.1,28.5,71.0,0.2,False,local-day
1127,2024,imola,2024-05-19,18.3,23.7,78.6,0.2,False,local-day
1141,2024,interlagos,2024-11-03,20.1,21.9,92.8,17.9,True,local-day
1122,2024,jeddah,2024-03-09,23.7,29.2,60.3,0.0,False,local-day
1143,2024,losail,2024-12-01,19.8,23.2,60.2,0.0,False,local-day
1138,2024,marina_bay,2024-09-22,29.0,32.2,75.5,0.0,False,local-day
1126,2024,miami,2024-05-05,25.3,28.8,70.7,0.3,False,local-day
1128,2024,monaco,2024-05-26,17.9,20.8,81.4,0.0,False,local-day
1136,2024,monza,2024-09-01,25.2,30.8,68.1,19.1,True,local-day
1131,2024,red_bull_ring,2024-06-30,22.7,29.0,69.2,0.0,False,local-day
1140,2024,rodriguez,2024-10-27,15.1,20.9,72.4,2.4,False,local-day
1125,2024,shanghai,2024-04-21,16.2,20.3,82.2,4.6,True,local-day
1132,2024,silverstone,2024-07-07,12.8,16.3,77.0,2.0,False,local-day
1134,2024,spa,2024-07-28,15.9,19.8,80.7,0.0,False,local-day
1124,2024,suzuka,2024-04-07,15.8,21.3,78.3,0.0,False,local-day
1142,2024,vegas,2024-11-23,15.2,23.0,28.0,0.0,False,local-day
1129,2024,villeneuve,2024-06-09,16.2,19.3,75.9,4.4,True,local-day
1144,2024,yas_marina,2024-12-08,23.9,30.1,59.0,0.0,False,local-day
1135,2024,zandvoort,2024-08-25,17.3,18.3,67.8,5.5,True,local-day
