series,year,event,car_class,car,rank,decision_lap,real_pit_lap,model_pit_lap,delta_laps,fuel_deadline_lap,p_best_at_real,median_cost_s,real_stop_neutralised
elms,2021,Portimao,LMP2,24,2,27,30,31,1,31,0.02,1.2,False
elms,2021,Portimao,LMP2,65,4,28,31,30,-1,31,0.4,0.18,False
elms,2021,Spa,LMP2,28,3,14,17,23,6,23,0.0217,3.89,False
elms,2021,Spa,LMP2,32,4,11,14,22,8,23,0.0258,10.96,False
elms,2021,Spa,LMP2,30,5,14,17,23,6,23,0.0217,3.89,False
elms,2022,Barcelona,LMP2,65,1,23,26,25,-1,26,0.98,1.12,False
elms,2022,Barcelona,LMP2,47,5,22,25,26,1,26,0.0167,1.81,False
elms,2022,Imola,LMP2,22,1,20,23,25,2,25,0.0233,0.49,True
elms,2022,Imola,LMP2,65,2,21,24,25,1,25,0.0217,0.43,True
elms,2022,Imola,LMP2,34,4,21,24,25,1,25,0.0217,0.43,True
elms,2022,Imola,LMP2,30,5,20,23,25,2,25,0.0233,0.49,True
elms,2022,Monza,LMP2,19,1,20,23,23,0,23,0.9442,0.0,False
elms,2022,Monza,LMP2,22,3,20,23,23,0,23,0.9442,0.0,False
elms,2022,Monza,LMP2,24,4,19,22,23,1,23,0.0167,0.91,False
elms,2022,Paul Ricard,LMP2,19,1,18,21,20,-1,24,0.0158,0.69,False
elms,2022,Paul Ricard,LMP2,22,2,19,22,21,-1,24,0.02,0.25,False
elms,2022,Paul Ricard,LMP2,28,3,20,23,21,-2,24,0.0267,2.06,False
elms,2022,Paul Ricard,LMP2,34,4,20,23,21,-2,24,0.0267,2.06,False
elms,2022,Paul Ricard,LMP2,37,5,21,24,23,-1,24,0.0225,0.19,True
elms,2022,Portimao,LMP2,65,1,15,18,16,-2,27,0.0258,12.25,True
elms,2022,Portimao,LMP2,9,2,16,19,17,-2,27,0.0242,11.32,True
elms,2022,Portimao,LMP2,37,3,15,18,16,-2,27,0.0258,12.25,True
elms,2022,Portimao,LMP2,19,4,16,19,17,-2,27,0.0208,14.23,True
elms,2022,Portimao,LMP2,43,5,16,19,17,-2,27,0.0208,14.23,True
elms,2022,Spa,LMP2,19,1,10,13,11,-2,19,0.02,5.29,True
elms,2022,Spa,LMP2,22,2,10,13,11,-2,19,0.02,5.29,True
elms,2022,Spa,LMP2,34,3,10,13,11,-2,19,0.02,5.29,False
elms,2022,Spa,LMP2,30,4,9,12,10,-2,19,0.0308,4.01,True
elms,2022,Spa,LMP2,65,5,10,13,11,-2,19,0.02,5.29,False
elms,2023,Aragon,LMP2,22,1,18,21,23,2,23,0.0133,9.88,False
elms,2023,Aragon,LMP2,23,2,19,22,23,1,23,0.0175,2.06,False
elms,2023,Aragon,LMP2,25,3,19,22,23,1,23,0.0175,2.06,False
elms,2023,Aragon,LMP2,28,4,19,22,23,1,23,0.0175,2.06,False
elms,2023,Aragon,LMP2,30,5,18,21,23,2,23,0.0133,9.88,False
elms,2023,Aragon,LMP2 Pro/Am,24,1,16,19,23,4,23,0.0158,7.47,False
elms,2023,Aragon,LMP2 Pro/Am,21,2,16,19,23,4,23,0.0158,7.47,False
elms,2023,Aragon,LMP2 Pro/Am,83,3,17,20,23,3,23,0.0167,6.55,False
elms,2023,Aragon,LMP2 Pro/Am,19,4,17,20,23,3,23,0.0133,6.66,False
elms,2023,Aragon,LMP2 Pro/Am,20,5,16,19,23,4,23,0.015,7.15,False
elms,2023,Barcelona,LMP2,30,3,21,24,27,3,27,0.02,16.04,False
elms,2023,Barcelona,LMP2,65,4,20,23,27,4,27,0.0108,24.05,False
elms,2023,Barcelona,LMP2,22,5,4,7,27,20,27,0.0,119.93,False
elms,2023,Barcelona,LMP2 Pro/Am,83,1,24,27,28,1,28,0.0217,3.74,False
elms,2023,Barcelona,LMP2 Pro/Am,34,3,24,27,28,1,28,0.0217,3.74,False
elms,2023,Barcelona,LMP2 Pro/Am,99,4,9,12,28,16,28,0.0,56.69,False
elms,2023,Barcelona,LMP2 Pro/Am,3,5,22,25,28,3,28,0.0167,11.42,False
elms,2023,Paul Ricard,LMP2,22,1,19,22,25,3,25,0.0075,8.13,False
elms,2023,Paul Ricard,LMP2,25,2,19,22,25,3,25,0.0075,8.13,False
elms,2023,Paul Ricard,LMP2,28,3,20,23,25,2,25,0.0125,7.78,False
elms,2023,Paul Ricard,LMP2,30,4,20,23,25,2,25,0.0125,7.78,False
elms,2023,Paul Ricard,LMP2,43,5,11,14,25,11,25,0.0017,47.79,False
elms,2023,Paul Ricard,LMP2 Pro/Am,21,1,15,18,25,7,25,0.0275,0.82,False
elms,2023,Paul Ricard,LMP2 Pro/Am,34,2,18,21,23,2,25,0.0258,0.6,False
elms,2023,Paul Ricard,LMP2 Pro/Am,24,3,10,13,13,0,25,0.0225,0.0,False
elms,2023,Paul Ricard,LMP2 Pro/Am,83,4,20,23,21,-2,25,0.02,0.24,False
elms,2023,Paul Ricard,LMP2 Pro/Am,37,5,20,23,21,-2,25,0.02,0.24,False
elms,2023,Portimao,LMP2,22,1,26,29,27,-2,30,0.0,18.47,False
elms,2023,Portimao,LMP2,25,2,27,30,28,-2,30,0.0,17.66,True
elms,2023,Portimao,LMP2,30,3,25,28,26,-2,30,0.0,19.12,False
elms,2023,Portimao,LMP2,65,4,27,30,28,-2,30,0.0,17.66,True
elms,2023,Portimao,LMP2,43,5,21,24,22,-2,30,0.0,22.56,False
elms,2023,Portimao,LMP2 Pro/Am,3,1,23,26,24,-2,29,0.0,27.93,False
elms,2023,Portimao,LMP2 Pro/Am,24,2,23,26,24,-2,29,0.0,27.93,False
elms,2023,Portimao,LMP2 Pro/Am,83,3,21,24,22,-2,29,0.0,29.39,False
elms,2023,Portimao,LMP2 Pro/Am,81,4,21,24,22,-2,29,0.0,29.39,False
elms,2023,Portimao,LMP2 Pro/Am,34,5,21,24,22,-2,29,0.0,29.39,False
elms,2024,Barcelona,LMP2,25,1,15,18,29,11,29,0.0,76.16,True
elms,2024,Barcelona,LMP2,22,2,14,17,29,12,29,0.0,84.0,False
elms,2024,Barcelona,LMP2,37,3,14,17,29,12,29,0.0,84.0,False
elms,2024,Barcelona,LMP2,65,4,14,17,29,12,29,0.0,83.06,False
elms,2024,Barcelona,LMP2,28,5,15,18,29,11,29,0.0,76.16,True
elms,2024,Barcelona,LMP2 Pro/Am,83,1,14,17,28,11,28,0.0,81.28,False
elms,2024,Barcelona,LMP2 Pro/Am,29,2,14,17,28,11,28,0.0,81.28,False
elms,2024,Barcelona,LMP2 Pro/Am,20,3,13,16,28,12,28,0.0,90.25,False
elms,2024,Barcelona,LMP2 Pro/Am,24,4,13,16,28,12,28,0.0,89.09,False
elms,2024,Barcelona,LMP2 Pro/Am,77,5,14,17,28,11,28,0.0,80.12,False
elms,2024,Imola,LMP2,10,1,21,24,26,2,28,0.02,1.77,False
elms,2024,Imola,LMP2,14,2,22,25,28,3,28,0.0258,1.59,False
elms,2024,Imola,LMP2,23,3,21,24,26,2,28,0.02,1.77,False
elms,2024,Imola,LMP2,65,4,21,24,26,2,28,0.02,1.77,False
elms,2024,Imola,LMP2,34,5,22,25,28,3,28,0.0258,1.59,False
elms,2024,Imola,LMP2 Pro/Am,20,1,22,25,27,2,27,0.02,0.64,False
elms,2024,Imola,LMP2 Pro/Am,29,2,21,24,22,-2,27,0.0217,1.03,False
elms,2024,Imola,LMP2 Pro/Am,83,3,22,25,27,2,27,0.02,0.64,False
elms,2024,Imola,LMP2 Pro/Am,19,4,22,25,27,2,27,0.0167,0.18,False
elms,2024,Imola,LMP2 Pro/Am,3,5,22,25,27,2,27,0.0167,0.29,False
elms,2024,Mugello,LMP2,22,2,23,26,26,0,26,0.9892,0.0,False
elms,2024,Mugello,LMP2,23,4,22,25,26,1,26,0.0092,4.44,False
elms,2024,Mugello,LMP2,27,5,22,25,26,1,26,0.0092,4.44,False
elms,2024,Mugello,LMP2 Pro/Am,20,2,22,25,26,1,26,0.0167,3.59,False
elms,2024,Mugello,LMP2 Pro/Am,21,3,21,24,26,2,26,0.0092,4.81,False
elms,2024,Mugello,LMP2 Pro/Am,24,4,18,21,26,5,26,0.0025,9.38,False
elms,2024,Mugello,LMP2 Pro/Am,29,5,23,26,26,0,26,0.9233,0.0,False
elms,2024,Paul Ricard,LMP2,14,1,19,22,26,4,26,0.0225,5.78,False
elms,2024,Paul Ricard,LMP2,22,2,19,22,26,4,26,0.0225,5.78,False
elms,2024,Paul Ricard,LMP2,25,3,19,22,26,4,26,0.0225,5.78,False
elms,2024,Paul Ricard,LMP2,47,4,19,22,26,4,26,0.0225,5.78,False
elms,2024,Paul Ricard,LMP2,30,5,20,23,26,3,26,0.0183,3.2,False
elms,2024,Paul Ricard,LMP2 Pro/Am,24,1,17,20,27,7,27,0.0117,17.77,False
elms,2024,Paul Ricard,LMP2 Pro/Am,21,2,17,20,27,7,27,0.0117,17.77,False
elms,2024,Paul Ricard,LMP2 Pro/Am,77,3,19,22,27,5,27,0.0183,9.29,False
elms,2024,Paul Ricard,LMP2 Pro/Am,29,4,20,23,27,4,27,0.0183,11.6,False
elms,2024,Paul Ricard,LMP2 Pro/Am,83,5,20,23,27,4,27,0.0183,11.6,False
elms,2024,Portimao,LMP2,14,1,25,28,26,-2,29,0.015,0.46,False
elms,2024,Portimao,LMP2,22,2,25,28,26,-2,29,0.015,0.46,False
elms,2024,Portimao,LMP2,25,3,12,15,27,12,29,0.02,2.36,False
elms,2024,Portimao,LMP2,27,5,25,28,26,-2,29,0.015,0.46,False
elms,2024,Portimao,LMP2 Pro/Am,20,1,27,30,28,-2,30,0.2933,2.39,False
elms,2024,Portimao,LMP2 Pro/Am,77,3,24,27,27,0,30,0.0233,0.0,False
elms,2024,Portimao,LMP2 Pro/Am,29,4,25,28,27,-1,30,0.0183,0.14,False
elms,2024,Spa,LMP2,10,1,15,18,17,-1,20,0.0208,1.53,False
elms,2024,Spa,LMP2,14,2,16,19,20,1,20,0.0267,1.38,False
elms,2024,Spa,LMP2,22,3,16,19,20,1,20,0.0267,1.38,False
elms,2024,Spa,LMP2,23,4,15,18,17,-1,20,0.0208,1.53,False
elms,2024,Spa,LMP2,34,5,15,18,17,-1,20,0.0208,1.53,False
elms,2024,Spa,LMP2 Pro/Am,19,1,16,19,20,1,20,0.025,0.99,False
elms,2024,Spa,LMP2 Pro/Am,20,2,16,19,20,1,20,0.025,0.99,False
elms,2024,Spa,LMP2 Pro/Am,21,3,14,17,15,-2,20,0.0233,0.26,False
elms,2024,Spa,LMP2 Pro/Am,24,4,14,17,15,-2,20,0.0233,0.26,False
elms,2024,Spa,LMP2 Pro/Am,3,5,16,19,20,1,20,0.025,0.99,False
elms,2025,Barcelona,LMP2,10,1,23,26,31,5,31,0.0192,7.93,False
elms,2025,Barcelona,LMP2,18,2,24,27,30,3,31,0.0217,4.56,False
elms,2025,Barcelona,LMP2,22,3,23,26,31,5,31,0.0192,7.93,False
elms,2025,Barcelona,LMP2,24,4,24,27,30,3,31,0.0217,4.56,False
elms,2025,Barcelona,LMP2,25,5,24,27,30,3,31,0.0217,4.56,False
elms,2025,Barcelona,LMP2 Pro/Am,20,1,23,26,31,5,31,0.0192,6.43,False
elms,2025,Barcelona,LMP2 Pro/Am,21,2,21,24,31,7,31,0.0175,11.42,False
elms,2025,Barcelona,LMP2 Pro/Am,29,3,24,27,31,4,31,0.0217,4.11,False
elms,2025,Barcelona,LMP2 Pro/Am,77,4,23,26,31,5,31,0.0192,6.43,False
elms,2025,Barcelona,LMP2 Pro/Am,83,5,24,27,31,4,31,0.0217,4.11,False
elms,2025,Imola,LMP2,25,1,21,24,22,-2,28,0.0208,3.69,True
elms,2025,Imola,LMP2,9,2,21,24,22,-2,28,0.0208,3.69,True
elms,2025,Imola,LMP2,43,3,21,24,22,-2,28,0.0208,3.69,True
elms,2025,Imola,LMP2,48,4,21,24,22,-2,28,0.0208,3.69,True
elms,2025,Imola,LMP2,24,5,21,24,22,-2,28,0.02,4.89,True
elms,2025,Imola,LMP2 Pro/Am,20,1,21,24,28,4,28,0.0042,9.01,True
elms,2025,Imola,LMP2 Pro/Am,29,2,21,24,28,4,28,0.0042,9.01,True
elms,2025,Imola,LMP2 Pro/Am,83,3,21,24,28,4,28,0.0042,9.08,True
elms,2025,Imola,LMP2 Pro/Am,77,4,21,24,28,4,28,0.0042,9.08,True
elms,2025,Imola,LMP2 Pro/Am,99,5,21,24,28,4,28,0.0042,9.08,True
elms,2025,Paul Ricard,LMP2,10,1,6,9,25,16,25,0.0,72.65,False
elms,2025,Paul Ricard,LMP2,18,2,4,7,25,18,25,0.0008,89.22,False
elms,2025,Paul Ricard,LMP2,24,3,5,8,25,17,25,0.0,81.19,False
elms,2025,Paul Ricard,LMP2,25,4,8,11,25,14,25,0.0008,66.08,False
elms,2025,Paul Ricard,LMP2,30,5,5,8,25,17,25,0.0,81.19,False
elms,2025,Paul Ricard,LMP2 Pro/Am,21,2,21,24,25,1,25,0.02,3.01,True
elms,2025,Paul Ricard,LMP2 Pro/Am,27,3,18,21,25,4,25,0.0092,12.29,False
elms,2025,Paul Ricard,LMP2 Pro/Am,29,4,3,6,25,19,25,0.0017,72.33,False
elms,2025,Paul Ricard,LMP2 Pro/Am,77,5,5,8,25,17,25,0.0,58.98,False
elms,2025,Portimao,LMP2,18,1,18,21,28,7,28,0.0117,16.98,True
elms,2025,Portimao,LMP2,48,2,17,20,28,8,28,0.01,18.11,False
elms,2025,Portimao,LMP2,9,3,18,21,28,7,28,0.0117,16.98,True
elms,2025,Portimao,LMP2,28,4,17,20,28,8,28,0.01,18.11,False
elms,2025,Portimao,LMP2,43,5,18,21,28,7,28,0.0117,16.98,True
elms,2025,Portimao,LMP2 Pro/Am,29,1,17,20,28,8,28,0.0125,7.83,False
elms,2025,Portimao,LMP2 Pro/Am,27,2,5,8,28,20,28,0.0075,24.69,True
elms,2025,Portimao,LMP2 Pro/Am,99,3,17,20,28,8,28,0.0125,7.83,False
elms,2025,Portimao,LMP2 Pro/Am,21,4,17,20,27,7,28,0.015,6.31,False
elms,2025,Portimao,LMP2 Pro/Am,77,5,18,21,28,7,28,0.0175,6.93,True
elms,2025,Silverstone,LMP2,24,3,21,24,25,1,25,0.0175,1.36,True
elms,2025,Silverstone,LMP2,28,5,21,24,25,1,25,0.0175,1.36,True
elms,2025,Spa,LMP2,10,1,13,16,21,5,21,0.0142,5.07,False
elms,2025,Spa,LMP2,18,2,15,18,21,3,21,0.0133,2.9,False
elms,2025,Spa,LMP2,24,3,14,17,21,4,21,0.01,3.31,False
elms,2025,Spa,LMP2,30,4,14,17,21,4,21,0.01,3.31,False
elms,2025,Spa,LMP2,28,5,15,18,21,3,21,0.0133,2.9,False
elms,2025,Spa,LMP2 Pro/Am,20,1,14,17,17,0,22,0.0175,0.0,False
elms,2025,Spa,LMP2 Pro/Am,21,2,13,16,18,2,22,0.0225,1.79,False
elms,2025,Spa,LMP2 Pro/Am,29,3,9,12,15,3,22,0.025,3.48,False
elms,2025,Spa,LMP2 Pro/Am,99,4,14,17,17,0,22,0.0175,0.0,False
elms,2025,Spa,LMP2 Pro/Am,83,5,12,15,13,-2,22,0.0183,1.55,False
imsa,2021,Daytona,GTD,1,1,13,16,33,17,33,0.0,109.73,False
imsa,2021,Daytona,GTD,23,2,28,31,33,2,33,0.0075,12.92,False
imsa,2021,Daytona,GTD,16,3,27,30,33,3,33,0.0067,18.1,False
imsa,2021,Daytona,GTD,75,4,28,31,33,2,33,0.0075,12.92,False
imsa,2021,Daytona,GTD,57,5,27,30,33,3,33,0.0067,18.1,False
imsa,2021,Laguna Seca,GTD,1,1,34,37,46,9,46,0.0,10.54,False
imsa,2021,Laguna Seca,GTD,23,2,26,29,46,17,46,0.0,22.45,False
imsa,2021,Laguna Seca,GTD,16,3,30,33,46,13,46,0.0008,18.18,False
imsa,2021,Laguna Seca,GTD,9,4,31,34,46,12,46,0.0008,18.39,False
imsa,2021,Laguna Seca,GTD,96,5,26,29,46,17,46,0.0,22.45,False
imsa,2021,Lime Rock,GTD,1,1,43,46,52,6,55,0.0733,0.44,False
imsa,2021,Lime Rock,GTD,14,2,49,52,50,-2,55,0.0058,0.27,False
imsa,2021,Lime Rock,GTD,23,5,49,52,50,-2,55,0.0058,0.27,False
imsa,2021,Long Beach,GTD,1,1,23,26,29,3,49,0.01,0.82,False
imsa,2021,Long Beach,GTD,14,2,27,30,36,6,49,0.015,0.46,False
imsa,2021,Long Beach,GTD,16,3,25,28,44,16,49,0.015,0.77,False
imsa,2021,Long Beach,GTD,26,4,25,28,44,16,49,0.015,0.77,False
imsa,2021,Long Beach,GTD,23,5,24,27,48,21,49,0.0175,0.66,False
imsa,2021,Mid-Ohio,GTD,12,2,33,36,43,7,45,0.01,2.81,False
imsa,2021,Mid-Ohio,GTD,23,3,33,36,43,7,45,0.01,2.81,False
imsa,2021,Mid-Ohio,GTD,28,5,31,34,45,11,45,0.01,4.41,False
imsa,2021,Road America,GTD,16,1,8,11,29,18,29,0.0008,37.18,True
imsa,2021,Road America,GTD,23,2,11,14,29,15,29,0.005,29.41,True
imsa,2021,Road America,GTD,9,3,8,11,29,18,29,0.0008,37.18,True
imsa,2021,Road America,GTD,96,4,11,14,29,15,29,0.005,29.41,True
imsa,2021,Road America,GTD,12,5,18,21,29,8,29,0.0075,18.12,True
imsa,2021,Road Atlanta,GTD,23,1,23,26,24,-2,43,0.015,16.92,True
imsa,2021,Road Atlanta,GTD,9,2,23,26,24,-2,43,0.015,16.92,True
imsa,2021,Road Atlanta,GTD,28,3,23,26,24,-2,43,0.0267,17.48,True
imsa,2021,Road Atlanta,GTD,12,4,23,26,24,-2,43,0.0267,17.48,True
imsa,2021,Sebring,GTD,88,2,24,27,31,4,31,0.0008,17.75,False
imsa,2021,Sebring,GTD,9,3,26,29,31,2,31,0.0042,8.81,False
imsa,2021,Sebring,GTD,44,4,27,30,31,1,31,0.0083,3.76,False
imsa,2021,Sebring,GTD,23,5,26,29,31,2,31,0.0042,8.81,False
imsa,2021,VIR,GTD,1,1,29,32,32,0,32,0.8142,0.0,False
imsa,2021,VIR,GTD,14,2,29,32,32,0,32,0.8142,0.0,False
imsa,2021,VIR,GTD,16,3,27,30,32,2,32,0.0125,1.18,False
imsa,2021,VIR,GTD,23,4,27,30,32,2,32,0.0125,1.18,False
imsa,2021,VIR,GTD,19,5,24,27,32,5,32,0.0117,0.44,False
imsa,2021,Watkins Glen 240,GTD,14,2,28,31,31,0,31,0.9525,0.0,True
imsa,2021,Watkins Glen 240,GTD,28,3,27,30,28,-2,31,0.0133,0.06,True
imsa,2021,Watkins Glen 240,GTD,23,4,28,31,31,0,31,0.9525,0.0,True
imsa,2021,Watkins Glen 240,GTD,66,5,28,31,31,0,31,0.9525,0.0,True
imsa,2021,Watkins Glen 6 Hours,GTD,1,1,8,11,35,24,35,0.0008,26.96,False
imsa,2021,Watkins Glen 6 Hours,GTD,12,2,31,34,35,1,35,0.005,1.96,False
imsa,2021,Watkins Glen 6 Hours,GTD,23,5,30,33,35,2,35,0.0117,2.5,False
imsa,2022,Daytona,GTD,16,1,28,31,29,-2,33,0.0,76.67,True
imsa,2022,Daytona,GTD,21,2,27,30,28,-2,33,0.0,73.99,True
imsa,2022,Daytona,GTD,44,3,28,31,29,-2,33,0.0,76.67,True
imsa,2022,Daytona,GTD,32,4,28,31,29,-2,33,0.0,76.67,True
imsa,2022,Daytona,GTD,70,5,28,31,29,-2,33,0.0,81.37,True
imsa,2022,Daytona,GTDPRO,14,1,28,31,29,-2,33,0.0217,10.2,True
imsa,2022,Daytona,GTDPRO,2,2,28,31,29,-2,33,0.0217,10.2,True
imsa,2022,Daytona,GTDPRO,62,3,27,30,28,-2,33,0.0158,10.01,True
imsa,2022,Daytona,GTDPRO,9,4,28,31,29,-2,33,0.0217,10.2,True
imsa,2022,Daytona,GTDPRO,15,5,28,31,29,-2,33,0.0242,10.95,True
imsa,2022,Laguna Seca,GTD,1,1,24,27,46,19,46,0.0008,31.42,True
imsa,2022,Laguna Seca,GTD,16,3,24,27,46,19,46,0.0008,31.42,True
imsa,2022,Laguna Seca,GTD,27,4,24,27,46,19,46,0.0008,31.42,True
imsa,2022,Laguna Seca,GTD,32,5,24,27,46,19,46,0.0008,31.42,True
imsa,2022,Laguna Seca,GTDPRO,14,1,18,21,45,24,45,0.0,53.44,False
imsa,2022,Laguna Seca,GTDPRO,23,2,24,27,45,18,45,0.0008,30.41,True
imsa,2022,Laguna Seca,GTDPRO,25,3,24,27,45,18,45,0.0008,30.41,True
imsa,2022,Laguna Seca,GTDPRO,3,4,15,18,45,27,45,0.0,55.05,False
imsa,2022,Laguna Seca,GTDPRO,79,5,24,27,45,18,45,0.0008,29.68,True
imsa,2022,Lime Rock,GTD,1,1,43,46,70,24,70,0.0,34.22,False
imsa,2022,Lime Rock,GTD,12,2,49,52,70,18,70,0.0,22.29,False
imsa,2022,Lime Rock,GTD,16,3,48,51,70,19,70,0.0,26.98,False
imsa,2022,Lime Rock,GTD,27,4,49,52,70,18,70,0.0,22.29,False
imsa,2022,Lime Rock,GTD,32,5,49,52,70,18,70,0.0,22.29,False
imsa,2022,Lime Rock,GTDPRO,14,1,31,34,72,38,72,0.0,38.7,False
imsa,2022,Lime Rock,GTDPRO,23,2,34,37,72,35,72,0.0,35.01,False
imsa,2022,Lime Rock,GTDPRO,9,3,40,43,71,28,72,0.0,25.93,False
imsa,2022,Lime Rock,GTDPRO,3,4,31,34,72,38,72,0.0,37.13,False
imsa,2022,Lime Rock,GTDPRO,25,5,26,29,38,9,72,0.0033,1.98,False
imsa,2022,Long Beach,GTD,1,1,26,29,32,3,43,0.0158,2.39,False
imsa,2022,Long Beach,GTD,12,2,25,28,40,12,43,0.0108,1.02,False
imsa,2022,Long Beach,GTD,16,3,25,28,40,12,43,0.0108,1.02,False
imsa,2022,Long Beach,GTD,32,4,26,29,32,3,43,0.0158,2.39,False
imsa,2022,Long Beach,GTD,96,5,24,27,35,8,43,0.0092,1.19,False
imsa,2022,Long Beach,GTDPRO,14,1,27,30,29,-1,41,0.0158,2.55,False
imsa,2022,Long Beach,GTDPRO,23,2,27,30,29,-1,41,0.0158,2.55,False
imsa,2022,Long Beach,GTDPRO,3,4,27,30,29,-1,41,0.0158,2.55,False
imsa,2022,Long Beach,GTDPRO,79,5,25,28,40,12,41,0.0192,2.07,False
imsa,2022,Mid-Ohio,GTD,1,1,44,47,54,7,54,0.0158,1.15,False
imsa,2022,Mid-Ohio,GTD,12,2,19,22,53,31,54,0.0,23.73,False
imsa,2022,Mid-Ohio,GTD,16,3,30,33,54,21,54,0.0083,13.39,False
imsa,2022,Mid-Ohio,GTD,27,5,30,33,54,21,54,0.0083,13.39,False
imsa,2022,Mosport,GTD,1,1,10,13,49,36,49,0.0,24.57,True
imsa,2022,Mosport,GTD,27,2,10,13,49,36,49,0.0,24.57,True
imsa,2022,Mosport,GTD,57,3,10,13,49,36,49,0.0,24.57,True
imsa,2022,Mosport,GTD,51,4,10,13,49,36,49,0.0,24.57,True
imsa,2022,Mosport,GTD,96,5,10,13,49,36,49,0.0,24.57,True
imsa,2022,Mosport,GTDPRO,14,1,10,13,53,40,53,0.0,27.7,True
imsa,2022,Mosport,GTDPRO,23,2,10,13,53,40,53,0.0,27.7,True
imsa,2022,Mosport,GTDPRO,25,3,4,7,53,46,53,0.0,27.7,True
imsa,2022,Mosport,GTDPRO,3,4,10,13,53,40,53,0.0,27.7,True
imsa,2022,Mosport,GTDPRO,79,5,10,13,53,40,53,0.0,27.7,True
imsa,2022,Road America,GTD,1,1,14,17,15,-2,24,0.0242,1.8,True
imsa,2022,Road America,GTD,12,2,14,17,15,-2,24,0.0242,1.8,True
imsa,2022,Road America,GTD,16,3,14,17,15,-2,24,0.0242,1.8,True
imsa,2022,Road America,GTD,27,4,14,17,15,-2,24,0.0242,1.8,True
imsa,2022,Road America,GTD,39,5,14,17,15,-2,24,0.0242,1.8,True
imsa,2022,Road America,GTDPRO,14,1,14,17,15,-2,25,0.0208,3.03,True
imsa,2022,Road America,GTDPRO,23,2,14,17,15,-2,25,0.0208,3.03,True
imsa,2022,Road America,GTDPRO,3,3,14,17,15,-2,25,0.0208,3.03,True
imsa,2022,Road America,GTDPRO,9,4,14,17,15,-2,25,0.0208,3.03,True
imsa,2022,Road America,GTDPRO,25,5,4,7,5,-2,25,0.0183,2.62,False
imsa,2022,Road Atlanta,GTD,70,1,26,29,44,15,44,0.0,93.95,True
imsa,2022,Road Atlanta,GTD,66,2,26,29,44,15,44,0.0,93.95,True
imsa,2022,Road Atlanta,GTD,1,3,26,29,44,15,44,0.0,94.64,True
imsa,2022,Road Atlanta,GTD,16,4,26,29,44,15,44,0.0,94.64,True
imsa,2022,Road Atlanta,GTD,96,5,26,29,44,15,44,0.0,94.64,True
imsa,2022,Road Atlanta,GTDPRO,14,1,21,24,46,22,46,0.0,133.7,True
imsa,2022,Road Atlanta,GTDPRO,23,2,26,29,46,17,46,0.0,103.32,True
imsa,2022,Road Atlanta,GTDPRO,25,3,21,24,46,22,46,0.0,133.7,True
imsa,2022,Road Atlanta,GTDPRO,3,4,26,29,46,17,46,0.0,103.32,True
imsa,2022,Road Atlanta,GTDPRO,62,5,26,29,46,17,46,0.0,103.32,True
imsa,2022,Sebring,GTD,21,1,25,28,30,2,30,0.0008,12.92,False
imsa,2022,Sebring,GTD,96,2,24,27,30,3,30,0.0,21.89,False
imsa,2022,Sebring,GTD,47,4,24,27,30,3,30,0.0,21.89,False
imsa,2022,Sebring,GTD,70,5,4,7,30,23,30,0.0,158.36,False
imsa,2022,Sebring,GTDPRO,3,1,27,30,31,1,31,0.0067,9.05,False
imsa,2022,Sebring,GTDPRO,63,2,26,29,31,2,31,0.0042,20.37,False
imsa,2022,Sebring,GTDPRO,24,3,26,29,31,2,31,0.0067,16.62,False
imsa,2022,Sebring,GTDPRO,97,4,24,27,31,4,31,0.0,27.92,False
imsa,2022,Sebring,GTDPRO,79,5,24,27,31,4,31,0.0,27.92,False
imsa,2022,VIR,GTD,1,1,27,30,34,4,34,0.0017,4.07,False
imsa,2022,VIR,GTD,12,2,26,29,34,5,34,0.0,4.31,False
imsa,2022,VIR,GTD,16,3,23,26,34,8,34,0.0,6.86,False
imsa,2022,VIR,GTD,27,4,24,27,34,7,34,0.0008,5.98,False
imsa,2022,VIR,GTD,32,5,24,27,34,7,34,0.0008,5.98,False
imsa,2022,VIR,GTDPRO,14,1,25,28,32,4,32,0.0017,3.37,False
imsa,2022,VIR,GTDPRO,23,2,26,29,32,3,32,0.0008,2.81,False
imsa,2022,VIR,GTDPRO,25,3,29,32,32,0,32,0.9875,0.0,False
imsa,2022,VIR,GTDPRO,3,4,24,27,32,5,32,0.0008,4.95,False
imsa,2022,VIR,GTDPRO,9,5,27,30,32,2,32,0.0058,1.3,False
imsa,2022,Watkins Glen,GTD,27,1,17,20,35,15,35,0.0,29.51,False
imsa,2022,Watkins Glen,GTD,57,2,20,23,35,12,35,0.0,23.87,True
imsa,2022,Watkins Glen,GTD,42,3,20,23,35,12,35,0.0,21.91,True
imsa,2022,Watkins Glen,GTD,12,4,20,23,35,12,35,0.0,21.91,True
imsa,2022,Watkins Glen,GTD,70,5,19,22,35,13,35,0.0,26.07,True
imsa,2022,Watkins Glen,GTDPRO,25,1,20,23,37,14,37,0.0017,25.76,True
imsa,2022,Watkins Glen,GTDPRO,14,2,20,23,37,14,37,0.0033,22.2,True
imsa,2022,Watkins Glen,GTDPRO,3,4,20,23,37,14,37,0.0033,22.2,True
imsa,2022,Watkins Glen,GTDPRO,62,5,20,23,37,14,37,0.0033,22.2,True
imsa,2023,Daytona,GTD,27,1,28,31,29,-2,33,0.0283,11.72,False
imsa,2023,Daytona,GTD,66,2,27,30,28,-2,33,0.0142,11.79,False
imsa,2023,Daytona,GTD,44,3,28,31,29,-2,33,0.0283,11.72,False
imsa,2023,Daytona,GTD,70,4,21,24,22,-2,33,0.0242,9.45,False
imsa,2023,Daytona,GTD,12,5,28,31,29,-2,33,0.0208,13.67,False
imsa,2023,Daytona,GTDPRO,14,1,29,32,34,2,34,0.0058,9.7,False
imsa,2023,Daytona,GTDPRO,3,2,28,31,34,3,34,0.0,18.18,False
imsa,2023,Daytona,GTDPRO,79,3,27,30,34,4,34,0.0,23.13,False
imsa,2023,Daytona,GTDPRO,9,4,29,32,34,2,34,0.0042,10.92,False
imsa,2023,Daytona,GTDPRO,63,5,26,29,34,5,34,0.0,28.5,False
imsa,2023,Daytona,GTP,01,1,28,31,32,1,32,0.0042,15.46,False
imsa,2023,Daytona,GTP,02,2,27,30,32,2,32,0.0,25.75,False
imsa,2023,Daytona,GTP,10,3,28,31,32,1,32,0.0042,15.46,False
imsa,2023,Daytona,GTP,60,4,29,32,32,0,32,0.9967,0.0,False
imsa,2023,Daytona,GTP,31,5,28,31,32,1,32,0.0025,15.24,False
imsa,2023,Indianapolis,GTD,1,1,29,32,44,12,44,0.0025,9.07,True
imsa,2023,Indianapolis,GTD,32,2,22,25,42,17,44,0.0,13.66,False
imsa,2023,Indianapolis,GTD,27,3,23,26,44,18,44,0.0008,12.93,True
imsa,2023,Indianapolis,GTD,77,4,29,32,44,12,44,0.0025,9.07,True
imsa,2023,Indianapolis,GTD,57,5,29,32,44,12,44,0.0025,9.07,True
imsa,2023,Indianapolis,GTDPRO,14,1,29,32,45,13,45,0.0067,11.15,True
imsa,2023,Indianapolis,GTDPRO,23,2,23,26,45,19,45,0.0008,16.61,True
imsa,2023,Indianapolis,GTDPRO,3,3,29,32,45,13,45,0.0067,11.15,True
imsa,2023,Indianapolis,GTDPRO,79,4,23,26,45,19,45,0.0008,16.61,True
imsa,2023,Indianapolis,GTDPRO,9,5,3,6,45,39,45,0.0,60.86,False
imsa,2023,Indianapolis,GTP,10,2,25,28,47,19,47,0.005,15.14,True
imsa,2023,Indianapolis,GTP,25,3,30,33,39,6,47,0.0058,11.64,True
imsa,2023,Indianapolis,GTP,31,4,30,33,39,6,47,0.0058,11.64,True
imsa,2023,Indianapolis,GTP,5,5,30,33,39,6,47,0.0058,11.77,True
imsa,2023,Laguna Seca,GTD,1,1,14,17,41,24,41,0.0,67.84,True
imsa,2023,Laguna Seca,GTD,27,2,14,17,41,24,41,0.0,67.84,True
imsa,2023,Laguna Seca,GTD,44,4,14,17,41,24,41,0.0,67.84,True
imsa,2023,Laguna Seca,GTD,91,5,30,33,41,8,41,0.0,17.27,False
imsa,2023,Laguna Seca,GTDPRO,14,1,14,17,37,20,37,0.0,76.23,True
imsa,2023,Laguna Seca,GTDPRO,9,2,14,17,37,20,37,0.0,76.23,True
imsa,2023,Laguna Seca,GTDPRO,79,3,14,17,37,20,37,0.0,76.23,True
imsa,2023,Laguna Seca,GTDPRO,3,4,14,17,37,20,37,0.0,66.65,True
imsa,2023,Laguna Seca,GTDPRO,23,5,14,17,37,20,37,0.0,66.65,True
imsa,2023,Laguna Seca,GTP,01,1,13,16,41,25,42,0.0008,22.09,True
imsa,2023,Laguna Seca,GTP,10,2,13,16,41,25,42,0.0008,22.09,True
imsa,2023,Laguna Seca,GTP,24,3,13,16,41,25,42,0.0008,22.09,True
imsa,2023,Laguna Seca,GTP,25,4,13,16,41,25,42,0.0008,22.09,True
imsa,2023,Laguna Seca,GTP,31,5,13,16,41,25,42,0.0008,22.09,True
imsa,2023,Lime Rock,GTD,1,1,44,47,70,23,70,0.0,28.93,True
imsa,2023,Lime Rock,GTD,27,2,44,47,70,23,70,0.0,28.93,True
imsa,2023,Lime Rock,GTD,32,3,44,47,70,23,70,0.0,28.93,True
imsa,2023,Lime Rock,GTD,66,4,44,47,70,23,70,0.0,28.93,True
imsa,2023,Lime Rock,GTD,57,5,44,47,70,23,70,0.0,28.93,True
imsa,2023,Lime Rock,GTDPRO,14,1,28,31,76,45,76,0.0,55.23,False
imsa,2023,Lime Rock,GTDPRO,23,2,30,33,76,43,76,0.0,52.19,False
imsa,2023,Lime Rock,GTDPRO,3,3,31,34,76,42,76,0.0,51.94,False
imsa,2023,Lime Rock,GTDPRO,79,4,24,27,76,49,76,0.0,66.81,False
imsa,2023,Lime Rock,GTDPRO,9,5,43,46,76,30,76,0.0,29.71,True
imsa,2023,Long Beach,GTD,1,1,23,26,30,4,50,0.0075,1.22,False
imsa,2023,Long Beach,GTD,12,2,22,25,50,25,50,0.0092,1.49,False
imsa,2023,Long Beach,GTD,27,3,22,25,50,25,50,0.0092,1.49,False
imsa,2023,Long Beach,GTD,32,4,22,25,29,4,50,0.0075,1.23,False
imsa,2023,Long Beach,GTD,57,5,23,26,47,21,50,0.0167,3.49,False
imsa,2023,Long Beach,GTDPRO,14,1,27,30,38,8,50,0.0042,1.08,False
imsa,2023,Long Beach,GTDPRO,23,2,23,26,35,9,50,0.0067,1.94,False
imsa,2023,Long Beach,GTDPRO,3,3,25,28,38,10,50,0.0058,1.01,False
imsa,2023,Long Beach,GTDPRO,9,4,26,29,38,9,50,0.005,1.58,False
imsa,2023,Long Beach,GTDPRO,79,5,21,24,37,13,50,0.0033,3.41,False
imsa,2023,Long Beach,GTP,24,1,33,36,44,8,47,0.0233,1.43,False
imsa,2023,Long Beach,GTP,25,2,31,34,43,9,47,0.0142,0.23,False
imsa,2023,Long Beach,GTP,31,3,4,7,36,29,47,0.0158,7.27,False
imsa,2023,Long Beach,GTP,7,4,32,35,39,4,47,0.0233,0.32,False
imsa,2023,Long Beach,GTP,6,5,30,33,34,1,47,0.02,0.7,False
imsa,2023,Mosport,GTD,1,1,33,36,44,8,48,0.0092,2.97,False
imsa,2023,Mosport,GTD,27,2,27,30,48,18,48,0.0042,4.67,False
imsa,2023,Mosport,GTD,32,3,39,42,48,6,48,0.01,1.22,False
imsa,2023,Mosport,GTD,70,4,34,37,48,11,48,0.0117,3.3,False
imsa,2023,Mosport,GTD,57,5,35,38,48,10,48,0.0075,2.5,False
imsa,2023,Mosport,GTDPRO,3,1,23,26,30,4,47,0.0142,1.34,False
imsa,2023,Mosport,GTDPRO,9,2,42,45,47,2,47,0.0217,1.4,False
imsa,2023,Mosport,GTDPRO,79,3,24,27,31,4,47,0.0075,2.62,False
imsa,2023,Mosport,GTDPRO,14,4,25,28,44,16,47,0.0092,1.94,False
imsa,2023,Mosport,GTDPRO,23,5,25,28,46,18,47,0.0317,0.71,False
imsa,2023,Mosport,GTP,10,1,43,46,51,5,51,0.0225,0.4,False
imsa,2023,Mosport,GTP,5,2,40,43,50,7,51,0.0125,3.88,False
imsa,2023,Mosport,GTP,24,3,45,48,51,3,51,0.0142,0.61,False
imsa,2023,Mosport,GTP,25,4,13,16,51,35,51,0.0083,8.43,False
imsa,2023,Mosport,GTP,31,5,47,50,51,1,51,0.0142,1.34,False
imsa,2023,Road America,GTD,1,1,17,20,29,9,29,0.0092,5.9,False
imsa,2023,Road America,GTD,12,2,18,21,29,8,29,0.0025,4.22,False
imsa,2023,Road America,GTD,27,3,13,16,29,13,29,0.005,13.61,False
imsa,2023,Road America,GTD,32,4,19,22,29,7,29,0.0058,3.76,False
imsa,2023,Road America,GTD,66,5,16,19,29,10,29,0.0092,5.12,False
imsa,2023,Road America,GTDPRO,23,1,12,15,29,14,29,0.0058,12.43,False
imsa,2023,Road America,GTDPRO,14,2,26,29,29,0,29,0.9725,0.0,False
imsa,2023,Road America,GTDPRO,3,3,18,21,29,8,29,0.0025,5.89,False
imsa,2023,Road America,GTDPRO,79,4,10,13,28,15,29,0.0033,13.15,False
imsa,2023,Road America,GTDPRO,9,5,17,20,29,9,29,0.0092,6.26,False
imsa,2023,Road America,GTP,01,1,26,29,27,-2,30,0.0175,1.05,False
imsa,2023,Road America,GTP,10,2,26,29,27,-2,30,0.0175,1.05,False
imsa,2023,Road America,GTP,5,3,25,28,26,-2,30,0.0175,0.52,False
imsa,2023,Road America,GTP,6,5,13,16,14,-2,30,0.0192,0.53,False
imsa,2023,Road Atlanta,GTD,023,1,13,16,41,25,43,0.0042,18.82,True
imsa,2023,Road Atlanta,GTD,27,3,13,16,41,25,43,0.0042,18.84,True
imsa,2023,Road Atlanta,GTD,96,4,13,16,41,25,43,0.0042,18.82,True
imsa,2023,Road Atlanta,GTD,80,5,13,16,41,25,43,0.0042,18.82,True
imsa,2023,Road Atlanta,GTDPRO,61,2,7,10,46,36,46,0.0,215.15,False
imsa,2023,Road Atlanta,GTDPRO,79,3,13,16,46,30,46,0.0,177.09,True
imsa,2023,Road Atlanta,GTDPRO,9,5,13,16,46,30,46,0.0,177.09,True
imsa,2023,Road Atlanta,GTP,24,2,5,8,46,38,46,0.0,272.02,False
imsa,2023,Road Atlanta,GTP,59,3,12,15,46,31,46,0.0,211.82,True
imsa,2023,Road Atlanta,GTP,25,4,12,15,46,31,46,0.0,211.82,True
imsa,2023,Road Atlanta,GTP,31,5,12,15,46,31,46,0.0,211.82,True
imsa,2023,Sebring,GTD,1,1,26,29,32,3,32,0.0,15.9,True
imsa,2023,Sebring,GTD,16,3,10,13,32,19,32,0.0,101.11,False
imsa,2023,Sebring,GTD,44,4,25,28,32,4,32,0.0,14.93,True
imsa,2023,Sebring,GTD,91,5,25,28,32,4,32,0.0,14.93,True
imsa,2023,Sebring,GTDPRO,14,1,27,30,32,2,32,0.0075,3.45,True
imsa,2023,Sebring,GTDPRO,3,2,28,31,32,1,32,0.01,2.55,True
imsa,2023,Sebring,GTDPRO,63,4,26,29,30,1,32,0.005,1.87,True
imsa,2023,Sebring,GTDPRO,9,5,10,13,31,18,32,0.0008,42.45,False
imsa,2023,Sebring,GTP,25,1,27,30,30,0,30,0.9567,0.0,False
imsa,2023,Sebring,GTP,31,2,26,29,30,1,30,0.0083,2.54,False
imsa,2023,Sebring,GTP,6,3,27,30,30,0,30,0.9633,0.0,False
imsa,2023,Sebring,GTP,10,4,27,30,30,0,30,0.9633,0.0,False
imsa,2023,VIR,GTD,1,1,19,22,35,13,35,0.0,8.89,False
imsa,2023,VIR,GTD,12,2,21,24,34,10,35,0.0,6.33,False
imsa,2023,VIR,GTD,27,3,20,23,35,12,35,0.0,8.27,False
imsa,2023,VIR,GTD,32,4,20,23,35,12,35,0.0,8.27,False
imsa,2023,VIR,GTD,57,5,19,22,35,13,35,0.0,8.89,False
imsa,2023,VIR,GTDPRO,14,1,24,27,36,9,36,0.0075,4.82,False
imsa,2023,VIR,GTDPRO,23,2,22,25,36,11,36,0.0033,8.64,False
imsa,2023,VIR,GTDPRO,3,3,23,26,33,7,36,0.005,0.28,False
imsa,2023,VIR,GTDPRO,9,4,20,23,36,13,36,0.0058,2.27,False
imsa,2023,VIR,GTDPRO,79,5,24,27,36,9,36,0.0075,3.1,False
imsa,2023,Watkins Glen,GTD,023,1,3,6,37,31,37,0.0,124.0,False
imsa,2023,Watkins Glen,GTD,1,2,14,17,37,20,37,0.0,68.76,True
imsa,2023,Watkins Glen,GTD,12,3,14,17,37,20,37,0.0,68.76,True
imsa,2023,Watkins Glen,GTD,16,4,13,16,37,21,37,0.0,77.74,True
imsa,2023,Watkins Glen,GTD,27,5,18,21,37,16,37,0.0,54.49,True
imsa,2023,Watkins Glen,GTDPRO,14,1,14,17,37,20,37,0.0,46.47,True
imsa,2023,Watkins Glen,GTDPRO,23,2,18,21,37,16,37,0.0008,38.69,True
imsa,2023,Watkins Glen,GTDPRO,3,3,18,21,37,16,37,0.0008,38.69,True
imsa,2023,Watkins Glen,GTDPRO,62,4,18,21,37,16,37,0.0008,38.69,True
imsa,2023,Watkins Glen,GTDPRO,79,5,18,21,37,16,37,0.0008,38.69,True
imsa,2023,Watkins Glen,GTP,31,1,18,21,34,13,35,0.01,2.0,True
imsa,2023,Watkins Glen,GTP,25,2,18,21,34,13,35,0.01,2.0,True
imsa,2023,Watkins Glen,GTP,60,3,18,21,34,13,35,0.01,2.0,True
imsa,2023,Watkins Glen,GTP,6,4,18,21,34,13,35,0.01,2.0,True
imsa,2023,Watkins Glen,GTP,5,5,18,21,23,2,35,0.0058,4.83,True
imsa,2024,Daytona,GTD,21,1,18,21,34,13,34,0.0058,21.1,True
imsa,2024,Daytona,GTD,57,2,17,20,34,14,34,0.0075,22.25,True
imsa,2024,Daytona,GTD,023,3,17,20,34,14,34,0.0058,21.88,True
imsa,2024,Daytona,GTD,83,4,17,20,34,14,34,0.0058,21.88,True
imsa,2024,Daytona,GTD,34,5,17,20,34,14,34,0.0058,21.88,True
imsa,2024,Daytona,GTDPRO,62,1,17,20,35,15,35,0.0,279.33,True
imsa,2024,Daytona,GTDPRO,77,2,17,20,35,15,35,0.0,263.56,True
imsa,2024,Daytona,GTDPRO,1,3,17,20,35,15,35,0.0,275.76,True
imsa,2024,Daytona,GTDPRO,23,4,17,20,35,15,35,0.0,275.71,True
imsa,2024,Daytona,GTDPRO,3,5,17,20,35,15,35,0.0,261.88,True
imsa,2024,Daytona,GTP,31,1,17,20,33,13,33,0.0,269.36,True
imsa,2024,Daytona,GTP,40,2,17,20,33,13,33,0.0,269.36,True
imsa,2024,Daytona,GTP,7,3,17,20,33,13,33,0.0,269.36,True
imsa,2024,Daytona,GTP,5,4,17,20,33,13,33,0.0,269.36,True
imsa,2024,Daytona,GTP,6,5,17,20,33,13,33,0.0,269.36,True
imsa,2024,Detroit,GTDPRO,1,1,13,16,39,23,56,0.0,12.09,False
imsa,2024,Detroit,GTDPRO,14,2,18,21,37,16,56,0.0008,7.07,False
imsa,2024,Detroit,GTDPRO,15,3,6,9,40,31,56,0.0,21.48,False
imsa,2024,Detroit,GTDPRO,23,4,17,20,40,20,56,0.0008,9.11,False
imsa,2024,Detroit,GTDPRO,77,5,17,20,40,20,56,0.0008,9.11,False
imsa,2024,Detroit,GTP,01,1,22,25,41,16,50,0.0017,6.89,False
imsa,2024,Detroit,GTP,10,2,23,26,40,14,50,0.0033,7.55,False
imsa,2024,Detroit,GTP,24,3,5,8,38,30,50,0.0008,26.03,False
imsa,2024,Detroit,GTP,31,4,6,9,41,32,50,0.0,26.17,False
imsa,2024,Detroit,GTP,40,5,25,28,37,9,50,0.0025,3.8,False
imsa,2024,Indianapolis,GTD,13,1,12,15,45,30,45,0.0,45.77,True
imsa,2024,Indianapolis,GTD,120,2,12,15,45,30,45,0.0,45.77,True
imsa,2024,Indianapolis,GTD,32,3,13,16,45,29,45,0.0,42.85,True
imsa,2024,Indianapolis,GTD,96,4,12,15,45,30,45,0.0,45.77,True
imsa,2024,Indianapolis,GTD,47,5,13,16,45,29,45,0.0,42.85,True
imsa,2024,Indianapolis,GTDPRO,027,1,13,16,49,33,49,0.0,71.51,True
imsa,2024,Indianapolis,GTDPRO,1,2,14,17,49,32,49,0.0,70.41,True
imsa,2024,Indianapolis,GTDPRO,14,3,26,29,49,20,49,0.0,41.07,True
imsa,2024,Indianapolis,GTDPRO,23,4,14,17,49,32,49,0.0,70.41,True
imsa,2024,Indianapolis,GTDPRO,3,5,12,15,49,34,49,0.0,72.06,True
imsa,2024,Indianapolis,GTP,10,1,12,15,50,35,50,0.0008,179.06,True
imsa,2024,Indianapolis,GTP,24,2,12,15,50,35,50,0.0008,179.06,True
imsa,2024,Indianapolis,GTP,25,3,12,15,50,35,50,0.0008,179.06,True
imsa,2024,Indianapolis,GTP,85,4,12,15,50,35,50,0.0008,179.06,True
imsa,2024,Indianapolis,GTP,40,5,12,15,50,35,50,0.0008,179.06,True
imsa,2024,Laguna Seca,GTD,120,1,32,35,47,12,47,0.0008,9.99,True
imsa,2024,Laguna Seca,GTD,557,2,32,35,47,12,47,0.0008,9.99,True
imsa,2024,Laguna Seca,GTD,57,3,31,34,47,13,47,0.0,9.68,False
imsa,2024,Laguna Seca,GTD,45,4,37,40,47,7,47,0.0017,3.29,True
imsa,2024,Laguna Seca,GTD,55,5,32,35,47,12,47,0.0008,8.62,True
imsa,2024,Laguna Seca,GTDPRO,14,1,31,34,49,15,49,0.0,8.76,False
imsa,2024,Laguna Seca,GTDPRO,9,2,33,36,49,13,49,0.0025,6.64,True
imsa,2024,Laguna Seca,GTDPRO,23,3,18,21,46,25,49,0.0,17.96,False
imsa,2024,Laguna Seca,GTDPRO,3,4,37,40,49,9,49,0.0058,3.57,True
imsa,2024,Laguna Seca,GTDPRO,4,5,30,33,47,14,49,0.0,7.38,False
imsa,2024,Laguna Seca,GTP,01,1,39,42,46,4,46,0.01,1.63,True
imsa,2024,Laguna Seca,GTP,10,2,22,25,46,21,46,0.0,17.87,False
imsa,2024,Laguna Seca,GTP,25,3,20,23,44,21,46,0.0,20.88,False
imsa,2024,Laguna Seca,GTP,31,4,22,25,46,21,46,0.0,17.87,False
imsa,2024,Laguna Seca,GTP,40,5,39,42,46,4,46,0.01,1.63,True
imsa,2024,Long Beach,GTD,13,1,23,26,33,7,42,0.015,0.53,False
imsa,2024,Long Beach,GTD,96,2,22,25,28,3,42,0.0225,1.09,False
imsa,2024,Long Beach,GTD,28,3,23,26,33,7,42,0.015,0.53,False
imsa,2024,Long Beach,GTD,34,4,22,25,28,3,42,0.0225,1.09,False
imsa,2024,Long Beach,GTD,32,5,25,28,26,-2,42,0.0175,2.12,False
imsa,2024,Long Beach,GTP,01,1,25,28,31,3,45,0.0225,2.04,False
imsa,2024,Long Beach,GTP,10,2,22,25,23,-2,45,0.025,0.91,False
imsa,2024,Long Beach,GTP,24,3,24,27,27,0,45,0.0175,0.0,False
imsa,2024,Long Beach,GTP,31,4,24,27,27,0,45,0.0175,0.0,False
imsa,2024,Long Beach,GTP,6,5,21,24,22,-2,45,0.0208,0.72,False
imsa,2024,Mosport,GTD,27,1,16,19,49,30,49,0.0,24.86,True
imsa,2024,Mosport,GTD,70,2,32,35,49,14,49,0.0017,13.08,False
imsa,2024,Mosport,GTD,96,3,16,19,49,30,49,0.0,24.86,True
imsa,2024,Mosport,GTD,57,4,16,19,49,30,49,0.0,24.86,True
imsa,2024,Mosport,GTD,12,5,16,19,47,28,49,0.0008,22.79,True
imsa,2024,Mosport,GTDPRO,4,1,16,19,49,30,50,0.0033,24.49,True
imsa,2024,Mosport,GTDPRO,77,2,16,19,49,30,50,0.0033,24.49,True
imsa,2024,Mosport,GTDPRO,3,3,16,19,49,30,50,0.0033,24.49,True
imsa,2024,Mosport,GTDPRO,64,4,16,19,49,30,50,0.0033,24.49,True
imsa,2024,Mosport,GTDPRO,65,5,21,24,47,23,50,0.0025,16.22,True
imsa,2024,Road America,GTD,12,1,8,11,18,7,29,0.0125,3.99,True
imsa,2024,Road America,GTD,27,2,8,11,18,7,29,0.0125,3.99,True
imsa,2024,Road America,GTD,13,3,14,17,20,3,29,0.0158,0.97,False
imsa,2024,Road America,GTD,32,4,8,11,18,7,29,0.0125,3.99,True
imsa,2024,Road America,GTDPRO,1,1,8,11,9,-2,29,0.0192,2.39,True
imsa,2024,Road America,GTDPRO,23,2,8,11,9,-2,29,0.0192,2.39,True
imsa,2024,Road America,GTDPRO,35,3,25,28,26,-2,29,0.0167,2.01,True
imsa,2024,Road America,GTDPRO,14,4,8,11,9,-2,29,0.0183,2.35,True
imsa,2024,Road America,GTDPRO,3,5,9,12,10,-2,29,0.0225,1.66,True
imsa,2024,Road America,GTP,10,1,26,29,30,1,31,0.0167,0.75,False
imsa,2024,Road America,GTP,24,2,19,22,20,-2,31,0.0225,3.32,False
imsa,2024,Road America,GTP,7,3,7,10,8,-2,31,0.0192,4.18,True
imsa,2024,Road America,GTP,31,4,7,10,8,-2,31,0.0192,4.18,True
imsa,2024,Road America,GTP,40,5,7,10,8,-2,31,0.0192,4.18,True
imsa,2024,Road Atlanta,GTD,34,1,16,19,46,27,46,0.0,218.4,True
imsa,2024,Road Atlanta,GTD,78,2,16,19,46,27,46,0.0,218.4,True
imsa,2024,Road Atlanta,GTD,023,3,16,19,46,27,46,0.0,211.16,True
imsa,2024,Road Atlanta,GTD,57,4,16,19,46,27,46,0.0,211.16,True
imsa,2024,Road Atlanta,GTD,12,5,16,19,46,27,46,0.0,211.16,True
imsa,2024,Road Atlanta,GTDPRO,027,1,16,19,50,31,50,0.0033,35.94,True
imsa,2024,Road Atlanta,GTDPRO,23,2,16,19,50,31,50,0.0033,35.94,True
imsa,2024,Road Atlanta,GTDPRO,19,3,16,19,50,31,50,0.0033,35.94,True
imsa,2024,Road Atlanta,GTDPRO,62,4,40,43,50,7,50,0.0058,6.67,False
imsa,2024,Road Atlanta,GTDPRO,3,5,16,19,50,31,50,0.0033,35.94,True
imsa,2024,Road Atlanta,GTP,01,1,13,16,47,31,47,0.0,132.05,True
imsa,2024,Road Atlanta,GTP,6,2,16,19,47,28,47,0.0,113.78,True
imsa,2024,Road Atlanta,GTP,7,3,16,19,47,28,47,0.0,113.78,True
imsa,2024,Road Atlanta,GTP,31,4,16,19,47,28,47,0.0,113.8,True
imsa,2024,Road Atlanta,GTP,24,5,18,21,47,26,47,0.0,106.15,True
imsa,2024,Sebring,GTD,12,1,20,23,32,9,32,0.0,31.19,True
imsa,2024,Sebring,GTD,13,3,5,8,32,24,32,0.0,103.54,False
imsa,2024,Sebring,GTD,43,4,20,23,32,9,32,0.0,31.19,True
imsa,2024,Sebring,GTD,34,5,20,23,32,9,32,0.0,31.19,True
imsa,2024,Sebring,GTDPRO,1,1,20,23,21,-2,33,0.0158,3.75,True
imsa,2024,Sebring,GTDPRO,14,2,20,23,21,-2,33,0.0158,3.75,True
imsa,2024,Sebring,GTDPRO,19,3,20,23,21,-2,33,0.0158,3.75,True
imsa,2024,Sebring,GTDPRO,23,4,20,23,21,-2,33,0.0158,3.75,True
imsa,2024,Sebring,GTDPRO,62,5,20,23,21,-2,33,0.0158,3.75,True
imsa,2024,Sebring,GTP,01,1,20,23,32,9,32,0.0008,35.27,True
imsa,2024,Sebring,GTP,10,2,20,23,32,9,32,0.0008,35.27,True
imsa,2024,Sebring,GTP,24,3,6,9,31,22,32,0.0,82.76,False
imsa,2024,Sebring,GTP,25,4,20,23,32,9,32,0.0008,35.27,True
imsa,2024,Sebring,GTP,40,5,20,23,32,9,32,0.0008,35.27,True
imsa,2024,VIR,GTD,12,1,24,27,32,5,32,0.0008,11.14,False
imsa,2024,VIR,GTD,120,2,22,25,32,7,32,0.0,15.12,False
imsa,2024,VIR,GTD,13,3,23,26,32,6,32,0.0,12.41,False
imsa,2024,VIR,GTD,27,4,23,26,32,6,32,0.0,12.41,False
imsa,2024,VIR,GTD,32,5,23,26,32,6,32,0.0,12.41,False
imsa,2024,VIR,GTDPRO,14,2,20,23,32,9,32,0.0,16.04,False
imsa,2024,VIR,GTDPRO,23,3,19,22,32,10,32,0.0,21.99,False
imsa,2024,VIR,GTDPRO,4,4,29,32,32,0,32,0.9908,0.0,False
imsa,2024,VIR,GTDPRO,64,5,27,30,32,2,32,0.0092,2.76,False
imsa,2024,Watkins Glen,GTD,023,1,13,16,35,19,35,0.0,35.98,True
imsa,2024,Watkins Glen,GTD,12,2,18,21,35,14,35,0.0,25.85,True
imsa,2024,Watkins Glen,GTD,120,3,18,21,35,14,35,0.0,26.13,True
imsa,2024,Watkins Glen,GTD,13,4,18,21,35,14,35,0.0,26.13,True
imsa,2024,Watkins Glen,GTD,21,5,18,21,35,14,35,0.0,26.13,True
imsa,2024,Watkins Glen,GTDPRO,1,1,18,21,33,12,33,0.0033,27.6,True
imsa,2024,Watkins Glen,GTDPRO,14,2,18,21,33,12,33,0.0033,27.6,True
imsa,2024,Watkins Glen,GTDPRO,23,3,18,21,33,12,33,0.0033,27.6,True
imsa,2024,Watkins Glen,GTDPRO,9,4,18,21,33,12,33,0.0033,27.6,True
imsa,2024,Watkins Glen,GTDPRO,3,5,18,21,33,12,33,0.0033,27.6,True
imsa,2024,Watkins Glen,GTP,01,1,18,21,33,12,33,0.0067,20.97,True
imsa,2024,Watkins Glen,GTP,24,2,18,21,33,12,33,0.0067,20.97,True
imsa,2024,Watkins Glen,GTP,7,4,18,21,33,12,33,0.0067,20.97,True
imsa,2024,Watkins Glen,GTP,40,5,18,21,33,12,33,0.0067,20.97,True
imsa,2025,Daytona,GTD,13,1,28,31,33,2,33,0.0,51.02,False
imsa,2025,Daytona,GTD,120,2,28,31,33,2,33,0.0,51.02,False
imsa,2025,Daytona,GTD,19,3,28,31,33,2,33,0.0,51.02,False
imsa,2025,Daytona,GTD,57,4,29,32,33,1,33,0.0058,24.81,False
imsa,2025,Daytona,GTD,32,5,26,29,33,4,33,0.0,101.91,False
imsa,2025,Daytona,GTDPRO,1,1,29,32,34,2,34,0.0,45.46,False
imsa,2025,Daytona,GTDPRO,4,2,28,31,34,3,34,0.0,74.91,False
imsa,2025,Daytona,GTDPRO,3,3,29,32,34,2,34,0.0,45.46,False
imsa,2025,Daytona,GTDPRO,81,4,27,30,34,4,34,0.0,103.44,False
imsa,2025,Daytona,GTDPRO,69,5,29,32,34,2,34,0.0,45.46,False
imsa,2025,Daytona,GTP,6,1,26,29,33,4,33,0.0,91.31,False
imsa,2025,Daytona,GTP,7,2,27,30,33,3,33,0.0,71.95,False
imsa,2025,Daytona,GTP,60,3,28,31,33,2,33,0.0,46.64,False
imsa,2025,Daytona,GTP,10,4,26,29,33,4,33,0.0,96.58,False
imsa,2025,Daytona,GTP,24,5,27,30,33,3,33,0.0,74.78,False
imsa,2025,Detroit,GTDPRO,14,1,5,8,6,-2,58,0.0025,2.2,False
imsa,2025,Detroit,GTDPRO,3,3,21,24,22,-2,58,0.0067,0.87,False
imsa,2025,Detroit,GTDPRO,9,4,19,22,20,-2,58,0.0033,1.13,False
imsa,2025,Detroit,GTDPRO,77,5,16,19,17,-2,58,0.0025,1.15,False
imsa,2025,Detroit,GTP,10,1,37,40,54,14,61,0.0292,0.15,False
imsa,2025,Detroit,GTP,23,2,18,21,45,24,61,0.0092,1.29,False
imsa,2025,Detroit,GTP,24,3,28,31,44,13,61,0.0158,0.83,False
imsa,2025,Detroit,GTP,25,4,24,27,61,34,61,0.0117,0.59,False
imsa,2025,Detroit,GTP,40,5,28,31,44,13,61,0.0158,0.83,False
imsa,2025,Indianapolis,GTD,021,1,7,10,47,37,47,0.0,155.54,True
imsa,2025,Indianapolis,GTD,023,2,3,6,47,41,47,0.0,184.15,True
imsa,2025,Indianapolis,GTD,12,3,7,10,47,37,47,0.0,155.54,True
imsa,2025,Indianapolis,GTD,120,4,7,10,47,37,47,0.0,155.54,True
imsa,2025,Indianapolis,GTD,13,5,7,10,47,37,47,0.0,155.54,True
imsa,2025,Indianapolis,GTDPRO,1,1,7,10,49,39,49,0.0,138.11,True
imsa,2025,Indianapolis,GTDPRO,14,2,7,10,49,39,49,0.0,138.11,True
imsa,2025,Indianapolis,GTDPRO,3,3,7,10,49,39,49,0.0,138.11,True
imsa,2025,Indianapolis,GTDPRO,4,4,7,10,49,39,49,0.0,138.11,True
imsa,2025,Indianapolis,GTDPRO,48,5,7,10,49,39,49,0.0,138.11,True
imsa,2025,Indianapolis,GTP,10,1,45,48,50,2,50,0.005,3.28,False
imsa,2025,Indianapolis,GTP,23,2,6,9,50,41,50,0.0,95.05,True
imsa,2025,Indianapolis,GTP,24,3,6,9,50,41,50,0.0,95.05,True
imsa,2025,Indianapolis,GTP,25,4,6,9,50,41,50,0.0,95.05,True
imsa,2025,Indianapolis,GTP,31,5,6,9,50,41,50,0.0,95.05,True
imsa,2025,Long Beach,GTD,021,1,22,25,46,21,48,0.0108,3.23,False
imsa,2025,Long Beach,GTD,12,2,23,26,40,14,48,0.0125,1.14,False
imsa,2025,Long Beach,GTD,120,3,22,25,46,21,48,0.0108,3.11,False
imsa,2025,Long Beach,GTD,13,4,15,18,22,4,48,0.0117,1.36,True
imsa,2025,Long Beach,GTD,177,5,24,27,45,18,48,0.0067,0.92,False
imsa,2025,Long Beach,GTP,10,1,16,19,58,39,58,0.0167,4.63,True
imsa,2025,Long Beach,GTP,23,2,16,19,58,39,58,0.0167,4.63,True
imsa,2025,Long Beach,GTP,24,3,16,19,58,39,58,0.0167,4.63,True
imsa,2025,Long Beach,GTP,25,4,18,21,56,35,58,0.0225,1.2,True
imsa,2025,Long Beach,GTP,31,5,16,19,58,39,58,0.0167,4.63,True
imsa,2025,Mosport,GTD,12,2,34,37,40,3,40,0.0092,3.82,False
imsa,2025,Mosport,GTD,120,3,34,37,40,3,40,0.0092,3.82,False
imsa,2025,Mosport,GTD,13,4,32,35,40,5,40,0.005,7.39,False
imsa,2025,Mosport,GTD,27,5,36,39,40,1,40,0.01,1.24,False
imsa,2025,Mosport,GTDPRO,1,1,36,39,45,6,46,0.0092,4.45,False
imsa,2025,Mosport,GTDPRO,14,2,30,33,46,13,46,0.0092,9.13,False
imsa,2025,Mosport,GTDPRO,3,3,33,36,46,10,46,0.0075,5.9,False
imsa,2025,Mosport,GTDPRO,4,4,34,37,46,9,46,0.0083,4.73,False
imsa,2025,Mosport,GTDPRO,48,5,29,32,46,14,46,0.0083,11.28,False
imsa,2025,Road America,GTD,021,1,22,25,25,0,25,0.9908,0.0,True
imsa,2025,Road America,GTD,12,2,6,9,25,16,25,0.0,47.89,True
imsa,2025,Road America,GTD,120,3,6,9,25,16,25,0.0,47.89,True
imsa,2025,Road America,GTD,13,4,14,17,25,8,25,0.0,22.78,False
imsa,2025,Road America,GTD,27,5,18,21,25,4,25,0.0067,8.14,True
imsa,2025,Road America,GTDPRO,1,1,18,21,25,4,25,0.0075,9.71,True
imsa,2025,Road America,GTDPRO,3,3,6,9,25,16,25,0.0042,35.43,True
imsa,2025,Road America,GTDPRO,48,4,6,9,25,16,25,0.0042,35.43,True
imsa,2025,Road America,GTDPRO,64,5,6,9,25,16,25,0.0042,35.43,True
imsa,2025,Road America,GTP,10,1,22,25,23,-2,25,0.8192,0.48,True
imsa,2025,Road America,GTP,23,2,22,25,23,-2,25,0.8192,0.48,True
imsa,2025,Road America,GTP,24,3,5,8,24,16,25,0.0067,7.63,True
imsa,2025,Road America,GTP,25,4,22,25,23,-2,25,0.8192,0.48,True
imsa,2025,Road America,GTP,31,5,5,8,24,16,25,0.0067,7.63,True
imsa,2025,Road Atlanta,GTD,12,2,8,11,49,38,49,0.0,252.06,True
imsa,2025,Road Atlanta,GTD,21,3,24,27,49,22,49,0.0,143.6,False
imsa,2025,Road Atlanta,GTD,27,4,8,11,49,38,49,0.0,252.06,True
imsa,2025,Road Atlanta,GTD,13,5,8,11,49,38,49,0.0,243.93,True
imsa,2025,Road Atlanta,GTDPRO,48,1,8,11,52,41,52,0.0,185.07,True
imsa,2025,Road Atlanta,GTDPRO,3,2,8,11,52,41,52,0.0,187.95,True
imsa,2025,Road Atlanta,GTDPRO,64,4,8,11,52,41,52,0.0,187.95,True
imsa,2025,Road Atlanta,GTP,10,1,47,50,52,2,52,0.0067,15.59,False
imsa,2025,Road Atlanta,GTP,6,3,7,10,52,42,52,0.0,291.65,True
imsa,2025,Sebring,GTD,12,1,25,28,31,3,31,0.0,9.73,True
imsa,2025,Sebring,GTD,70,2,4,7,31,24,31,0.0,90.6,False
imsa,2025,Sebring,GTD,57,3,25,28,31,3,31,0.0,9.73,True
imsa,2025,Sebring,GTD,27,4,25,28,31,3,31,0.0,9.73,True
imsa,2025,Sebring,GTD,36,5,25,28,31,3,31,0.0,12.37,True
imsa,2025,Sebring,GTDPRO,1,1,26,29,32,3,32,0.0058,18.24,True
imsa,2025,Sebring,GTDPRO,48,2,19,22,32,10,32,0.0,54.23,False
imsa,2025,Sebring,GTDPRO,64,3,26,29,32,3,32,0.0058,18.24,True
imsa,2025,Sebring,GTDPRO,81,4,26,29,32,3,32,0.0058,18.18,True
imsa,2025,Sebring,GTDPRO,65,5,26,29,32,3,32,0.0058,18.24,True
imsa,2025,Sebring,GTP,31,1,26,29,32,3,32,0.0075,10.34,True
imsa,2025,Sebring,GTP,25,2,26,29,32,3,32,0.0075,10.34,True
imsa,2025,Sebring,GTP,93,3,28,31,32,1,32,0.01,5.19,True
imsa,2025,Sebring,GTP,6,4,28,31,32,1,32,0.01,5.19,True
imsa,2025,Sebring,GTP,5,5,26,29,32,3,32,0.0075,10.34,True
imsa,2025,VIR,GTD,021,1,5,8,33,25,33,0.0,63.38,False
imsa,2025,VIR,GTD,12,2,5,8,33,25,33,0.0,63.38,False
imsa,2025,VIR,GTD,120,3,22,25,33,8,33,0.0008,12.93,False
imsa,2025,VIR,GTD,13,4,22,25,33,8,33,0.0008,12.93,False
imsa,2025,VIR,GTD,27,5,22,25,33,8,33,0.0008,12.93,False
imsa,2025,VIR,GTDPRO,1,1,28,31,31,0,31,0.9875,0.0,False
imsa,2025,VIR,GTDPRO,14,2,17,20,31,11,31,0.0,20.96,False
imsa,2025,VIR,GTDPRO,3,3,22,25,31,6,31,0.0,8.74,False
imsa,2025,VIR,GTDPRO,4,4,28,31,31,0,31,0.9875,0.0,False
imsa,2025,VIR,GTDPRO,64,5,23,26,31,5,31,0.0008,6.09,False
imsa,2025,Watkins Glen,GTD,023,1,19,22,33,11,33,0.0,75.36,True
imsa,2025,Watkins Glen,GTD,27,2,19,22,33,11,33,0.0,75.36,True
imsa,2025,Watkins Glen,GTD,21,3,19,22,33,11,33,0.0,75.36,True
imsa,2025,Watkins Glen,GTD,13,4,19,22,33,11,33,0.0,75.36,True
imsa,2025,Watkins Glen,GTD,70,5,19,22,33,11,33,0.0,75.36,True
imsa,2025,Watkins Glen,GTDPRO,1,1,19,22,29,7,29,0.0,34.5,True
imsa,2025,Watkins Glen,GTDPRO,3,2,19,22,29,7,29,0.0,34.5,True
imsa,2025,Watkins Glen,GTDPRO,65,3,19,22,29,7,29,0.0,34.5,True
imsa,2025,Watkins Glen,GTDPRO,4,4,19,22,29,7,29,0.0,34.5,True
imsa,2025,Watkins Glen,GTDPRO,48,5,19,22,29,7,29,0.0,34.5,True
imsa,2025,Watkins Glen,GTP,10,1,19,22,30,8,30,0.0058,24.42,True
imsa,2025,Watkins Glen,GTP,24,2,19,22,30,8,30,0.0058,24.29,True
imsa,2025,Watkins Glen,GTP,31,3,19,22,30,8,30,0.0058,24.29,True
imsa,2025,Watkins Glen,GTP,6,4,19,22,30,8,30,0.0058,24.29,True
imsa,2025,Watkins Glen,GTP,40,5,19,22,30,8,30,0.0058,24.29,True
imsa,2026,Canadian Tire Motorsport Park,GTD,12,1,31,34,53,19,53,0.0017,5.72,True
imsa,2026,Canadian Tire Motorsport Park,GTD,120,2,31,34,53,19,53,0.0017,5.72,True
imsa,2026,Canadian Tire Motorsport Park,GTD,16,3,31,34,53,19,53,0.0017,5.72,True
imsa,2026,Canadian Tire Motorsport Park,GTD,27,4,21,24,53,29,53,0.0,15.25,False
imsa,2026,Canadian Tire Motorsport Park,GTD,34,5,31,34,53,19,53,0.0017,5.72,True
imsa,2026,Canadian Tire Motorsport Park,GTDPRO,1,1,31,34,49,15,53,0.0117,1.46,True
imsa,2026,Canadian Tire Motorsport Park,GTDPRO,14,2,31,34,49,15,53,0.0117,1.46,True
imsa,2026,Canadian Tire Motorsport Park,GTDPRO,3,3,31,34,49,15,53,0.0117,1.46,True
imsa,2026,Canadian Tire Motorsport Park,GTDPRO,4,4,25,28,50,22,53,0.0125,1.3,False
imsa,2026,Canadian Tire Motorsport Park,GTDPRO,59,5,27,30,52,22,53,0.0083,2.52,True
imsa,2026,Daytona,GTD,13,1,31,34,34,0,34,0.9942,0.0,False
imsa,2026,Daytona,GTD,57,2,31,34,34,0,34,0.9942,0.0,False
imsa,2026,Daytona,GTD,44,3,31,34,34,0,34,0.9942,0.0,False
imsa,2026,Daytona,GTDPRO,48,2,30,33,35,2,35,0.0,38.89,False
imsa,2026,Daytona,GTP,31,2,10,13,34,21,34,0.0,291.17,False
imsa,2026,Daytona,GTP,25,3,31,34,34,0,34,0.995,0.0,False
imsa,2026,Daytona,GTP,60,4,31,34,34,0,34,0.995,0.0,False
imsa,2026,Daytona,GTP,7,5,31,34,34,0,34,0.995,0.0,False
imsa,2026,Detroit,GTDPRO,1,1,16,19,37,18,59,0.005,2.74,False
imsa,2026,Detroit,GTDPRO,14,2,21,24,41,17,59,0.0058,2.92,False
imsa,2026,Detroit,GTDPRO,3,3,22,25,40,15,59,0.0083,2.28,False
imsa,2026,Detroit,GTDPRO,4,4,20,23,40,17,59,0.0075,2.53,False
imsa,2026,Detroit,GTDPRO,59,5,9,12,40,28,59,0.0083,5.09,False
imsa,2026,Detroit,GTP,10,1,32,35,41,6,51,0.0125,3.31,False
imsa,2026,Detroit,GTP,23,2,10,13,41,28,51,0.01,3.84,False
imsa,2026,Detroit,GTP,24,3,23,26,46,20,51,0.0067,1.43,False
imsa,2026,Detroit,GTP,25,4,34,37,42,5,51,0.0208,0.24,False
imsa,2026,Detroit,GTP,31,5,25,28,44,16,51,0.0092,3.29,False
imsa,2026,Laguna Seca,GTD,45,1,31,34,42,8,42,0.0,13.0,False
imsa,2026,Laguna Seca,GTD,120,2,32,35,42,7,42,0.0,11.32,False
imsa,2026,Laguna Seca,GTD,16,3,30,33,42,9,42,0.0,14.66,False
imsa,2026,Laguna Seca,GTD,12,5,30,33,42,9,42,0.0,14.66,False
imsa,2026,Laguna Seca,GTDPRO,3,1,42,45,49,4,49,0.0083,1.61,False
imsa,2026,Laguna Seca,GTDPRO,77,2,44,47,49,2,49,0.0125,1.44,False
imsa,2026,Laguna Seca,GTDPRO,4,3,20,23,49,26,49,0.0,34.0,False
imsa,2026,Laguna Seca,GTDPRO,64,5,34,37,49,12,49,0.0017,9.77,False
imsa,2026,Laguna Seca,GTP,23,1,37,40,47,7,47,0.0,5.79,False
imsa,2026,Laguna Seca,GTP,6,4,44,47,47,0,47,0.98,0.0,False
imsa,2026,Laguna Seca,GTP,31,5,43,46,47,1,47,0.0175,0.6,False
imsa,2026,Long Beach,GTD,12,1,24,27,41,14,44,0.0125,0.92,True
imsa,2026,Long Beach,GTD,13,2,23,26,33,7,44,0.0142,0.28,False
imsa,2026,Long Beach,GTD,16,3,23,26,33,7,44,0.0142,0.28,False
imsa,2026,Long Beach,GTD,177,4,24,27,41,14,44,0.0125,0.92,True
imsa,2026,Long Beach,GTD,19,5,23,26,33,7,44,0.0142,0.28,False
imsa,2026,Long Beach,GTP,24,1,15,18,16,-2,46,0.0192,0.81,False
imsa,2026,Long Beach,GTP,40,2,31,34,46,12,46,0.0208,0.93,True
imsa,2026,Long Beach,GTP,31,3,24,27,46,19,46,0.0242,0.75,False
imsa,2026,Long Beach,GTP,7,4,25,28,46,18,46,0.0167,0.53,False
imsa,2026,Long Beach,GTP,60,5,9,12,10,-2,46,0.03,0.89,False
imsa,2026,Sebring,GTD,120,1,12,15,32,17,32,0.0,92.43,False
imsa,2026,Sebring,GTD,21,2,20,23,32,9,32,0.0,46.34,True
imsa,2026,Sebring,GTD,13,3,20,23,32,9,32,0.0,46.53,True
imsa,2026,Sebring,GTD,80,4,20,23,32,9,32,0.0,46.34,True
imsa,2026,Sebring,GTD,96,5,3,6,32,26,32,0.0,136.5,False
imsa,2026,Sebring,GTDPRO,033,1,20,23,32,9,32,0.0025,27.43,True
imsa,2026,Sebring,GTDPRO,1,2,20,23,32,9,32,0.0025,27.43,True
imsa,2026,Sebring,GTDPRO,3,3,20,23,32,9,32,0.0025,27.43,True
imsa,2026,Sebring,GTDPRO,4,4,20,23,32,9,32,0.0025,27.43,True
imsa,2026,Sebring,GTDPRO,64,5,20,23,32,9,32,0.0025,27.43,True
imsa,2026,Sebring,GTP,10,1,20,23,30,7,33,0.0092,11.96,True
imsa,2026,Sebring,GTP,24,2,20,23,30,7,33,0.0092,11.96,True
imsa,2026,Sebring,GTP,31,3,20,23,30,7,33,0.0092,11.96,True
imsa,2026,Sebring,GTP,7,4,20,23,30,7,33,0.0092,11.96,True
imsa,2026,Sebring,GTP,40,5,20,23,30,7,33,0.0092,11.96,True
imsa,2026,Watkins Glen,GTD,023,1,22,25,36,11,36,0.0,22.33,True
imsa,2026,Watkins Glen,GTD,068,2,17,20,36,16,36,0.0,30.55,True
imsa,2026,Watkins Glen,GTD,12,3,17,20,36,16,36,0.0,30.55,True
imsa,2026,Watkins Glen,GTD,120,4,17,20,36,16,36,0.0,30.55,True
imsa,2026,Watkins Glen,GTD,27,5,17,20,36,16,36,0.0,30.55,True
imsa,2026,Watkins Glen,GTDPRO,033,1,17,20,38,18,38,0.0,26.9,True
imsa,2026,Watkins Glen,GTDPRO,1,2,17,20,38,18,38,0.0,26.9,True
imsa,2026,Watkins Glen,GTDPRO,14,3,17,20,38,18,38,0.0,26.9,True
imsa,2026,Watkins Glen,GTDPRO,3,4,17,20,38,18,38,0.0,26.9,True
imsa,2026,Watkins Glen,GTDPRO,4,5,17,20,38,18,38,0.0,26.9,True
imsa,2026,Watkins Glen,GTP,10,1,17,20,39,19,39,0.0008,60.3,True
imsa,2026,Watkins Glen,GTP,24,2,17,20,39,19,39,0.0008,60.3,True
imsa,2026,Watkins Glen,GTP,25,3,17,20,39,19,39,0.0008,60.3,True
imsa,2026,Watkins Glen,GTP,6,4,17,20,39,19,39,0.0008,60.3,True
imsa,2026,Watkins Glen,GTP,31,5,17,20,39,19,39,0.0008,60.3,True
wec,2022,Bahrain,HYPERCAR,7,1,29,32,33,1,33,0.0008,4.44,False
wec,2022,Bahrain,HYPERCAR,8,2,30,33,33,0,33,0.9875,0.0,False
wec,2022,Bahrain,HYPERCAR,36,3,25,28,33,5,33,0.0025,26.64,False
wec,2022,Bahrain,HYPERCAR,94,4,29,32,33,1,33,0.0042,5.07,False
wec,2022,Bahrain,HYPERCAR,93,5,28,31,33,2,33,0.0017,6.36,False
wec,2022,Le Mans,HYPERCAR,7,1,9,12,13,1,13,0.0,63.07,False
wec,2022,Le Mans,HYPERCAR,8,2,10,13,13,0,13,0.9992,0.0,False
wec,2022,Le Mans,HYPERCAR,709,3,9,12,13,1,13,0.0,62.76,False
wec,2022,Le Mans,HYPERCAR,708,4,10,13,13,0,13,0.9975,0.0,False
wec,2022,Le Mans,HYPERCAR,36,5,9,12,13,1,13,0.0,63.93,False
wec,2022,Monza,HYPERCAR,36,1,11,14,12,-2,31,0.0058,4.77,False
wec,2022,Monza,HYPERCAR,8,2,7,10,9,-1,31,0.0092,0.44,False
wec,2022,Monza,HYPERCAR,7,3,6,9,7,-2,31,0.0108,3.39,True
wec,2022,Monza,HYPERCAR,94,4,11,14,12,-2,31,0.0075,2.2,False
wec,2022,Monza,HYPERCAR,708,5,11,14,16,2,31,0.0083,2.31,True
wec,2022,Sebring,HYPERCAR,36,1,21,24,22,-2,29,0.0067,2.74,False
wec,2022,Sebring,HYPERCAR,8,2,25,28,26,-2,29,0.01,4.28,False
wec,2022,Sebring,HYPERCAR,708,3,24,27,25,-2,29,0.0092,4.31,False
wec,2022,Sebring,HYPERCAR,7,4,25,28,26,-2,29,0.0125,1.52,False
wec,2022,Spa,HYPERCAR,36,1,22,25,27,2,27,0.0042,6.4,False
wec,2022,Spa,HYPERCAR,7,2,23,26,27,1,27,0.0092,1.52,False
wec,2022,Spa,HYPERCAR,708,3,21,24,27,3,27,0.0042,9.06,False
wec,2022,Spa,HYPERCAR,8,4,24,27,25,-2,27,0.0817,2.14,False
wec,2023,Bahrain,HYPERCAR,38,1,29,32,33,1,33,0.0,9.24,False
wec,2023,Bahrain,HYPERCAR,8,2,29,32,33,1,33,0.0,9.24,False
wec,2023,Bahrain,HYPERCAR,7,3,28,31,33,2,33,0.0,18.61,False
wec,2023,Bahrain,HYPERCAR,50,4,28,31,33,2,33,0.0,18.61,False
wec,2023,Bahrain,HYPERCAR,6,5,29,32,33,1,33,0.0,9.4,False
wec,2023,Fuji,HYPERCAR,6,1,30,33,41,8,41,0.005,15.42,False
wec,2023,Fuji,HYPERCAR,8,2,38,41,41,0,41,0.99,0.0,False
wec,2023,Fuji,HYPERCAR,7,3,36,39,41,2,41,0.005,1.28,False
wec,2023,Fuji,HYPERCAR,38,4,38,41,41,0,41,0.995,0.0,False
wec,2023,Fuji,HYPERCAR,50,5,37,40,41,1,41,0.01,1.88,False
wec,2023,Portimao,HYPERCAR,8,1,35,38,38,0,38,0.9092,0.0,False
wec,2023,Portimao,HYPERCAR,50,2,34,37,38,1,38,0.0067,0.36,False
wec,2023,Portimao,HYPERCAR,6,3,35,38,38,0,38,0.9133,0.0,False
wec,2023,Portimao,HYPERCAR,2,4,34,37,38,1,38,0.005,0.74,False
wec,2023,Portimao,HYPERCAR,94,5,34,37,38,1,38,0.005,0.74,False
wec,2023,Sebring,HYPERCAR,50,4,6,9,7,-2,32,0.005,3.23,True
wec,2023,Spa,HYPERCAR,5,1,24,27,28,1,28,0.01,1.4,False
wec,2023,Spa,HYPERCAR,7,2,25,28,28,0,28,0.9808,0.0,False
wec,2023,Spa,HYPERCAR,51,4,8,11,28,17,28,0.0025,45.82,False
wec,2023,Spa,HYPERCAR,2,5,7,10,28,18,28,0.0025,48.43,False
wec,2024,Bahrain,HYPERCAR,15,1,29,32,33,1,33,0.0058,9.46,False
wec,2024,Bahrain,HYPERCAR,2,2,29,32,33,1,33,0.0058,9.46,False
wec,2024,Bahrain,HYPERCAR,93,3,30,33,33,0,33,0.9917,0.0,False
wec,2024,Bahrain,HYPERCAR,35,4,30,33,33,0,33,0.9917,0.0,False
wec,2024,COTA,HYPERCAR,35,1,7,10,8,-2,33,0.01,3.14,False
wec,2024,COTA,HYPERCAR,2,2,26,29,27,-2,33,0.0108,2.94,False
wec,2024,COTA,HYPERCAR,7,3,30,33,31,-2,33,0.0142,2.66,False
wec,2024,COTA,HYPERCAR,83,4,28,31,29,-2,33,0.005,2.78,False
wec,2024,COTA,HYPERCAR,50,5,29,32,30,-2,33,0.0075,2.17,False
wec,2024,Fuji,HYPERCAR,12,1,39,42,43,1,43,0.0033,2.78,False
wec,2024,Fuji,HYPERCAR,15,2,40,43,43,0,43,0.9908,0.0,False
wec,2024,Fuji,HYPERCAR,36,3,40,43,43,0,43,0.9908,0.0,False
wec,2024,Fuji,HYPERCAR,50,5,40,43,43,0,43,0.9908,0.0,False
wec,2024,Interlagos,HYPERCAR,7,1,40,43,44,1,44,0.005,4.61,False
wec,2024,Interlagos,HYPERCAR,5,2,40,43,44,1,44,0.005,4.61,False
wec,2024,Interlagos,HYPERCAR,51,3,41,44,44,0,44,0.9967,0.0,False
wec,2024,Interlagos,HYPERCAR,8,4,41,44,44,0,44,0.9967,0.0,False
wec,2024,Interlagos,HYPERCAR,6,5,25,28,44,16,44,0.0,71.59,False
wec,2024,Spa,HYPERCAR,12,1,25,28,29,1,29,0.005,5.48,False
wec,2024,Spa,HYPERCAR,51,2,24,27,29,2,29,0.0067,11.31,False
wec,2024,Spa,HYPERCAR,35,3,25,28,29,1,29,0.005,5.48,False
wec,2024,Spa,HYPERCAR,83,4,24,27,29,2,29,0.0067,11.31,False
wec,2024,Spa,HYPERCAR,8,5,6,9,29,20,29,0.0,119.8,True
wec,2025,Bahrain,HYPERCAR,009,1,28,31,33,2,33,0.0025,16.58,False
wec,2025,Bahrain,HYPERCAR,12,2,29,32,33,1,33,0.0058,8.88,False
wec,2025,Bahrain,HYPERCAR,83,3,29,32,33,1,33,0.0058,8.88,False
wec,2025,Bahrain,HYPERCAR,50,4,29,32,33,1,33,0.0058,8.88,False
wec,2025,Bahrain,HYPERCAR,7,5,30,33,33,0,33,0.995,0.0,False
wec,2025,COTA,HYPERCAR,35,1,15,18,16,-2,38,0.0,31.95,True
wec,2025,COTA,HYPERCAR,12,2,26,29,27,-2,38,0.0,26.15,True
wec,2025,COTA,HYPERCAR,94,3,15,18,16,-2,38,0.0,31.95,True
wec,2025,COTA,HYPERCAR,93,4,6,9,7,-2,38,0.0,35.48,True
wec,2025,Fuji,HYPERCAR,009,1,21,24,47,23,47,0.0,64.2,False
wec,2025,Fuji,HYPERCAR,12,2,25,28,47,19,47,0.0008,51.34,False
wec,2025,Fuji,HYPERCAR,94,3,25,28,47,19,47,0.0008,51.34,False
wec,2025,Fuji,HYPERCAR,20,4,25,28,47,19,47,0.0008,51.34,False
wec,2025,Fuji,HYPERCAR,35,5,25,28,47,19,47,0.0008,51.34,True
wec,2025,Imola,HYPERCAR,15,1,33,36,38,2,38,0.0058,3.84,False
wec,2025,Imola,HYPERCAR,12,2,30,33,38,5,38,0.0008,12.19,False
wec,2025,Imola,HYPERCAR,83,3,34,37,38,1,38,0.0042,1.88,False
wec,2025,Imola,HYPERCAR,93,4,33,36,38,2,38,0.0058,3.87,False
wec,2025,Imola,HYPERCAR,20,5,35,38,38,0,38,0.9917,0.0,False
wec,2025,Interlagos,HYPERCAR,38,1,41,44,44,0,44,0.83,0.0,False
wec,2025,Interlagos,HYPERCAR,12,2,28,31,44,13,44,0.0067,2.83,False
wec,2025,Interlagos,HYPERCAR,5,3,40,43,44,1,44,0.0083,0.21,False
wec,2025,Interlagos,HYPERCAR,20,4,41,44,44,0,44,0.8267,0.0,False
wec,2025,Interlagos,HYPERCAR,6,5,39,42,44,2,44,0.0083,0.72,False
wec,2025,Le Mans,HYPERCAR,12,1,9,12,14,2,14,0.0042,6.03,False
wec,2025,Le Mans,HYPERCAR,51,2,10,13,12,-1,14,0.0075,2.09,False
wec,2025,Le Mans,HYPERCAR,6,3,10,13,12,-1,14,0.0075,2.09,False
wec,2025,Le Mans,HYPERCAR,83,4,11,14,12,-2,14,0.4183,5.7,False
wec,2025,Le Mans,HYPERCAR,50,5,10,13,12,-1,14,0.0075,2.09,False
wec,2025,Losail,HYPERCAR,15,1,28,31,29,-2,37,0.0092,10.0,False
wec,2025,Losail,HYPERCAR,12,2,32,35,33,-2,37,0.0075,9.36,False
wec,2025,Losail,HYPERCAR,93,3,32,35,33,-2,37,0.0075,9.36,False
wec,2025,Losail,HYPERCAR,8,4,24,27,25,-2,37,0.0075,12.49,False
wec,2025,Losail,HYPERCAR,20,5,32,35,33,-2,37,0.0075,9.36,False
wec,2025,Spa,HYPERCAR,007,1,23,26,28,2,28,0.0058,3.65,False
wec,2025,Spa,HYPERCAR,12,2,23,26,28,2,28,0.0058,3.65,False
wec,2025,Spa,HYPERCAR,93,3,22,25,28,3,28,0.005,7.93,False
wec,2025,Spa,HYPERCAR,15,4,23,26,28,2,28,0.0058,3.65,False
wec,2025,Spa,HYPERCAR,35,5,23,26,28,2,28,0.0058,3.65,False
wec,2026,Imola,HYPERCAR,15,1,34,37,36,-1,38,0.01,0.36,False
wec,2026,Imola,HYPERCAR,7,2,29,32,38,6,38,0.0042,5.9,False
wec,2026,Imola,HYPERCAR,20,3,33,36,38,2,38,0.0067,1.62,False
wec,2026,Imola,HYPERCAR,35,4,32,35,38,3,38,0.0042,1.4,False
wec,2026,Imola,HYPERCAR,8,5,32,35,38,3,38,0.0042,1.4,False
wec,2026,Le Mans,HYPERCAR,20,1,11,14,12,-2,14,0.005,34.12,False
wec,2026,Le Mans,HYPERCAR,12,2,11,14,12,-2,14,0.005,34.12,False
wec,2026,Le Mans,HYPERCAR,8,3,7,10,8,-2,14,0.0033,31.68,False
wec,2026,Le Mans,HYPERCAR,83,4,11,14,12,-2,14,0.005,34.12,False
wec,2026,Le Mans,HYPERCAR,35,5,10,13,11,-2,14,0.0025,33.45,False
wec,2026,Spa,HYPERCAR,007,1,25,28,28,0,28,0.9933,0.0,False
wec,2026,Spa,HYPERCAR,12,2,24,27,28,1,28,0.0058,1.35,False
wec,2026,Spa,HYPERCAR,15,3,25,28,28,0,28,0.9933,0.0,False
wec,2026,Spa,HYPERCAR,17,4,24,27,28,1,28,0.0058,1.35,False
wec,2026,Spa,HYPERCAR,20,5,24,27,28,1,28,0.0058,1.35,False
