car,class,lap,lap_time,flags,pit_time
01,DPi,1,80.35,GF,
01,DPi,2,77.363,GF,
01,DPi,3,76.97,GF,
01,DPi,4,76.944,GF,
01,DPi,5,76.507,GF,
01,DPi,6,76.937,GF,
01,DPi,7,79.65,GF,
01,DPi,8,125.456,GF,
01,DPi,9,2231.783,FCY,
01,DPi,10,101.84,GF,
02,DPi,1,79.674,GF,
02,DPi,2,76.958,GF,
02,DPi,3,76.768,GF,
02,DPi,4,76.709,GF,
02,DPi,5,76.608,GF,
02,DPi,6,77.041,GF,
02,DPi,7,76.66,GF,
02,DPi,8,80.523,GF,
02,DPi,9,80.9,GF,
02,DPi,10,80.254,GF,
02,DPi,11,79.119,GF,
02,DPi,12,78.797,GF,
02,DPi,13,77.197,GF,
02,DPi,14,77.7,GF,
02,DPi,15,77.195,GF,
02,DPi,16,78.701,GF,
02,DPi,17,78.016,GF,
02,DPi,18,78.476,GF,
02,DPi,19,79.419,GF,
02,DPi,20,80.834,GF,
02,DPi,21,80.876,GF,
02,DPi,22,79.017,GF,
02,DPi,23,78.428,GF,
02,DPi,24,78.015,GF,
02,DPi,25,94.097,FCY,
02,DPi,26,149.133,FCY,
02,DPi,27,197.368,FCY,
02,DPi,28,114.496,FCY,61.049
02,DPi,29,131.503,FCY,
02,DPi,30,148.251,FCY,
02,DPi,31,144.517,FCY,53.742
02,DPi,32,119.804,GF,
02,DPi,33,78.561,GF,
02,DPi,34,76.927,GF,
02,DPi,35,76.544,GF,
02,DPi,36,76.39,GF,
02,DPi,37,76.551,GF,
02,DPi,38,76.152,GF,
02,DPi,39,79.469,GF,
02,DPi,40,78.544,GF,
02,DPi,41,78.656,GF,
02,DPi,42,78.843,GF,
02,DPi,43,76.803,GF,
02,DPi,44,75.891,GF,
02,DPi,45,76.599,GF,
02,DPi,46,76.644,GF,
02,DPi,47,78.463,GF,
02,DPi,48,77.066,GF,
02,DPi,49,78.837,GF,
02,DPi,50,78.619,GF,
02,DPi,51,79.558,GF,
02,DPi,52,79.1,GF,
02,DPi,53,78.318,GF,
02,DPi,54,77.132,GF,
02,DPi,55,78.007,GF,
02,DPi,56,77.328,GF,
02,DPi,57,78.37,GF,
02,DPi,58,78.603,GF,
02,DPi,59,78.372,GF,
02,DPi,60,169.079,GF,
02,DPi,61,90.897,GF,56.855
02,DPi,62,78.95,GF,
02,DPi,63,78.751,GF,
02,DPi,64,78.29,GF,
02,DPi,65,77.17,GF,
02,DPi,66,77.314,GF,
02,DPi,67,77.813,GF,
02,DPi,68,78.815,GF,
02,DPi,69,77.503,GF,
02,DPi,70,78.138,GF,
02,DPi,71,77.498,GF,
02,DPi,72,77.731,GF,
02,DPi,73,77.787,GF,
02,DPi,74,77.806,GF,
02,DPi,75,79.67,GF,
02,DPi,76,78.376,GF,
02,DPi,77,79.227,GF,
02,DPi,78,79.663,GF,
02,DPi,79,81.092,GF,
02,DPi,80,79.13,GF,
02,DPi,81,80.059,GF,
02,DPi,82,79.737,GF,
02,DPi,83,78.074,GF,
02,DPi,84,78.363,GF,
02,DPi,85,78.158,GF,
02,DPi,86,78.167,GF,
02,DPi,87,79.056,GF,
02,DPi,88,79.616,GF,
02,DPi,89,79.432,GF,
02,DPi,90,80.66,GF,
02,DPi,91,79.451,GF,
02,DPi,92,80.64,GF,
02,DPi,93,161.013,GF,
02,DPi,94,87.989,GF,92.046
02,DPi,95,78.682,GF,
02,DPi,96,76.79,GF,
02,DPi,97,76.122,GF,
02,DPi,98,76.558,GF,
02,DPi,99,77.291,GF,
02,DPi,100,78.57,GF,
02,DPi,101,77.603,GF,
02,DPi,102,79.587,GF,
02,DPi,103,76.588,GF,
02,DPi,104,76.318,GF,
02,DPi,105,76.941,GF,
02,DPi,106,76.84,GF,
02,DPi,107,78.284,GF,
02,DPi,108,78.338,GF,
02,DPi,109,78.255,GF,
02,DPi,110,77.319,GF,
02,DPi,111,77.952,GF,
02,DPi,112,76.948,GF,
02,DPi,113,76.391,GF,
02,DPi,114,76.81,GF,
02,DPi,115,77.501,GF,
02,DPi,116,77.387,FF,
1,GTD,1,96.146,GF,
1,GTD,2,87.04,GF,
1,GTD,3,86.627,GF,
1,GTD,4,87.157,GF,
1,GTD,5,86.46,GF,
1,GTD,6,86.421,GF,
1,GTD,7,86.786,GF,
1,GTD,8,86.761,GF,
1,GTD,9,87.307,GF,
1,GTD,10,86.73,GF,
1,GTD,11,86.631,GF,
1,GTD,12,86.704,GF,
1,GTD,13,86.533,GF,
1,GTD,14,86.742,GF,
1,GTD,15,87.647,GF,
1,GTD,16,87.515,GF,
1,GTD,17,87.74,GF,
1,GTD,18,87.394,GF,
1,GTD,19,87.104,GF,
1,GTD,20,87.2,GF,
1,GTD,21,87.53,GF,
1,GTD,22,88.555,FCY,
1,GTD,23,98.745,FCY,
1,GTD,24,118.292,FCY,
1,GTD,25,147.287,FCY,
1,GTD,26,172.22,FCY,
1,GTD,27,117.876,FCY,55.945
1,GTD,28,136.477,FCY,
1,GTD,29,143.076,FCY,
1,GTD,30,130.41,GF,
1,GTD,31,89.147,GF,
1,GTD,32,86.436,GF,
1,GTD,33,85.962,GF,
1,GTD,34,85.5,GF,
1,GTD,35,85.43,GF,
1,GTD,36,85.773,GF,
1,GTD,37,85.603,GF,
1,GTD,38,85.959,GF,
1,GTD,39,86.345,GF,
1,GTD,40,86.035,GF,
1,GTD,41,85.978,GF,
1,GTD,42,87.364,GF,
1,GTD,43,86.928,GF,
1,GTD,44,86.752,GF,
1,GTD,45,86.461,GF,
1,GTD,46,86.472,GF,
1,GTD,47,86.939,GF,
1,GTD,48,86.606,GF,
1,GTD,49,86.554,GF,
1,GTD,50,87.157,GF,
1,GTD,51,86.742,GF,
1,GTD,52,86.915,GF,
1,GTD,53,86.412,GF,
1,GTD,54,86.859,GF,
1,GTD,55,86.62,GF,
1,GTD,56,86.956,GF,
1,GTD,57,86.638,GF,
1,GTD,58,86.932,GF,
1,GTD,59,87.815,GF,
1,GTD,60,88.007,GF,
1,GTD,61,87.645,GF,
1,GTD,62,132.615,GF,
1,GTD,63,94.262,GF,56.951
1,GTD,64,86.155,GF,
1,GTD,65,86.586,GF,
1,GTD,66,85.926,GF,
1,GTD,67,85.396,GF,
1,GTD,68,85.457,GF,
1,GTD,69,85.411,GF,
1,GTD,70,86.198,GF,
1,GTD,71,86.183,GF,
1,GTD,72,86.426,GF,
1,GTD,73,85.841,GF,
1,GTD,74,86.196,GF,
1,GTD,75,86.419,GF,
1,GTD,76,86.134,GF,
1,GTD,77,86.367,GF,
1,GTD,78,87.018,GF,
1,GTD,79,86.153,GF,
1,GTD,80,87.732,GF,
1,GTD,81,87.056,GF,
1,GTD,82,86.517,GF,
1,GTD,83,86.645,GF,
1,GTD,84,86.641,GF,
1,GTD,85,86.807,GF,
1,GTD,86,88.704,GF,
1,GTD,87,87.222,GF,
1,GTD,88,87.457,GF,
1,GTD,89,87.332,GF,
1,GTD,90,87.245,GF,
1,GTD,91,87.708,GF,
1,GTD,92,87.881,GF,
1,GTD,93,87.547,GF,
1,GTD,94,87.436,GF,
1,GTD,95,88.016,GF,
1,GTD,96,87.556,GF,
1,GTD,97,88.763,GF,
1,GTD,98,87.82,GF,
1,GTD,99,87.513,GF,
1,GTD,100,87.543,GF,
1,GTD,101,87.845,GF,
1,GTD,102,87.592,GF,
1,GTD,103,87.742,GF,
1,GTD,104,88.316,GF,
1,GTD,105,88.191,GF,
1,GTD,106,88.216,GF,
1,GTD,107,88.426,FF,
10,DPi,1,77.704,GF,
10,DPi,2,76.514,GF,
10,DPi,3,76.259,GF,
10,DPi,4,76.331,GF,
10,DPi,5,76.114,GF,
10,DPi,6,77.516,GF,
10,DPi,7,77.303,GF,
10,DPi,8,79.066,GF,
10,DPi,9,79.166,GF,
10,DPi,10,78.81,GF,
10,DPi,11,77.063,GF,
10,DPi,12,77.572,GF,
10,DPi,13,77.026,GF,
10,DPi,14,77.306,GF,
10,DPi,15,77.255,GF,
10,DPi,16,78.153,GF,
10,DPi,17,77.695,GF,
10,DPi,18,80.029,GF,
10,DPi,19,78.986,GF,
10,DPi,20,78.547,GF,
10,DPi,21,80.512,GF,
10,DPi,22,77.282,GF,
10,DPi,23,77.189,GF,
10,DPi,24,78.255,GF,
10,DPi,25,101.52,FCY,
10,DPi,26,154.111,FCY,
10,DPi,27,187.985,FCY,
10,DPi,28,120.055,FCY,60.647
10,DPi,29,134.697,FCY,
10,DPi,30,137.785,FCY,
10,DPi,31,143.026,FCY,
10,DPi,32,134.366,GF,
10,DPi,33,77.337,GF,
10,DPi,34,75.686,GF,
10,DPi,35,76.178,GF,
10,DPi,36,75.685,GF,
10,DPi,37,76.682,GF,
10,DPi,38,76.608,GF,
10,DPi,39,76.74,GF,
10,DPi,40,79.094,GF,
10,DPi,41,79.338,GF,
10,DPi,42,78.243,GF,
10,DPi,43,76.263,GF,
10,DPi,44,76.108,GF,
10,DPi,45,75.929,GF,
10,DPi,46,77.998,GF,
10,DPi,47,77.399,GF,
10,DPi,48,77.667,GF,
10,DPi,49,77.462,GF,
10,DPi,50,78.3,GF,
10,DPi,51,78.187,GF,
10,DPi,52,77.939,GF,
10,DPi,53,76.633,GF,
10,DPi,54,77.391,GF,
10,DPi,55,76.847,GF,
10,DPi,56,78.529,GF,
10,DPi,57,78.431,GF,
10,DPi,58,77.407,GF,
10,DPi,59,78.464,GF,
10,DPi,60,124.449,GF,
10,DPi,61,89.125,GF,55.568
10,DPi,62,77.521,GF,
10,DPi,63,76.437,GF,
10,DPi,64,76.204,GF,
10,DPi,65,77.615,GF,
10,DPi,66,80.022,GF,
10,DPi,67,79.342,GF,
10,DPi,68,77.259,GF,
10,DPi,69,76.698,GF,
10,DPi,70,77.815,GF,
10,DPi,71,76.986,GF,
10,DPi,72,75.996,GF,
10,DPi,73,77.056,GF,
10,DPi,74,76.229,GF,
10,DPi,75,76.042,GF,
10,DPi,76,76.413,GF,
10,DPi,77,77.579,GF,
10,DPi,78,77.562,GF,
10,DPi,79,78.891,GF,
10,DPi,80,78.51,GF,
10,DPi,81,77.636,GF,
10,DPi,82,77.819,GF,
10,DPi,83,114.173,GF,
10,DPi,84,88.571,GF,48.491
10,DPi,85,78.883,GF,
10,DPi,86,77.518,GF,
10,DPi,87,76.549,GF,
10,DPi,88,76.381,GF,
10,DPi,89,76.504,GF,
10,DPi,90,75.785,GF,
10,DPi,91,75.759,GF,
10,DPi,92,76.525,GF,
10,DPi,93,78.455,GF,
10,DPi,94,79.174,GF,
10,DPi,95,78.737,GF,
10,DPi,96,77.107,GF,
10,DPi,97,76.589,GF,
10,DPi,98,77.717,GF,
10,DPi,99,76.133,GF,
10,DPi,100,76.331,GF,
10,DPi,101,77.052,GF,
10,DPi,102,78.924,GF,
10,DPi,103,77.995,GF,
10,DPi,104,77.335,GF,
10,DPi,105,77.944,GF,
10,DPi,106,76.251,GF,
10,DPi,107,76.506,GF,
10,DPi,108,76.537,GF,
10,DPi,109,77.588,GF,
10,DPi,110,78.072,GF,
10,DPi,111,79.719,GF,
10,DPi,112,77.891,GF,
10,DPi,113,78.373,GF,
10,DPi,114,77.097,GF,
10,DPi,115,77.094,GF,
10,DPi,116,76.895,GF,
10,DPi,117,78.117,FF,
11,LMP2,1,100.646,GF,
11,LMP2,2,85.558,GF,
11,LMP2,3,84.378,GF,
11,LMP2,4,85.009,GF,
11,LMP2,5,83.156,GF,
11,LMP2,6,83.897,GF,
11,LMP2,7,82.089,GF,
11,LMP2,8,81.874,GF,
11,LMP2,9,81.106,GF,
11,LMP2,10,80.83,GF,
11,LMP2,11,80.701,GF,
11,LMP2,12,81.14,GF,
11,LMP2,13,81.073,GF,
11,LMP2,14,80.318,GF,
11,LMP2,15,82.703,GF,
11,LMP2,16,80.695,GF,
11,LMP2,17,82.471,GF,
11,LMP2,18,82.089,GF,
11,LMP2,19,80.869,GF,
11,LMP2,20,86.792,GF,
11,LMP2,21,82.711,GF,
11,LMP2,22,83.342,GF,
11,LMP2,23,98.472,FCY,
11,LMP2,24,101.012,FCY,25.982
11,LMP2,25,113.996,FCY,
11,LMP2,26,194.846,FCY,
11,LMP2,27,109.8,FCY,61.197
11,LMP2,28,123.025,FCY,
11,LMP2,29,136.028,FCY,
11,LMP2,30,143.157,FCY,
11,LMP2,31,132.323,GF,
11,LMP2,32,83.464,GF,
11,LMP2,33,82.083,GF,
11,LMP2,34,78.869,GF,
11,LMP2,35,78.182,GF,
11,LMP2,36,78.976,GF,
11,LMP2,37,79.066,GF,
11,LMP2,38,79.099,GF,
11,LMP2,39,79.748,GF,
11,LMP2,40,80.116,GF,
11,LMP2,41,79.171,GF,
11,LMP2,42,81.038,GF,
11,LMP2,43,81.066,GF,
11,LMP2,44,80.897,GF,
11,LMP2,45,82.549,GF,
11,LMP2,46,125.515,GF,
11,LMP2,47,82.463,GF,
11,LMP2,48,83.444,GF,
11,LMP2,49,81.842,GF,
11,LMP2,50,81.949,GF,
11,LMP2,51,80.484,GF,
11,LMP2,52,130.359,GF,
11,LMP2,53,91.576,GF,58.912
11,LMP2,54,82.37,GF,
11,LMP2,55,79.763,GF,
11,LMP2,56,78.326,GF,
11,LMP2,57,79.909,GF,
11,LMP2,58,81.159,GF,
11,LMP2,59,79.014,GF,
11,LMP2,60,78.518,GF,
11,LMP2,61,81.162,GF,
11,LMP2,62,79.959,GF,
11,LMP2,63,82.427,GF,
11,LMP2,64,80.955,GF,
11,LMP2,65,79.633,GF,
11,LMP2,66,80.278,GF,
11,LMP2,67,81.324,GF,
11,LMP2,68,80.29,GF,
11,LMP2,69,81.177,GF,
11,LMP2,70,80.064,GF,
11,LMP2,71,78.66,GF,
11,LMP2,72,79.135,GF,
11,LMP2,73,79.286,GF,
11,LMP2,74,78.672,GF,
11,LMP2,75,79.657,GF,
11,LMP2,76,79.066,GF,
11,LMP2,77,79.335,GF,
11,LMP2,78,81.038,GF,
11,LMP2,79,80.547,GF,
11,LMP2,80,79.874,GF,
11,LMP2,81,129.708,GF,
11,LMP2,82,89.161,GF,59.812
11,LMP2,83,78.734,GF,
11,LMP2,84,77.684,GF,
11,LMP2,85,77.186,GF,
11,LMP2,86,77.881,GF,
11,LMP2,87,79.949,GF,
11,LMP2,88,78.095,GF,
11,LMP2,89,80.948,GF,
11,LMP2,90,78.765,GF,
11,LMP2,91,78.916,GF,
11,LMP2,92,78.781,GF,
11,LMP2,93,78.704,GF,
11,LMP2,94,78.866,GF,
11,LMP2,95,79.718,GF,
11,LMP2,96,77.971,GF,
11,LMP2,97,78.318,GF,
11,LMP2,98,79.851,GF,
11,LMP2,99,79.608,GF,
11,LMP2,100,79.568,GF,
11,LMP2,101,78.439,GF,
11,LMP2,102,80.916,GF,
11,LMP2,103,78.15,GF,
11,LMP2,104,78.167,GF,
11,LMP2,105,79.055,GF,
11,LMP2,106,80.082,GF,
11,LMP2,107,80.282,GF,
11,LMP2,108,81.87,GF,
11,LMP2,109,79.745,GF,
11,LMP2,110,80.172,GF,
11,LMP2,111,81.433,GF,
11,LMP2,112,79.543,GF,
11,LMP2,113,80.905,FF,
12,GTD,1,113.181,GF,
12,GTD,2,91.64,GF,24.42
12,GTD,3,85.62,GF,
12,GTD,4,85.734,GF,
12,GTD,5,87.413,GF,
12,GTD,6,86.71,GF,
12,GTD,7,85.985,GF,
12,GTD,8,85.823,GF,
12,GTD,9,85.662,GF,
12,GTD,10,86.141,GF,
12,GTD,11,87.983,GF,
12,GTD,12,87.383,GF,
12,GTD,13,86.531,GF,
12,GTD,14,86.73,GF,
12,GTD,15,87.628,GF,
12,GTD,16,87.904,GF,
12,GTD,17,89.242,GF,
12,GTD,18,87.422,GF,
12,GTD,19,87.799,GF,
12,GTD,20,87.991,GF,
12,GTD,21,87.813,GF,
12,GTD,22,92.55,FCY,
12,GTD,23,101.585,FCY,
12,GTD,24,101.307,FCY,
12,GTD,25,147.444,FCY,
12,GTD,26,169.111,FCY,
12,GTD,27,114.397,FCY,59.896
12,GTD,28,137.923,FCY,
12,GTD,29,142.874,FCY,
12,GTD,30,125.712,GF,
12,GTD,31,89.258,GF,
12,GTD,32,86.968,GF,
12,GTD,33,85.757,GF,
12,GTD,34,85.88,GF,
12,GTD,35,86.027,GF,
12,GTD,36,85.401,GF,
12,GTD,37,86.198,GF,
12,GTD,38,86.404,GF,
12,GTD,39,86.269,GF,
12,GTD,40,86.208,GF,
12,GTD,41,86.173,GF,
12,GTD,42,86.422,GF,
12,GTD,43,86.751,GF,
12,GTD,44,86.436,GF,
12,GTD,45,86.694,GF,
12,GTD,46,87.058,GF,
12,GTD,47,88.481,GF,
12,GTD,48,86.973,GF,
12,GTD,49,86.615,GF,
12,GTD,50,87.094,GF,
12,GTD,51,87.218,GF,
12,GTD,52,86.96,GF,
12,GTD,53,87.089,GF,
12,GTD,54,87.821,GF,
12,GTD,55,86.897,GF,
12,GTD,56,86.83,GF,
12,GTD,57,87.137,GF,
12,GTD,58,87.092,GF,
12,GTD,59,87.745,GF,
12,GTD,60,87.734,GF,
12,GTD,61,89.579,GF,
12,GTD,62,88.513,GF,
12,GTD,63,136.627,GF,
12,GTD,64,94.99,GF,61.128
12,GTD,65,86.398,GF,
12,GTD,66,85.547,GF,
12,GTD,67,85.968,GF,
12,GTD,68,85.266,GF,
12,GTD,69,85.506,GF,
12,GTD,70,87.725,GF,
12,GTD,71,85.959,GF,
12,GTD,72,85.55,GF,
12,GTD,73,86.004,GF,
12,GTD,74,85.788,GF,
12,GTD,75,86.337,GF,
12,GTD,76,85.836,GF,
12,GTD,77,85.85,GF,
12,GTD,78,86.665,GF,
12,GTD,79,86.939,GF,
12,GTD,80,86.07,GF,
12,GTD,81,86.368,GF,
12,GTD,82,86.028,GF,
12,GTD,83,88.091,GF,
12,GTD,84,87.172,GF,
12,GTD,85,86.592,GF,
12,GTD,86,87.118,GF,
12,GTD,87,87.677,GF,
12,GTD,88,86.657,GF,
12,GTD,89,87.069,GF,
12,GTD,90,86.775,GF,
12,GTD,91,86.675,GF,
12,GTD,92,87.478,GF,
12,GTD,93,88.635,GF,
12,GTD,94,87.426,GF,
12,GTD,95,87.229,GF,
12,GTD,96,87.451,GF,
12,GTD,97,87.247,GF,
12,GTD,98,86.956,GF,
12,GTD,99,89.303,GF,
12,GTD,100,89.651,GF,
12,GTD,101,88.195,GF,
12,GTD,102,88.982,GF,
12,GTD,103,88.713,GF,
12,GTD,104,87.425,GF,
12,GTD,105,88.043,GF,
12,GTD,106,87.785,GF,
12,GTD,107,88.355,FF,
14,GTDPRO,1,94.489,GF,
14,GTDPRO,2,87.633,GF,
14,GTDPRO,3,85.956,GF,
14,GTDPRO,4,85.735,GF,
14,GTDPRO,5,86.673,GF,
14,GTDPRO,6,86.065,GF,
14,GTDPRO,7,86.289,GF,
14,GTDPRO,8,87.203,GF,
14,GTDPRO,9,87.11,GF,
14,GTDPRO,10,86.889,GF,
14,GTDPRO,11,86.67,GF,
14,GTDPRO,12,86.498,GF,
14,GTDPRO,13,86.948,GF,
14,GTDPRO,14,87.147,GF,
14,GTDPRO,15,87.179,GF,
14,GTDPRO,16,88.738,GF,
14,GTDPRO,17,87.056,GF,
14,GTDPRO,18,87.526,GF,
14,GTDPRO,19,87.028,GF,
14,GTDPRO,20,122.597,GF,
14,GTDPRO,21,95.052,GF,48.694
14,GTDPRO,22,95.842,FCY,
14,GTDPRO,23,142.8,FCY,
14,GTDPRO,24,97.201,FCY,
14,GTDPRO,25,97.867,FCY,
14,GTDPRO,26,143.148,FCY,
14,GTDPRO,27,125.265,FCY,47.605
14,GTDPRO,28,136.562,FCY,
14,GTDPRO,29,142.741,FCY,
14,GTDPRO,30,131.117,GF,
14,GTDPRO,31,86.488,GF,
14,GTDPRO,32,85.237,GF,
14,GTDPRO,33,85.243,GF,
14,GTDPRO,34,85.217,GF,
14,GTDPRO,35,85.286,GF,
14,GTDPRO,36,85.496,GF,
14,GTDPRO,37,85.565,GF,
14,GTDPRO,38,85.474,GF,
14,GTDPRO,39,86.29,GF,
14,GTDPRO,40,85.748,GF,
14,GTDPRO,41,85.593,GF,
14,GTDPRO,42,85.743,GF,
14,GTDPRO,43,85.743,GF,
14,GTDPRO,44,86.267,GF,
14,GTDPRO,45,86.087,GF,
14,GTDPRO,46,86.364,GF,
14,GTDPRO,47,86.316,GF,
14,GTDPRO,48,86.422,GF,
14,GTDPRO,49,87.124,GF,
14,GTDPRO,50,86.31,GF,
14,GTDPRO,51,86.422,GF,
14,GTDPRO,52,86.783,GF,
14,GTDPRO,53,86.611,GF,
14,GTDPRO,54,86.32,GF,
14,GTDPRO,55,86.499,GF,
14,GTDPRO,56,86.868,GF,
14,GTDPRO,57,86.88,GF,
14,GTDPRO,58,87.397,GF,
14,GTDPRO,59,86.53,GF,
14,GTDPRO,60,86.521,GF,
14,GTDPRO,61,87.048,GF,
14,GTDPRO,62,137.12,GF,
14,GTDPRO,63,95.125,GF,63.106
14,GTDPRO,64,86.493,GF,
14,GTDPRO,65,86.089,GF,
14,GTDPRO,66,85.499,GF,
14,GTDPRO,67,87.013,GF,
14,GTDPRO,68,85.789,GF,
14,GTDPRO,69,85.514,GF,
14,GTDPRO,70,85.508,GF,
14,GTDPRO,71,85.478,GF,
14,GTDPRO,72,86.197,GF,
14,GTDPRO,73,86.141,GF,
14,GTDPRO,74,86.667,GF,
14,GTDPRO,75,85.975,GF,
14,GTDPRO,76,85.948,GF,
14,GTDPRO,77,85.886,GF,
14,GTDPRO,78,85.923,GF,
14,GTDPRO,79,86.121,GF,
14,GTDPRO,80,86.146,GF,
14,GTDPRO,81,86.212,GF,
14,GTDPRO,82,86.65,GF,
14,GTDPRO,83,86.478,GF,
14,GTDPRO,84,86.489,GF,
14,GTDPRO,85,86.624,GF,
14,GTDPRO,86,86.505,GF,
14,GTDPRO,87,86.599,GF,
14,GTDPRO,88,86.922,GF,
14,GTDPRO,89,86.57,GF,
14,GTDPRO,90,86.417,GF,
14,GTDPRO,91,86.952,GF,
14,GTDPRO,92,86.646,GF,
14,GTDPRO,93,86.517,GF,
14,GTDPRO,94,87.078,GF,
14,GTDPRO,95,86.963,GF,
14,GTDPRO,96,88.202,GF,
14,GTDPRO,97,87.473,GF,
14,GTDPRO,98,87.861,GF,
14,GTDPRO,99,86.892,GF,
14,GTDPRO,100,87.348,GF,
14,GTDPRO,101,87.322,GF,
14,GTDPRO,102,87.41,GF,
14,GTDPRO,103,87.373,GF,
14,GTDPRO,104,87.431,GF,
14,GTDPRO,105,87.249,GF,
14,GTDPRO,106,87.388,GF,
14,GTDPRO,107,86.999,FF,
16,GTD,1,98.375,GF,
16,GTD,2,88.945,GF,
16,GTD,3,87.962,GF,
16,GTD,4,87.841,GF,
16,GTD,5,88.596,GF,
16,GTD,6,87.338,GF,
16,GTD,7,87.406,GF,
16,GTD,8,87.182,GF,
16,GTD,9,86.861,GF,
16,GTD,10,87.183,GF,
16,GTD,11,87.243,GF,
16,GTD,12,88.977,GF,
16,GTD,13,87.903,GF,
16,GTD,14,87.737,GF,
16,GTD,15,88.267,GF,
16,GTD,16,88.345,GF,
16,GTD,17,88.635,GF,
16,GTD,18,88.069,GF,
16,GTD,19,88.465,GF,
16,GTD,20,87.946,GF,
16,GTD,21,87.926,GF,
16,GTD,22,91.521,FCY,
16,GTD,23,100.093,FCY,
16,GTD,24,100.995,FCY,
16,GTD,25,145.238,FCY,
16,GTD,26,172.945,FCY,
16,GTD,27,114.936,FCY,58.981
16,GTD,28,137.816,FCY,
16,GTD,29,164.913,FCY,
16,GTD,30,113.894,GF,45.247
16,GTD,31,86.45,GF,
16,GTD,32,86.139,GF,
16,GTD,33,85.072,GF,
16,GTD,34,85.294,GF,
16,GTD,35,85.606,GF,
16,GTD,36,87.142,GF,
16,GTD,37,87.265,GF,
16,GTD,38,86.885,GF,
16,GTD,39,87.018,GF,
16,GTD,40,87.161,GF,
16,GTD,41,87.09,GF,
16,GTD,42,85.944,GF,
16,GTD,43,85.537,GF,
16,GTD,44,85.598,GF,
16,GTD,45,86.165,GF,
16,GTD,46,86.868,GF,
16,GTD,47,86.242,GF,
16,GTD,48,86.025,GF,
16,GTD,49,86.736,GF,
16,GTD,50,86.448,GF,
16,GTD,51,86.836,GF,
16,GTD,52,86.416,GF,
16,GTD,53,86.76,GF,
16,GTD,54,88.394,GF,
16,GTD,55,86.796,GF,
16,GTD,56,86.55,GF,
16,GTD,57,87.026,GF,
16,GTD,58,87.159,GF,
16,GTD,59,88.113,GF,
16,GTD,60,87.156,GF,
16,GTD,61,87.365,GF,
16,GTD,62,86.11,GF,
16,GTD,63,131.548,GF,
16,GTD,64,94.19,GF,56.746
16,GTD,65,86.566,GF,
16,GTD,66,85.939,GF,
16,GTD,67,85.777,GF,
16,GTD,68,85.298,GF,
16,GTD,69,85.73,GF,
16,GTD,70,85.94,GF,
16,GTD,71,86.107,GF,
16,GTD,72,86.12,GF,
16,GTD,73,85.569,GF,
16,GTD,74,85.625,GF,
16,GTD,75,85.134,GF,
16,GTD,76,85.52,GF,
16,GTD,77,87.013,GF,
16,GTD,78,85.592,GF,
16,GTD,79,85.687,GF,
16,GTD,80,86.881,GF,
16,GTD,81,86.361,GF,
16,GTD,82,86.049,GF,
16,GTD,83,86.72,GF,
16,GTD,84,86.781,GF,
16,GTD,85,89.311,GF,
16,GTD,86,86.297,GF,
16,GTD,87,86.502,GF,
16,GTD,88,87.161,GF,
16,GTD,89,87.332,GF,
16,GTD,90,87.149,GF,
16,GTD,91,86.88,GF,
16,GTD,92,86.399,GF,
16,GTD,93,86.181,GF,
16,GTD,94,86.273,GF,
16,GTD,95,87.404,GF,
16,GTD,96,86.829,GF,
16,GTD,97,87.045,GF,
16,GTD,98,86.437,GF,
16,GTD,99,86.228,GF,
16,GTD,100,86.419,GF,
16,GTD,101,86.366,GF,
16,GTD,102,87.504,GF,
16,GTD,103,88.214,GF,
16,GTD,104,88.716,GF,
16,GTD,105,88.571,GF,
16,GTD,106,89.36,GF,
16,GTD,107,89.814,FF,
18,LMP2,1,88.924,GF,
18,LMP2,2,103.569,GF,
18,LMP2,3,83.395,GF,
18,LMP2,4,84.808,GF,
18,LMP2,5,85.343,GF,
18,LMP2,6,84.457,GF,
18,LMP2,7,82.89,GF,
18,LMP2,8,83.52,GF,
18,LMP2,9,81.862,GF,
18,LMP2,10,82.297,GF,
18,LMP2,11,82.155,GF,
18,LMP2,12,83.338,GF,
18,LMP2,13,81.316,GF,
18,LMP2,14,80.986,GF,
18,LMP2,15,80.968,GF,
18,LMP2,16,81.053,GF,
18,LMP2,17,80.861,GF,
18,LMP2,18,81.116,GF,
18,LMP2,19,81.872,GF,
18,LMP2,20,82.791,GF,
18,LMP2,21,81.161,GF,
18,LMP2,22,126.828,GF,
18,LMP2,23,98.35,FCY,53.103
18,LMP2,24,144.999,FCY,
18,LMP2,25,150.103,FCY,
18,LMP2,26,141.858,FCY,
18,LMP2,27,140.41,FCY,
18,LMP2,28,89.584,FCY,
18,LMP2,29,89.321,FCY,
18,LMP2,30,123.754,FCY,
18,LMP2,31,123.816,GF,
18,LMP2,32,84.859,GF,
18,LMP2,33,83.084,GF,
18,LMP2,34,81.718,GF,
18,LMP2,35,81.849,GF,
18,LMP2,36,81.417,GF,
18,LMP2,37,82.189,GF,
18,LMP2,38,82.546,GF,
18,LMP2,39,80.556,GF,
18,LMP2,40,80.978,GF,
18,LMP2,41,80.837,GF,
18,LMP2,42,80.414,GF,
18,LMP2,43,81.783,GF,
18,LMP2,44,83.016,GF,
18,LMP2,45,80.896,GF,
18,LMP2,46,83.125,GF,
18,LMP2,47,83.264,GF,
18,LMP2,48,101.399,GF,
18,LMP2,49,81.799,GF,
18,LMP2,50,82.741,GF,
18,LMP2,51,130.002,GF,
18,LMP2,52,91.372,GF,58.311
18,LMP2,53,80.754,GF,
18,LMP2,54,79.01,GF,
18,LMP2,55,77.509,GF,
18,LMP2,56,78.023,GF,
18,LMP2,57,77.883,GF,
18,LMP2,58,77.19,GF,
18,LMP2,59,77.782,GF,
18,LMP2,60,80.411,GF,
18,LMP2,61,80.23,GF,
18,LMP2,62,79.823,GF,
18,LMP2,63,78.422,GF,
18,LMP2,64,78.287,GF,
18,LMP2,65,77.822,GF,
18,LMP2,66,78.144,GF,
18,LMP2,67,78.015,GF,
18,LMP2,68,77.668,GF,
18,LMP2,69,78.248,GF,
18,LMP2,70,77.92,GF,
18,LMP2,71,77.778,GF,
18,LMP2,72,77.552,GF,
18,LMP2,73,79.596,GF,
18,LMP2,74,78.07,GF,
18,LMP2,75,79.457,GF,
18,LMP2,76,78.734,GF,
18,LMP2,77,78.697,GF,
18,LMP2,78,78.449,GF,
18,LMP2,79,79.535,GF,
18,LMP2,80,78.995,GF,
18,LMP2,81,77.977,GF,
18,LMP2,82,128.86,GF,
18,LMP2,83,89.976,GF,61.314
18,LMP2,84,80.225,GF,
18,LMP2,85,79.983,GF,
18,LMP2,86,79.942,GF,
18,LMP2,87,77.292,GF,
18,LMP2,88,77.268,GF,
18,LMP2,89,76.824,GF,
18,LMP2,90,77.027,GF,
18,LMP2,91,76.918,GF,
18,LMP2,92,79.13,GF,
18,LMP2,93,78.024,GF,
18,LMP2,94,81.182,GF,
18,LMP2,95,77.363,GF,
18,LMP2,96,78.305,GF,
18,LMP2,97,77.562,GF,
18,LMP2,98,78.555,GF,
18,LMP2,99,78.309,GF,
18,LMP2,100,77.397,GF,
18,LMP2,101,77.777,GF,
18,LMP2,102,78.726,GF,
18,LMP2,103,78.874,GF,
18,LMP2,104,78.603,GF,
18,LMP2,105,78.399,GF,
18,LMP2,106,78.718,GF,
18,LMP2,107,78.934,GF,
18,LMP2,108,78.587,GF,
18,LMP2,109,81.808,GF,
18,LMP2,110,80.057,GF,
18,LMP2,111,79.948,GF,
18,LMP2,112,79.657,GF,
18,LMP2,113,81.379,GF,
18,LMP2,114,83.132,FF,
20,LMP2,1,86.995,GF,
20,LMP2,2,81.819,GF,
20,LMP2,3,81.191,GF,
20,LMP2,4,81.217,GF,
20,LMP2,5,81.074,GF,
20,LMP2,6,80.902,GF,
20,LMP2,7,80.815,GF,
20,LMP2,8,81.452,GF,
20,LMP2,9,81.792,GF,
20,LMP2,10,81.942,GF,
20,LMP2,11,81.512,GF,
20,LMP2,12,81.758,GF,
20,LMP2,13,82.444,GF,
20,LMP2,14,82.252,GF,
20,LMP2,15,82.893,GF,
20,LMP2,16,83.081,GF,
20,LMP2,17,86.474,GF,
20,LMP2,18,84.97,GF,
20,LMP2,19,82.913,GF,
20,LMP2,20,83.616,GF,
20,LMP2,21,84.095,GF,
20,LMP2,22,84.282,GF,
20,LMP2,23,82.796,FCY,
20,LMP2,24,96.9,FCY,
20,LMP2,25,133.901,FCY,
20,LMP2,26,192.235,FCY,
20,LMP2,27,115.469,FCY,58.29
20,LMP2,28,130.101,FCY,
20,LMP2,29,137.109,FCY,
20,LMP2,30,143.113,FCY,
20,LMP2,31,133.316,GF,
20,LMP2,32,83.774,GF,
20,LMP2,33,83.315,GF,
20,LMP2,34,83.244,GF,
20,LMP2,35,82.345,GF,
20,LMP2,36,82.193,GF,
20,LMP2,37,81.967,GF,
20,LMP2,38,85.414,GF,
20,LMP2,39,82.407,GF,
20,LMP2,40,82.454,GF,
20,LMP2,41,81.907,GF,
20,LMP2,42,81.987,GF,
20,LMP2,43,82.153,GF,
20,LMP2,44,83.611,GF,
20,LMP2,45,84.586,GF,
20,LMP2,46,161.776,GF,
20,LMP2,47,91.347,GF,88.579
20,LMP2,48,79.155,GF,
20,LMP2,49,78.761,GF,
20,LMP2,50,80.266,GF,
20,LMP2,51,80.394,GF,
20,LMP2,52,81.046,GF,
20,LMP2,53,79.897,GF,
20,LMP2,54,78.67,GF,
20,LMP2,55,78.486,GF,
20,LMP2,56,78.592,GF,
20,LMP2,57,78.542,GF,
20,LMP2,58,79.032,GF,
20,LMP2,59,78.364,GF,
20,LMP2,60,78.404,GF,
20,LMP2,61,80.484,GF,
20,LMP2,62,80.16,GF,
20,LMP2,63,81.079,GF,
20,LMP2,64,80.048,GF,
20,LMP2,65,80.617,GF,
20,LMP2,66,80.019,GF,
20,LMP2,67,79.914,GF,
20,LMP2,68,80.468,GF,
20,LMP2,69,80.276,GF,
20,LMP2,70,80.493,GF,
20,LMP2,71,79.705,GF,
20,LMP2,72,79.516,GF,
20,LMP2,73,79.335,GF,
20,LMP2,74,79.412,GF,
20,LMP2,75,79.307,GF,
20,LMP2,76,79.014,GF,
20,LMP2,77,79.402,GF,
20,LMP2,78,81.091,GF,
20,LMP2,79,80.552,GF,
20,LMP2,80,134.227,GF,
20,LMP2,81,90.547,GF,65.296
20,LMP2,82,80.213,GF,
20,LMP2,83,78.221,GF,
20,LMP2,84,77.384,GF,
20,LMP2,85,76.991,GF,
20,LMP2,86,77.164,GF,
20,LMP2,87,79.889,GF,
20,LMP2,88,78.306,GF,
20,LMP2,89,79.705,GF,
20,LMP2,90,78.777,GF,
20,LMP2,91,78.8,GF,
20,LMP2,92,77.978,GF,
20,LMP2,93,77.893,GF,
20,LMP2,94,80.496,GF,
20,LMP2,95,78.831,GF,
20,LMP2,96,78.379,GF,
20,LMP2,97,78.911,GF,
20,LMP2,98,79.966,GF,
20,LMP2,99,78.702,GF,
20,LMP2,100,80.484,GF,
20,LMP2,101,80.311,GF,
20,LMP2,102,80.812,GF,
20,LMP2,103,82.322,GF,
20,LMP2,104,79.812,GF,
20,LMP2,105,79.514,GF,
20,LMP2,106,80.134,GF,
20,LMP2,107,80.397,GF,
20,LMP2,108,79.891,GF,
20,LMP2,109,79.473,GF,
20,LMP2,110,80.282,GF,
20,LMP2,111,82.206,GF,
20,LMP2,112,81.219,GF,
20,LMP2,113,80.91,FF,
23,GTDPRO,1,91.66,GF,
23,GTDPRO,2,85.783,GF,
23,GTDPRO,3,85.377,GF,
23,GTDPRO,4,85.201,GF,
23,GTDPRO,5,85.569,GF,
23,GTDPRO,6,85.534,GF,
23,GTDPRO,7,85.608,GF,
23,GTDPRO,8,85.885,GF,
23,GTDPRO,9,86.004,GF,
23,GTDPRO,10,87.016,GF,
23,GTDPRO,11,86.981,GF,
23,GTDPRO,12,85.935,GF,
23,GTDPRO,13,85.957,GF,
23,GTDPRO,14,86.001,GF,
23,GTDPRO,15,86.488,GF,
23,GTDPRO,16,86.325,GF,
23,GTDPRO,17,86.269,GF,
23,GTDPRO,18,87.025,GF,
23,GTDPRO,19,86.597,GF,
23,GTDPRO,20,87.993,GF,
23,GTDPRO,21,86.955,GF,
23,GTDPRO,22,88.332,FCY,
23,GTDPRO,23,97.61,FCY,
23,GTDPRO,24,132.068,FCY,
23,GTDPRO,25,149.222,FCY,
23,GTDPRO,26,182.816,FCY,
23,GTDPRO,27,116.009,FCY,62.601
23,GTDPRO,28,137.4,FCY,
23,GTDPRO,29,143.507,FCY,
23,GTDPRO,30,127.224,GF,
23,GTDPRO,31,88.264,GF,
23,GTDPRO,32,86.484,GF,
23,GTDPRO,33,85.916,GF,
23,GTDPRO,34,85.49,GF,
23,GTDPRO,35,85.508,GF,
23,GTDPRO,36,85.757,GF,
23,GTDPRO,37,85.607,GF,
23,GTDPRO,38,86.244,GF,
23,GTDPRO,39,86.068,GF,
23,GTDPRO,40,86.054,GF,
23,GTDPRO,41,85.983,GF,
23,GTDPRO,42,86.051,GF,
23,GTDPRO,43,85.684,GF,
23,GTDPRO,44,86.198,GF,
23,GTDPRO,45,85.833,GF,
23,GTDPRO,46,85.68,GF,
23,GTDPRO,47,86.542,GF,
23,GTDPRO,48,86.332,GF,
23,GTDPRO,49,86.074,GF,
23,GTDPRO,50,86.485,GF,
23,GTDPRO,51,87.334,GF,
23,GTDPRO,52,87.437,GF,
23,GTDPRO,53,86.808,GF,
23,GTDPRO,54,86.846,GF,
23,GTDPRO,55,86.569,GF,
23,GTDPRO,56,87.039,GF,
23,GTDPRO,57,86.887,GF,
23,GTDPRO,58,86.895,GF,
23,GTDPRO,59,86.933,GF,
23,GTDPRO,60,87.415,GF,
23,GTDPRO,61,87.151,GF,
23,GTDPRO,62,88.064,GF,
23,GTDPRO,63,143.124,GF,
23,GTDPRO,64,95.005,GF,67.962
23,GTDPRO,65,86.668,GF,
23,GTDPRO,66,85.536,GF,
23,GTDPRO,67,85.027,GF,
23,GTDPRO,68,84.948,GF,
23,GTDPRO,69,84.905,GF,
23,GTDPRO,70,85.303,GF,
23,GTDPRO,71,85.778,GF,
23,GTDPRO,72,86.348,GF,
23,GTDPRO,73,86.081,GF,
23,GTDPRO,74,86.119,GF,
23,GTDPRO,75,85.611,GF,
23,GTDPRO,76,86.028,GF,
23,GTDPRO,77,86.201,GF,
23,GTDPRO,78,86.163,GF,
23,GTDPRO,79,86.249,GF,
23,GTDPRO,80,87.298,GF,
23,GTDPRO,81,86.403,GF,
23,GTDPRO,82,86.278,GF,
23,GTDPRO,83,86.807,GF,
23,GTDPRO,84,86.95,GF,
23,GTDPRO,85,89.099,GF,
23,GTDPRO,86,85.931,GF,
23,GTDPRO,87,86.705,GF,
23,GTDPRO,88,87.628,GF,
23,GTDPRO,89,87.064,GF,
23,GTDPRO,90,87.195,GF,
23,GTDPRO,91,88.119,GF,
23,GTDPRO,92,87.492,GF,
23,GTDPRO,93,87.736,GF,
23,GTDPRO,94,87.204,GF,
23,GTDPRO,95,88.03,GF,
23,GTDPRO,96,87.553,GF,
23,GTDPRO,97,88.172,GF,
23,GTDPRO,98,86.307,GF,
23,GTDPRO,99,86.295,GF,
23,GTDPRO,100,86.614,GF,
23,GTDPRO,101,86.959,GF,
23,GTDPRO,102,88.089,GF,
23,GTDPRO,103,88.041,GF,
23,GTDPRO,104,87.738,GF,
23,GTDPRO,105,88.111,GF,
23,GTDPRO,106,88.607,GF,
23,GTDPRO,107,90.97,FF,
25,GTDPRO,1,92.316,GF,
25,GTDPRO,2,86.342,GF,
25,GTDPRO,3,85.957,GF,
25,GTDPRO,4,86.03,GF,
25,GTDPRO,5,85.83,GF,
25,GTDPRO,6,86.271,GF,
25,GTDPRO,7,86.135,GF,
25,GTDPRO,8,86.108,GF,
25,GTDPRO,9,86.819,GF,
25,GTDPRO,10,86.779,GF,
25,GTDPRO,11,86.595,GF,
25,GTDPRO,12,86.436,GF,
25,GTDPRO,13,86.544,GF,
25,GTDPRO,14,86.668,GF,
25,GTDPRO,15,86.786,GF,
25,GTDPRO,16,86.807,GF,
25,GTDPRO,17,87.32,GF,
25,GTDPRO,18,87.297,GF,
25,GTDPRO,19,87.587,GF,
25,GTDPRO,20,88.042,GF,
25,GTDPRO,21,87.315,GF,
25,GTDPRO,22,87.977,FCY,
25,GTDPRO,23,95.873,FCY,
25,GTDPRO,24,126.992,FCY,
25,GTDPRO,25,147.37,FCY,
25,GTDPRO,26,180.65,FCY,
25,GTDPRO,27,116.403,FCY,60.595
25,GTDPRO,28,137.506,FCY,
25,GTDPRO,29,143.503,FCY,
25,GTDPRO,30,127.441,GF,
25,GTDPRO,31,88.11,GF,
25,GTDPRO,32,86.02,GF,
25,GTDPRO,33,85.333,GF,
25,GTDPRO,34,85.105,GF,
25,GTDPRO,35,85.763,GF,
25,GTDPRO,36,85.352,GF,
25,GTDPRO,37,85.598,GF,
25,GTDPRO,38,85.598,GF,
25,GTDPRO,39,86.232,GF,
25,GTDPRO,40,85.768,GF,
25,GTDPRO,41,85.922,GF,
25,GTDPRO,42,85.873,GF,
25,GTDPRO,43,85.915,GF,
25,GTDPRO,44,86.151,GF,
25,GTDPRO,45,86.355,GF,
25,GTDPRO,46,86.358,GF,
25,GTDPRO,47,86.648,GF,
25,GTDPRO,48,86.856,GF,
25,GTDPRO,49,86.881,GF,
25,GTDPRO,50,86.519,GF,
25,GTDPRO,51,87.309,GF,
25,GTDPRO,52,87.236,GF,
25,GTDPRO,53,86.929,GF,
25,GTDPRO,54,86.769,GF,
25,GTDPRO,55,86.831,GF,
25,GTDPRO,56,86.75,GF,
25,GTDPRO,57,87.019,GF,
25,GTDPRO,58,87.03,GF,
25,GTDPRO,59,86.749,GF,
25,GTDPRO,60,87.048,GF,
25,GTDPRO,61,133.847,GF,
25,GTDPRO,62,94.533,GF,59.08
25,GTDPRO,63,86.648,GF,
25,GTDPRO,64,85.8,GF,
25,GTDPRO,65,86.207,GF,
25,GTDPRO,66,86.153,GF,
25,GTDPRO,67,85.877,GF,
25,GTDPRO,68,85.215,GF,
25,GTDPRO,69,85.123,GF,
25,GTDPRO,70,85.253,GF,
25,GTDPRO,71,85.585,GF,
25,GTDPRO,72,86.313,GF,
25,GTDPRO,73,86.769,GF,
25,GTDPRO,74,85.917,GF,
25,GTDPRO,75,85.98,GF,
25,GTDPRO,76,85.898,GF,
25,GTDPRO,77,85.914,GF,
25,GTDPRO,78,85.932,GF,
25,GTDPRO,79,86.268,GF,
25,GTDPRO,80,85.913,GF,
25,GTDPRO,81,86.245,GF,
25,GTDPRO,82,87.122,GF,
25,GTDPRO,83,86.244,GF,
25,GTDPRO,84,86.15,GF,
25,GTDPRO,85,86.494,GF,
25,GTDPRO,86,86.474,GF,
25,GTDPRO,87,86.709,GF,
25,GTDPRO,88,86.629,GF,
25,GTDPRO,89,86.618,GF,
25,GTDPRO,90,87.043,GF,
25,GTDPRO,91,86.804,GF,
25,GTDPRO,92,86.626,GF,
25,GTDPRO,93,86.615,GF,
25,GTDPRO,94,86.918,GF,
25,GTDPRO,95,86.618,GF,
25,GTDPRO,96,87.833,GF,
25,GTDPRO,97,87.569,GF,
25,GTDPRO,98,87.661,GF,
25,GTDPRO,99,87.154,GF,
25,GTDPRO,100,87.436,GF,
25,GTDPRO,101,87.709,GF,
25,GTDPRO,102,87.234,GF,
25,GTDPRO,103,87.678,GF,
25,GTDPRO,104,87.228,GF,
25,GTDPRO,105,87.227,GF,
25,GTDPRO,106,87.169,GF,
25,GTDPRO,107,87.261,FF,
27,GTD,1,95.542,GF,
27,GTD,2,87.0,GF,
27,GTD,3,86.741,GF,
27,GTD,4,86.026,GF,
27,GTD,5,86.274,GF,
27,GTD,6,86.004,GF,
27,GTD,7,86.266,GF,
27,GTD,8,86.419,GF,
27,GTD,9,87.482,GF,
27,GTD,10,86.62,GF,
27,GTD,11,86.786,GF,
27,GTD,12,86.453,GF,
27,GTD,13,86.768,GF,
27,GTD,14,87.287,GF,
27,GTD,15,87.313,GF,
27,GTD,16,88.358,GF,
27,GTD,17,87.567,GF,
27,GTD,18,87.463,GF,
27,GTD,19,87.46,GF,
27,GTD,20,86.899,GF,
27,GTD,21,86.739,GF,
27,GTD,22,87.738,FCY,
27,GTD,23,93.257,FCY,
27,GTD,24,124.994,FCY,
27,GTD,25,146.869,FCY,
27,GTD,26,182.56,FCY,
27,GTD,27,114.72,FCY,63.456
27,GTD,28,138.043,FCY,
27,GTD,29,142.502,FCY,
27,GTD,30,126.459,GF,
27,GTD,31,100.964,GF,
27,GTD,32,90.391,GF,24.134
27,GTD,33,85.317,GF,
27,GTD,34,85.492,GF,
27,GTD,35,85.807,GF,
27,GTD,36,86.579,GF,
27,GTD,37,85.382,GF,
27,GTD,38,85.425,GF,
27,GTD,39,85.691,GF,
27,GTD,40,86.016,GF,
27,GTD,41,86.457,GF,
27,GTD,42,86.704,GF,
27,GTD,43,86.434,GF,
27,GTD,44,86.634,GF,
27,GTD,45,87.649,GF,
27,GTD,46,85.936,GF,
27,GTD,47,85.825,GF,
27,GTD,48,86.569,GF,
27,GTD,49,86.198,GF,
27,GTD,50,86.402,GF,
27,GTD,51,86.038,GF,
27,GTD,52,86.157,GF,
27,GTD,53,86.267,GF,
27,GTD,54,86.376,GF,
27,GTD,55,86.422,GF,
27,GTD,56,86.51,GF,
27,GTD,57,86.517,GF,
27,GTD,58,86.718,GF,
27,GTD,59,87.432,GF,
27,GTD,60,87.21,GF,
27,GTD,61,88.256,GF,
27,GTD,62,137.303,GF,
27,GTD,63,97.888,GF,62.312
27,GTD,64,87.204,GF,
27,GTD,65,86.432,GF,
27,GTD,66,85.908,GF,
27,GTD,67,86.341,GF,
27,GTD,68,85.932,GF,
27,GTD,69,86.032,GF,
27,GTD,70,86.511,GF,
27,GTD,71,86.383,GF,
27,GTD,72,85.985,GF,
27,GTD,73,85.549,GF,
27,GTD,74,86.619,GF,
27,GTD,75,85.865,GF,
27,GTD,76,85.821,GF,
27,GTD,77,85.976,GF,
27,GTD,78,86.635,GF,
27,GTD,79,86.127,GF,
27,GTD,80,85.779,GF,
27,GTD,81,85.951,GF,
27,GTD,82,85.538,GF,
27,GTD,83,86.963,GF,
27,GTD,84,86.844,GF,
27,GTD,85,86.48,GF,
27,GTD,86,87.316,GF,
27,GTD,87,87.509,GF,
27,GTD,88,86.651,GF,
27,GTD,89,86.957,GF,
27,GTD,90,86.805,GF,
27,GTD,91,86.847,GF,
27,GTD,92,87.296,GF,
27,GTD,93,89.67,GF,
27,GTD,94,87.269,GF,
27,GTD,95,86.916,GF,
27,GTD,96,87.447,GF,
27,GTD,97,87.333,GF,
27,GTD,98,86.94,GF,
27,GTD,99,88.787,GF,
27,GTD,100,88.152,GF,
27,GTD,101,86.694,GF,
27,GTD,102,86.93,GF,
27,GTD,103,87.446,GF,
27,GTD,104,86.804,GF,
27,GTD,105,87.021,GF,
27,GTD,106,87.993,GF,
27,GTD,107,87.058,FF,
28,GTD,1,98.01,GF,
28,GTD,2,88.211,GF,
28,GTD,3,87.646,GF,
28,GTD,4,86.508,GF,
28,GTD,5,87.297,GF,
28,GTD,6,86.612,GF,
28,GTD,7,87.395,GF,
28,GTD,8,87.875,GF,
28,GTD,9,87.068,GF,
28,GTD,10,86.894,GF,
28,GTD,11,108.287,GF,
28,GTD,12,87.362,GF,
28,GTD,13,87.731,GF,
28,GTD,14,87.797,GF,
28,GTD,15,88.053,GF,
28,GTD,16,87.763,GF,
28,GTD,17,87.618,GF,
28,GTD,18,86.77,GF,
28,GTD,19,87.03,GF,
28,GTD,20,86.996,GF,
28,GTD,21,86.962,GF,
28,GTD,22,104.166,FCY,
28,GTD,23,142.987,FCY,
28,GTD,24,96.061,FCY,
28,GTD,25,96.977,FCY,
28,GTD,26,165.344,FCY,
28,GTD,27,114.232,FCY,59.143
28,GTD,28,167.797,FCY,
28,GTD,29,117.114,FCY,51.316
28,GTD,30,127.339,GF,
28,GTD,31,86.268,GF,
28,GTD,32,85.487,GF,
28,GTD,33,85.455,GF,
28,GTD,34,85.493,GF,
28,GTD,35,86.372,GF,
28,GTD,36,85.893,GF,
28,GTD,37,85.844,GF,
28,GTD,38,86.407,GF,
28,GTD,39,85.981,GF,
28,GTD,40,85.906,GF,
28,GTD,41,85.961,GF,
28,GTD,42,86.331,GF,
28,GTD,43,86.469,GF,
28,GTD,44,86.325,GF,
28,GTD,45,86.383,GF,
28,GTD,46,86.906,GF,
28,GTD,47,87.434,GF,
28,GTD,48,86.265,GF,
28,GTD,49,86.754,GF,
28,GTD,50,86.665,GF,
28,GTD,51,86.721,GF,
28,GTD,52,86.574,GF,
28,GTD,53,87.395,GF,
28,GTD,54,86.86,GF,
28,GTD,55,86.983,GF,
28,GTD,56,86.639,GF,
28,GTD,57,86.861,GF,
28,GTD,58,86.967,GF,
28,GTD,59,87.145,GF,
28,GTD,60,87.92,GF,
28,GTD,61,87.437,GF,
28,GTD,62,87.072,GF,
28,GTD,63,87.003,GF,
28,GTD,64,86.496,GF,
28,GTD,65,86.748,GF,
28,GTD,66,86.889,GF,
28,GTD,67,86.905,GF,
28,GTD,68,87.122,GF,
28,GTD,69,87.007,GF,
28,GTD,70,87.324,GF,
28,GTD,71,87.154,GF,
28,GTD,72,131.733,GF,
28,GTD,73,100.769,GF,56.758
28,GTD,74,86.269,GF,
28,GTD,75,85.994,GF,
28,GTD,76,85.423,GF,
28,GTD,77,85.407,GF,
28,GTD,78,85.93,GF,
28,GTD,79,87.107,GF,
28,GTD,80,86.062,GF,
28,GTD,81,86.174,GF,
28,GTD,82,86.094,GF,
28,GTD,83,86.643,GF,
28,GTD,84,86.976,GF,
28,GTD,85,86.422,GF,
28,GTD,86,86.184,GF,
28,GTD,87,86.376,GF,
28,GTD,88,86.886,GF,
28,GTD,89,86.029,GF,
28,GTD,90,86.385,GF,
28,GTD,91,86.103,GF,
28,GTD,92,86.742,GF,
28,GTD,93,87.083,GF,
28,GTD,94,86.69,GF,
28,GTD,95,87.119,GF,
28,GTD,96,86.841,GF,
28,GTD,97,87.46,GF,
28,GTD,98,87.903,GF,
28,GTD,99,87.719,GF,
28,GTD,100,133.775,GF,
28,GTD,101,87.693,GF,
28,GTD,102,87.522,GF,
28,GTD,103,87.732,GF,
28,GTD,104,88.309,GF,
28,GTD,105,88.102,GF,
28,GTD,106,88.045,FF,
3,GTDPRO,1,96.54,GF,
3,GTDPRO,2,87.133,GF,
3,GTDPRO,3,86.507,GF,
3,GTDPRO,4,87.286,GF,
3,GTDPRO,5,86.381,GF,
3,GTDPRO,6,86.722,GF,
3,GTDPRO,7,86.623,GF,
3,GTDPRO,8,86.823,GF,
3,GTDPRO,9,87.165,GF,
3,GTDPRO,10,86.846,GF,
3,GTDPRO,11,86.435,GF,
3,GTDPRO,12,86.819,GF,
3,GTDPRO,13,86.536,GF,
3,GTDPRO,14,86.907,GF,
3,GTDPRO,15,87.43,GF,
3,GTDPRO,16,87.604,GF,
3,GTDPRO,17,121.083,GF,
3,GTDPRO,18,93.751,GF,45.508
3,GTDPRO,19,85.844,GF,
3,GTDPRO,20,85.623,GF,
3,GTDPRO,21,85.244,GF,
3,GTDPRO,22,99.513,FCY,
3,GTDPRO,23,143.427,FCY,
3,GTDPRO,24,96.973,FCY,
3,GTDPRO,25,97.749,FCY,
3,GTDPRO,26,140.115,FCY,
3,GTDPRO,27,127.844,FCY,45.838
3,GTDPRO,28,136.176,FCY,
3,GTDPRO,29,142.848,FCY,
3,GTDPRO,30,133.071,GF,
3,GTDPRO,31,88.572,GF,
3,GTDPRO,32,85.912,GF,
3,GTDPRO,33,85.287,GF,
3,GTDPRO,34,84.976,GF,
3,GTDPRO,35,85.217,GF,
3,GTDPRO,36,85.552,GF,
3,GTDPRO,37,85.579,GF,
3,GTDPRO,38,85.596,GF,
3,GTDPRO,39,86.226,GF,
3,GTDPRO,40,85.55,GF,
3,GTDPRO,41,85.568,GF,
3,GTDPRO,42,85.797,GF,
3,GTDPRO,43,86.254,GF,
3,GTDPRO,44,86.108,GF,
3,GTDPRO,45,86.249,GF,
3,GTDPRO,46,86.362,GF,
3,GTDPRO,47,86.574,GF,
3,GTDPRO,48,86.681,GF,
3,GTDPRO,49,86.69,GF,
3,GTDPRO,50,86.158,GF,
3,GTDPRO,51,86.467,GF,
3,GTDPRO,52,87.04,GF,
3,GTDPRO,53,86.894,GF,
3,GTDPRO,54,86.577,GF,
3,GTDPRO,55,86.861,GF,
3,GTDPRO,56,86.798,GF,
3,GTDPRO,57,86.909,GF,
3,GTDPRO,58,86.804,GF,
3,GTDPRO,59,87.156,GF,
3,GTDPRO,60,86.717,GF,
3,GTDPRO,61,87.237,GF,
3,GTDPRO,62,88.228,GF,
3,GTDPRO,63,87.115,GF,
3,GTDPRO,64,135.086,GF,
3,GTDPRO,65,95.779,GF,60.257
3,GTDPRO,66,86.623,GF,
3,GTDPRO,67,86.149,GF,
3,GTDPRO,68,85.483,GF,
3,GTDPRO,69,85.874,GF,
3,GTDPRO,70,85.214,GF,
3,GTDPRO,71,86.142,GF,
3,GTDPRO,72,85.667,GF,
3,GTDPRO,73,85.866,GF,
3,GTDPRO,74,85.775,GF,
3,GTDPRO,75,86.105,GF,
3,GTDPRO,76,85.872,GF,
3,GTDPRO,77,85.847,GF,
3,GTDPRO,78,85.71,GF,
3,GTDPRO,79,85.988,GF,
3,GTDPRO,80,85.847,GF,
3,GTDPRO,81,86.841,GF,
3,GTDPRO,82,86.463,GF,
3,GTDPRO,83,85.898,GF,
3,GTDPRO,84,86.256,GF,
3,GTDPRO,85,86.32,GF,
3,GTDPRO,86,86.163,GF,
3,GTDPRO,87,87.064,GF,
3,GTDPRO,88,86.421,GF,
3,GTDPRO,89,86.415,GF,
3,GTDPRO,90,86.671,GF,
3,GTDPRO,91,86.644,GF,
3,GTDPRO,92,86.694,GF,
3,GTDPRO,93,86.45,GF,
3,GTDPRO,94,86.554,GF,
3,GTDPRO,95,86.876,GF,
3,GTDPRO,96,87.154,GF,
3,GTDPRO,97,88.911,GF,
3,GTDPRO,98,86.832,GF,
3,GTDPRO,99,87.346,GF,
3,GTDPRO,100,87.105,GF,
3,GTDPRO,101,87.066,GF,
3,GTDPRO,102,87.262,GF,
3,GTDPRO,103,88.0,GF,
3,GTDPRO,104,87.988,GF,
3,GTDPRO,105,87.019,GF,
3,GTDPRO,106,87.366,GF,
3,GTDPRO,107,87.246,FF,
31,DPi,1,81.826,GF,
31,DPi,2,77.808,GF,
31,DPi,3,77.557,GF,
31,DPi,4,77.205,GF,
31,DPi,5,76.99,GF,
31,DPi,6,77.331,GF,
31,DPi,7,77.804,GF,
31,DPi,8,79.818,GF,
31,DPi,9,79.483,GF,
31,DPi,10,81.137,GF,
31,DPi,11,80.511,GF,
31,DPi,12,79.35,GF,
31,DPi,13,79.359,GF,
31,DPi,14,78.22,GF,
31,DPi,15,79.267,GF,
31,DPi,16,78.922,GF,
31,DPi,17,79.089,GF,
31,DPi,18,79.153,GF,
31,DPi,19,81.019,GF,
31,DPi,20,79.535,GF,
31,DPi,21,82.418,GF,
31,DPi,22,81.612,GF,
31,DPi,23,81.5,GF,
31,DPi,24,81.426,FCY,
31,DPi,25,94.28,FCY,
31,DPi,26,132.194,FCY,
31,DPi,27,189.23,FCY,
31,DPi,28,110.89,FCY,55.98
31,DPi,29,133.508,FCY,
31,DPi,30,138.879,FCY,
31,DPi,31,142.997,FCY,
31,DPi,32,132.202,GF,
31,DPi,33,78.408,GF,
31,DPi,34,77.319,GF,
31,DPi,35,76.302,GF,
31,DPi,36,76.057,GF,
31,DPi,37,76.476,GF,
31,DPi,38,76.384,GF,
31,DPi,39,79.285,GF,
31,DPi,40,78.503,GF,
31,DPi,41,78.629,GF,
31,DPi,42,78.134,GF,
31,DPi,43,77.293,GF,
31,DPi,44,76.48,GF,
31,DPi,45,76.461,GF,
31,DPi,46,76.82,GF,
31,DPi,47,78.701,GF,
31,DPi,48,76.901,GF,
31,DPi,49,78.692,GF,
31,DPi,50,78.507,GF,
31,DPi,51,79.31,GF,
31,DPi,52,78.575,GF,
31,DPi,53,78.412,GF,
31,DPi,54,77.646,GF,
31,DPi,55,77.855,GF,
31,DPi,56,119.522,GF,
31,DPi,57,90.724,GF,53.226
31,DPi,58,78.035,GF,
31,DPi,59,77.48,GF,
31,DPi,60,77.426,GF,
31,DPi,61,76.88,GF,
31,DPi,62,77.572,GF,
31,DPi,63,77.153,GF,
31,DPi,64,76.933,GF,
31,DPi,65,76.926,GF,
31,DPi,66,79.463,GF,
31,DPi,67,78.697,GF,
31,DPi,68,77.638,GF,
31,DPi,69,78.188,GF,
31,DPi,70,78.972,GF,
31,DPi,71,78.237,GF,
31,DPi,72,78.026,GF,
31,DPi,73,76.827,GF,
31,DPi,74,76.705,GF,
31,DPi,75,76.336,GF,
31,DPi,76,77.349,GF,
31,DPi,77,76.752,GF,
31,DPi,78,77.22,GF,
31,DPi,79,76.792,GF,
31,DPi,80,77.274,GF,
31,DPi,81,78.186,GF,
31,DPi,82,117.781,GF,
31,DPi,83,88.505,GF,51.05
31,DPi,84,78.377,GF,
31,DPi,85,78.19,GF,
31,DPi,86,78.872,GF,
31,DPi,87,78.174,GF,
31,DPi,88,77.317,GF,
31,DPi,89,76.781,GF,
31,DPi,90,77.1,GF,
31,DPi,91,76.443,GF,
31,DPi,92,76.358,GF,
31,DPi,93,76.397,GF,
31,DPi,94,77.171,GF,
31,DPi,95,79.235,GF,
31,DPi,96,76.821,GF,
31,DPi,97,77.262,GF,
31,DPi,98,77.141,GF,
31,DPi,99,77.429,GF,
31,DPi,100,76.536,GF,
31,DPi,101,76.718,GF,
31,DPi,102,77.35,GF,
31,DPi,103,77.942,GF,
31,DPi,104,78.786,GF,
31,DPi,105,78.111,GF,
31,DPi,106,78.528,GF,
31,DPi,107,77.139,GF,
31,DPi,108,77.003,GF,
31,DPi,109,78.777,GF,
31,DPi,110,77.718,GF,
31,DPi,111,78.225,GF,
31,DPi,112,78.297,GF,
31,DPi,113,78.671,GF,
31,DPi,114,78.718,GF,
31,DPi,115,78.115,GF,
31,DPi,116,79.294,GF,
31,DPi,117,79.709,FF,
32,GTD,1,97.513,GF,
32,GTD,2,88.31,GF,
32,GTD,3,87.172,GF,
32,GTD,4,86.572,GF,
32,GTD,5,86.975,GF,
32,GTD,6,86.785,GF,
32,GTD,7,87.462,GF,
32,GTD,8,88.151,GF,
32,GTD,9,86.886,GF,
32,GTD,10,86.584,GF,
32,GTD,11,86.854,GF,
32,GTD,12,86.653,GF,
32,GTD,13,87.26,GF,
32,GTD,14,87.014,GF,
32,GTD,15,87.905,GF,
32,GTD,16,87.292,GF,
32,GTD,17,87.614,GF,
32,GTD,18,87.159,GF,
32,GTD,19,88.173,GF,
32,GTD,20,87.645,GF,
32,GTD,21,88.49,GF,
32,GTD,22,89.481,FCY,
32,GTD,23,98.721,FCY,
32,GTD,24,113.582,FCY,
32,GTD,25,146.821,FCY,
32,GTD,26,180.58,FCY,
32,GTD,27,113.43,FCY,65.259
32,GTD,28,136.572,FCY,
32,GTD,29,142.778,FCY,
32,GTD,30,125.222,GF,
32,GTD,31,88.227,GF,
32,GTD,32,85.988,GF,
32,GTD,33,85.944,GF,
32,GTD,34,85.605,GF,
32,GTD,35,85.571,GF,
32,GTD,36,85.739,GF,
32,GTD,37,85.823,GF,
32,GTD,38,86.626,GF,
32,GTD,39,85.818,GF,
32,GTD,40,86.068,GF,
32,GTD,41,86.062,GF,
32,GTD,42,85.933,GF,
32,GTD,43,87.051,GF,
32,GTD,44,87.301,GF,
32,GTD,45,86.288,GF,
32,GTD,46,86.748,GF,
32,GTD,47,87.028,GF,
32,GTD,48,86.727,GF,
32,GTD,49,86.42,GF,
32,GTD,50,87.37,GF,
32,GTD,51,87.01,GF,
32,GTD,52,86.618,GF,
32,GTD,53,86.651,GF,
32,GTD,54,86.843,GF,
32,GTD,55,86.8,GF,
32,GTD,56,87.022,GF,
32,GTD,57,86.859,GF,
32,GTD,58,86.935,GF,
32,GTD,59,87.781,GF,
32,GTD,60,87.841,GF,
32,GTD,61,136.885,GF,
32,GTD,62,97.334,GF,61.026
32,GTD,63,87.402,GF,
32,GTD,64,86.441,GF,
32,GTD,65,85.867,GF,
32,GTD,66,85.828,GF,
32,GTD,67,85.94,GF,
32,GTD,68,85.389,GF,
32,GTD,69,86.128,GF,
32,GTD,70,85.888,GF,
32,GTD,71,86.793,GF,
32,GTD,72,85.686,GF,
32,GTD,73,86.092,GF,
32,GTD,74,85.869,GF,
32,GTD,75,85.736,GF,
32,GTD,76,85.552,GF,
32,GTD,77,87.019,GF,
32,GTD,78,85.911,GF,
32,GTD,79,87.026,GF,
32,GTD,80,86.104,GF,
32,GTD,81,86.295,GF,
32,GTD,82,86.76,GF,
32,GTD,83,86.651,GF,
32,GTD,84,86.833,GF,
32,GTD,85,87.27,GF,
32,GTD,86,87.189,GF,
32,GTD,87,86.856,GF,
32,GTD,88,87.032,GF,
32,GTD,89,86.838,GF,
32,GTD,90,86.95,GF,
32,GTD,91,87.074,GF,
32,GTD,92,87.114,GF,
32,GTD,93,87.515,GF,
32,GTD,94,87.777,GF,
32,GTD,95,87.752,GF,
32,GTD,96,87.129,GF,
32,GTD,97,87.884,GF,
32,GTD,98,87.849,GF,
32,GTD,99,87.814,GF,
32,GTD,100,87.345,GF,
32,GTD,101,87.849,GF,
32,GTD,102,87.515,GF,
32,GTD,103,87.543,GF,
32,GTD,104,88.216,GF,
32,GTD,105,88.315,GF,
32,GTD,106,87.767,GF,
32,GTD,107,88.37,FF,
34,GTD,1,104.741,GF,
34,GTD,2,91.378,GF,
34,GTD,3,89.661,GF,
34,GTD,4,89.066,GF,
34,GTD,5,91.76,GF,
34,GTD,6,90.574,GF,
34,GTD,7,90.918,GF,
34,GTD,8,91.027,GF,
34,GTD,9,88.897,GF,
34,GTD,10,88.95,GF,
34,GTD,11,90.045,GF,
34,GTD,12,91.162,GF,
34,GTD,13,90.644,GF,
34,GTD,14,90.042,GF,
34,GTD,15,89.766,GF,
34,GTD,16,89.442,GF,
34,GTD,17,89.039,GF,
34,GTD,18,92.071,GF,
34,GTD,19,91.218,GF,
34,GTD,20,91.196,GF,
34,GTD,21,90.299,FCY,
34,GTD,22,97.376,FCY,
34,GTD,23,126.037,FCY,
34,GTD,24,134.846,FCY,
34,GTD,25,97.093,FCY,
34,GTD,26,150.431,FCY,
34,GTD,27,110.025,FCY,67.095
34,GTD,28,103.403,FCY,
34,GTD,29,138.543,FCY,
34,GTD,30,126.315,GF,
34,GTD,31,89.821,GF,
34,GTD,32,90.267,GF,
34,GTD,33,88.516,GF,
34,GTD,34,87.717,GF,
34,GTD,35,88.607,GF,
34,GTD,36,89.355,GF,
34,GTD,37,88.015,GF,
34,GTD,38,89.256,GF,
34,GTD,39,87.932,GF,
34,GTD,40,88.439,GF,
34,GTD,41,90.852,GF,
34,GTD,42,89.839,GF,
34,GTD,43,89.479,GF,
34,GTD,44,88.797,GF,
34,GTD,45,88.484,GF,
34,GTD,46,89.021,GF,
34,GTD,47,88.11,GF,
34,GTD,48,88.322,GF,
34,GTD,49,88.748,GF,
34,GTD,50,88.955,GF,
34,GTD,51,88.62,GF,
34,GTD,52,89.775,GF,
34,GTD,53,89.525,GF,
34,GTD,54,89.135,GF,
34,GTD,55,91.214,GF,
34,GTD,56,89.761,GF,
34,GTD,57,89.78,GF,
34,GTD,58,88.832,GF,
34,GTD,59,89.519,GF,
34,GTD,60,92.6,GF,
34,GTD,61,182.842,GF,
34,GTD,62,98.966,GF,104.995
34,GTD,63,88.042,GF,
34,GTD,64,87.08,GF,
34,GTD,65,86.611,GF,
34,GTD,66,86.575,GF,
34,GTD,67,86.243,GF,
34,GTD,68,86.284,GF,
34,GTD,69,86.784,GF,
34,GTD,70,86.664,GF,
34,GTD,71,86.431,GF,
34,GTD,72,87.124,GF,
34,GTD,73,87.314,GF,
34,GTD,74,87.747,GF,
34,GTD,75,87.432,GF,
34,GTD,76,86.354,GF,
34,GTD,77,86.667,GF,
34,GTD,78,86.743,GF,
34,GTD,79,86.978,GF,
34,GTD,80,86.971,GF,
34,GTD,81,87.128,GF,
34,GTD,82,87.081,GF,
34,GTD,83,86.953,GF,
34,GTD,84,87.158,GF,
34,GTD,85,86.957,GF,
34,GTD,86,87.407,GF,
34,GTD,87,87.218,GF,
34,GTD,88,87.523,GF,
34,GTD,89,87.429,GF,
34,GTD,90,87.78,GF,
34,GTD,91,87.615,GF,
34,GTD,92,87.686,GF,
34,GTD,93,87.666,GF,
34,GTD,94,87.789,GF,
34,GTD,95,87.684,GF,
34,GTD,96,88.191,GF,
34,GTD,97,89.551,GF,
34,GTD,98,88.282,GF,
34,GTD,99,87.961,GF,
34,GTD,100,87.711,GF,
34,GTD,101,89.222,GF,
34,GTD,102,88.004,GF,
34,GTD,103,88.324,GF,
34,GTD,104,88.455,GF,
34,GTD,105,88.12,FF,
39,GTD,1,96.612,GF,
39,GTD,2,87.607,GF,
39,GTD,3,86.557,GF,
39,GTD,4,87.217,GF,
39,GTD,5,86.321,GF,
39,GTD,6,87.243,GF,
39,GTD,7,86.427,GF,
39,GTD,8,87.002,GF,
39,GTD,9,86.665,GF,
39,GTD,10,86.893,GF,
39,GTD,11,86.428,GF,
39,GTD,12,86.737,GF,
39,GTD,13,86.861,GF,
39,GTD,14,87.065,GF,
39,GTD,15,86.918,GF,
39,GTD,16,88.575,GF,
39,GTD,17,87.772,GF,
39,GTD,18,87.251,GF,
39,GTD,19,87.261,GF,
39,GTD,20,87.881,GF,
39,GTD,21,87.034,GF,
39,GTD,22,87.863,FCY,
39,GTD,23,99.409,FCY,
39,GTD,24,117.597,FCY,
39,GTD,25,147.518,FCY,
39,GTD,26,132.47,FCY,
39,GTD,27,141.701,FCY,
39,GTD,28,191.214,FCY,
39,GTD,29,115.283,FCY,56.801
39,GTD,30,127.169,GF,
39,GTD,31,86.92,GF,
39,GTD,32,85.206,GF,
39,GTD,33,85.332,GF,
39,GTD,34,85.356,GF,
39,GTD,35,85.884,GF,
39,GTD,36,87.556,GF,
39,GTD,37,86.996,GF,
39,GTD,38,86.672,GF,
39,GTD,39,85.887,GF,
39,GTD,40,85.707,GF,
39,GTD,41,85.987,GF,
39,GTD,42,86.75,GF,
39,GTD,43,86.536,GF,
39,GTD,44,86.094,GF,
39,GTD,45,86.18,GF,
39,GTD,46,86.541,GF,
39,GTD,47,86.813,GF,
39,GTD,48,86.198,GF,
39,GTD,49,86.812,GF,
39,GTD,50,86.68,GF,
39,GTD,51,87.17,GF,
39,GTD,52,86.991,GF,
39,GTD,53,87.205,GF,
39,GTD,54,87.9,GF,
39,GTD,55,86.787,GF,
39,GTD,56,86.955,GF,
39,GTD,57,87.071,GF,
39,GTD,58,86.943,GF,
39,GTD,59,131.311,GF,
39,GTD,60,93.758,GF,55.822
39,GTD,61,86.281,GF,
39,GTD,62,86.431,GF,
39,GTD,63,86.24,GF,
39,GTD,64,85.968,GF,
39,GTD,65,86.164,GF,
39,GTD,66,86.068,GF,
39,GTD,67,85.631,GF,
39,GTD,68,85.965,GF,
39,GTD,69,85.669,GF,
39,GTD,70,86.317,GF,
39,GTD,71,86.028,GF,
39,GTD,72,86.716,GF,
39,GTD,73,86.148,GF,
39,GTD,74,85.893,GF,
39,GTD,75,85.753,GF,
39,GTD,76,86.113,GF,
39,GTD,77,86.071,GF,
39,GTD,78,86.417,GF,
39,GTD,79,86.112,GF,
39,GTD,80,86.997,GF,
39,GTD,81,86.676,GF,
39,GTD,82,86.246,GF,
39,GTD,83,86.892,GF,
39,GTD,84,86.574,GF,
39,GTD,85,86.738,GF,
39,GTD,86,87.308,GF,
39,GTD,87,86.736,GF,
39,GTD,88,87.155,GF,
39,GTD,89,87.07,GF,
39,GTD,90,86.977,GF,
39,GTD,91,87.173,GF,
39,GTD,92,86.722,GF,
39,GTD,93,86.894,GF,
39,GTD,94,87.102,GF,
39,GTD,95,89.01,GF,
39,GTD,96,87.37,GF,
39,GTD,97,87.271,GF,
39,GTD,98,87.641,GF,
39,GTD,99,87.713,GF,
39,GTD,100,87.537,GF,
39,GTD,101,87.598,GF,
39,GTD,102,88.327,GF,
39,GTD,103,87.634,GF,
39,GTD,104,88.094,GF,
39,GTD,105,88.266,GF,
39,GTD,106,88.528,GF,
39,GTD,107,89.992,FF,
42,GTD,1,93.15,GF,
42,GTD,2,89.17,GF,
42,GTD,3,87.021,GF,
42,GTD,4,87.374,GF,
42,GTD,5,85.886,GF,
42,GTD,6,85.926,GF,
42,GTD,7,86.45,GF,
42,GTD,8,87.255,GF,
42,GTD,9,87.807,GF,
42,GTD,10,86.131,GF,
42,GTD,11,86.309,GF,
42,GTD,12,86.286,GF,
42,GTD,13,86.668,GF,
42,GTD,14,86.876,GF,
42,GTD,15,87.612,GF,
42,GTD,16,88.141,GF,
42,GTD,17,87.906,GF,
42,GTD,18,87.563,GF,
42,GTD,19,87.085,GF,
42,GTD,20,87.078,GF,
42,GTD,21,87.31,GF,
42,GTD,22,88.416,FCY,
42,GTD,23,93.213,FCY,
42,GTD,24,123.603,FCY,
42,GTD,25,146.637,FCY,
42,GTD,26,199.785,FCY,
42,GTD,27,101.88,FCY,80.606
42,GTD,28,136.882,FCY,
42,GTD,29,141.815,FCY,
42,GTD,30,125.113,GF,
42,GTD,31,88.375,GF,
42,GTD,32,86.042,GF,
42,GTD,33,85.506,GF,
42,GTD,34,85.604,GF,
42,GTD,35,85.556,GF,
42,GTD,36,85.685,GF,
42,GTD,37,85.873,GF,
42,GTD,38,87.079,GF,
42,GTD,39,85.726,GF,
42,GTD,40,85.833,GF,
42,GTD,41,86.019,GF,
42,GTD,42,86.214,GF,
42,GTD,43,86.802,GF,
42,GTD,44,87.363,GF,
42,GTD,45,86.354,GF,
42,GTD,46,86.713,GF,
42,GTD,47,87.222,GF,
42,GTD,48,86.578,GF,
42,GTD,49,87.239,GF,
42,GTD,50,86.762,GF,
42,GTD,51,86.569,GF,
42,GTD,52,86.769,GF,
42,GTD,53,87.071,GF,
42,GTD,54,86.708,GF,
42,GTD,55,87.035,GF,
42,GTD,56,86.77,GF,
42,GTD,57,86.782,GF,
42,GTD,58,86.577,GF,
42,GTD,59,87.681,GF,
42,GTD,60,88.087,GF,
42,GTD,61,141.968,GF,
42,GTD,62,99.436,GF,66.391
42,GTD,63,89.477,GF,
42,GTD,64,87.645,GF,
42,GTD,65,86.378,GF,
42,GTD,66,85.768,GF,
42,GTD,67,86.504,GF,
42,GTD,68,85.982,GF,
42,GTD,69,86.063,GF,
42,GTD,70,86.572,GF,
42,GTD,71,86.07,GF,
42,GTD,72,86.105,GF,
42,GTD,73,85.504,GF,
42,GTD,74,86.695,GF,
42,GTD,75,85.924,GF,
42,GTD,76,85.859,GF,
42,GTD,77,85.787,GF,
42,GTD,78,86.717,GF,
42,GTD,79,86.153,GF,
42,GTD,80,88.855,GF,
42,GTD,81,86.103,GF,
42,GTD,82,85.978,GF,
42,GTD,83,86.223,GF,
42,GTD,84,86.429,GF,
42,GTD,85,86.601,GF,
42,GTD,86,86.496,GF,
42,GTD,87,86.67,GF,
42,GTD,88,86.494,GF,
42,GTD,89,86.679,GF,
42,GTD,90,86.882,GF,
42,GTD,91,86.711,GF,
42,GTD,92,86.778,GF,
42,GTD,93,88.252,GF,
42,GTD,94,87.457,GF,
42,GTD,95,87.269,GF,
42,GTD,96,87.393,GF,
42,GTD,97,87.23,GF,
42,GTD,98,87.02,GF,
42,GTD,99,87.268,GF,
42,GTD,100,87.564,GF,
42,GTD,101,87.017,GF,
42,GTD,102,86.878,GF,
42,GTD,103,87.502,GF,
42,GTD,104,87.219,GF,
42,GTD,105,86.831,GF,
42,GTD,106,86.737,GF,
42,GTD,107,86.935,FF,
5,DPi,1,81.367,GF,
5,DPi,2,77.694,GF,
5,DPi,3,77.254,GF,
5,DPi,4,76.712,GF,
5,DPi,5,76.777,GF,
5,DPi,6,77.166,GF,
5,DPi,7,78.159,GF,
5,DPi,8,80.274,GF,
5,DPi,9,79.203,GF,
5,DPi,10,80.544,GF,
5,DPi,11,78.54,GF,
5,DPi,12,79.525,GF,
5,DPi,13,77.741,GF,
5,DPi,14,77.479,GF,
5,DPi,15,77.676,GF,
5,DPi,16,78.709,GF,
5,DPi,17,77.876,GF,
5,DPi,18,78.824,GF,
5,DPi,19,79.777,GF,
5,DPi,20,80.12,GF,
5,DPi,21,80.137,GF,
5,DPi,22,80.143,GF,
5,DPi,23,79.279,GF,
5,DPi,24,78.884,GF,
5,DPi,25,89.933,FCY,
5,DPi,26,148.457,FCY,
5,DPi,27,194.388,FCY,
5,DPi,28,111.513,FCY,58.898
5,DPi,29,133.519,FCY,
5,DPi,30,138.795,FCY,
5,DPi,31,143.05,FCY,
5,DPi,32,132.576,GF,
5,DPi,33,78.395,GF,
5,DPi,34,77.135,GF,
5,DPi,35,76.088,GF,
5,DPi,36,75.967,GF,
5,DPi,37,76.836,GF,
5,DPi,38,76.449,GF,
5,DPi,39,77.841,GF,
5,DPi,40,78.637,GF,
5,DPi,41,79.159,GF,
5,DPi,42,78.405,GF,
5,DPi,43,77.084,GF,
5,DPi,44,76.695,GF,
5,DPi,45,76.79,GF,
5,DPi,46,76.823,GF,
5,DPi,47,78.232,GF,
5,DPi,48,77.217,GF,
5,DPi,49,79.103,GF,
5,DPi,50,77.869,GF,
5,DPi,51,79.936,GF,
5,DPi,52,78.024,GF,
5,DPi,53,78.626,GF,
5,DPi,54,77.697,GF,
5,DPi,55,77.852,GF,
5,DPi,56,77.871,GF,
5,DPi,57,78.793,GF,
5,DPi,58,79.126,GF,
5,DPi,59,123.226,GF,
5,DPi,60,91.874,GF,55.39
5,DPi,61,78.247,GF,
5,DPi,62,77.17,GF,
5,DPi,63,76.795,GF,
5,DPi,64,76.897,GF,
5,DPi,65,76.292,GF,
5,DPi,66,78.786,GF,
5,DPi,67,78.263,GF,
5,DPi,68,77.823,GF,
5,DPi,69,77.904,GF,
5,DPi,70,78.206,GF,
5,DPi,71,78.2,GF,
5,DPi,72,78.329,GF,
5,DPi,73,79.411,GF,
5,DPi,74,76.836,GF,
5,DPi,75,76.436,GF,
5,DPi,76,76.598,GF,
5,DPi,77,77.034,GF,
5,DPi,78,76.877,GF,
5,DPi,79,77.527,GF,
5,DPi,80,77.181,GF,
5,DPi,81,78.062,GF,
5,DPi,82,77.909,GF,
5,DPi,83,117.667,GF,
5,DPi,84,89.208,GF,50.58
5,DPi,85,78.488,GF,
5,DPi,86,77.192,GF,
5,DPi,87,78.087,GF,
5,DPi,88,77.566,GF,
5,DPi,89,78.102,GF,
5,DPi,90,76.383,GF,
5,DPi,91,76.355,GF,
5,DPi,92,75.974,GF,
5,DPi,93,76.001,GF,
5,DPi,94,77.061,GF,
5,DPi,95,77.838,GF,
5,DPi,96,78.388,GF,
5,DPi,97,77.615,GF,
5,DPi,98,77.549,GF,
5,DPi,99,76.327,GF,
5,DPi,100,77.171,GF,
5,DPi,101,77.208,GF,
5,DPi,102,76.607,GF,
5,DPi,103,77.748,GF,
5,DPi,104,77.711,GF,
5,DPi,105,78.062,GF,
5,DPi,106,77.469,GF,
5,DPi,107,79.681,GF,
5,DPi,108,77.614,GF,
5,DPi,109,77.293,GF,
5,DPi,110,78.12,GF,
5,DPi,111,77.723,GF,
5,DPi,112,78.861,GF,
5,DPi,113,78.506,GF,
5,DPi,114,79.286,GF,
5,DPi,115,78.647,GF,
5,DPi,116,78.949,GF,
5,DPi,117,79.524,FF,
51,GTD,1,97.049,GF,
51,GTD,2,88.273,GF,
51,GTD,3,87.109,GF,
51,GTD,4,86.531,GF,
51,GTD,5,87.136,GF,
51,GTD,6,86.73,GF,
51,GTD,7,87.674,GF,
51,GTD,8,87.749,GF,
51,GTD,9,87.096,GF,
51,GTD,10,86.27,GF,
51,GTD,11,86.722,GF,
51,GTD,12,86.613,GF,
51,GTD,13,86.483,GF,
51,GTD,14,87.957,GF,
51,GTD,15,87.615,GF,
51,GTD,16,87.485,GF,
51,GTD,17,87.797,GF,
51,GTD,18,86.993,GF,
51,GTD,19,87.919,GF,
51,GTD,20,88.262,GF,
51,GTD,21,87.618,GF,
51,GTD,22,89.908,FCY,
51,GTD,23,95.901,FCY,
51,GTD,24,116.535,FCY,
51,GTD,25,146.478,FCY,
51,GTD,26,131.996,FCY,
51,GTD,27,141.251,FCY,
51,GTD,28,99.611,FCY,
51,GTD,29,140.298,FCY,
51,GTD,30,110.134,FCY,59.921
51,GTD,31,89.858,GF,
51,GTD,32,98.317,GF,
51,GTD,33,267.41,GF,199.713
51,GTD,34,85.252,GF,
51,GTD,35,85.675,GF,
51,GTD,36,86.206,GF,
51,GTD,37,85.633,GF,
51,GTD,38,85.518,GF,
51,GTD,39,85.677,GF,
51,GTD,40,87.204,GF,
51,GTD,41,85.932,GF,
51,GTD,42,87.601,GF,
51,GTD,43,87.693,GF,
51,GTD,44,86.886,GF,
51,GTD,45,87.073,GF,
51,GTD,46,86.58,GF,
51,GTD,47,86.888,GF,
51,GTD,48,86.561,GF,
51,GTD,49,88.05,GF,
51,GTD,50,88.195,GF,
51,GTD,51,87.313,GF,
51,GTD,52,86.735,GF,
51,GTD,53,86.952,GF,
51,GTD,54,87.999,GF,
51,GTD,55,87.654,GF,
51,GTD,56,87.688,GF,
51,GTD,57,87.371,GF,
51,GTD,58,87.545,GF,
51,GTD,59,87.828,GF,
51,GTD,60,87.413,GF,
51,GTD,61,87.254,GF,
51,GTD,62,88.339,GF,
51,GTD,63,87.793,GF,
51,GTD,64,88.349,GF,
51,GTD,65,87.962,GF,
51,GTD,66,88.868,GF,
51,GTD,67,144.466,GF,
51,GTD,68,96.982,GF,67.968
51,GTD,69,86.977,GF,
51,GTD,70,86.036,GF,
51,GTD,71,86.296,GF,
51,GTD,72,86.507,GF,
51,GTD,73,86.315,GF,
51,GTD,74,86.861,GF,
51,GTD,75,86.062,GF,
51,GTD,76,86.174,GF,
51,GTD,77,86.01,GF,
51,GTD,78,86.591,GF,
51,GTD,79,86.95,GF,
51,GTD,80,87.02,GF,
51,GTD,81,86.955,GF,
51,GTD,82,86.921,GF,
51,GTD,83,88.264,GF,
51,GTD,84,88.949,GF,
51,GTD,85,89.564,GF,
51,GTD,86,88.051,GF,
51,GTD,87,198.026,GF,
51,GTD,88,93.939,GF,121.509
51,GTD,89,88.258,GF,
51,GTD,90,88.058,GF,
51,GTD,91,87.897,GF,
51,GTD,92,87.529,GF,
51,GTD,93,87.116,GF,
51,GTD,94,87.231,GF,
51,GTD,95,87.598,GF,
51,GTD,96,88.06,GF,
51,GTD,97,89.271,GF,
51,GTD,98,88.637,GF,
51,GTD,99,88.401,GF,
51,GTD,100,87.949,GF,
51,GTD,101,88.523,GF,
51,GTD,102,88.43,GF,
51,GTD,103,89.527,FF,
52,LMP2,1,88.687,GF,
52,LMP2,2,80.864,GF,
52,LMP2,3,80.988,GF,
52,LMP2,4,81.146,GF,
52,LMP2,5,81.003,GF,
52,LMP2,6,81.331,GF,
52,LMP2,7,80.515,GF,
52,LMP2,8,81.505,GF,
52,LMP2,9,81.946,GF,
52,LMP2,10,80.79,GF,
52,LMP2,11,79.804,GF,
52,LMP2,12,80.608,GF,
52,LMP2,13,82.768,GF,
52,LMP2,14,81.04,GF,
52,LMP2,15,82.516,GF,
52,LMP2,16,83.45,GF,
52,LMP2,17,82.129,GF,
52,LMP2,18,80.801,GF,
52,LMP2,19,82.049,GF,
52,LMP2,20,83.311,GF,
52,LMP2,21,81.292,GF,
52,LMP2,22,80.713,GF,
52,LMP2,23,81.387,GF,
52,LMP2,24,93.401,FCY,
52,LMP2,25,151.777,FCY,
52,LMP2,26,204.623,FCY,
52,LMP2,27,116.477,FCY,67.491
52,LMP2,28,125.925,FCY,
52,LMP2,29,137.036,FCY,
52,LMP2,30,143.326,FCY,
52,LMP2,31,132.605,GF,
52,LMP2,32,83.292,GF,
52,LMP2,33,80.093,GF,
52,LMP2,34,79.514,GF,
52,LMP2,35,79.617,GF,
52,LMP2,36,79.025,GF,
52,LMP2,37,78.95,GF,
52,LMP2,38,78.95,GF,
52,LMP2,39,79.965,GF,
52,LMP2,40,79.742,GF,
52,LMP2,41,79.339,GF,
52,LMP2,42,81.433,GF,
52,LMP2,43,83.934,GF,
52,LMP2,44,80.926,GF,
52,LMP2,45,81.856,GF,
52,LMP2,46,83.072,GF,
52,LMP2,47,82.971,GF,
52,LMP2,48,81.738,GF,
52,LMP2,49,80.571,GF,
52,LMP2,50,79.731,GF,
52,LMP2,51,135.384,GF,
52,LMP2,52,97.128,GF,66.089
52,LMP2,53,81.139,GF,
52,LMP2,54,79.384,GF,
52,LMP2,55,80.222,GF,
52,LMP2,56,79.777,GF,
52,LMP2,57,80.062,GF,
52,LMP2,58,80.074,GF,
52,LMP2,59,79.335,GF,
52,LMP2,60,80.064,GF,
52,LMP2,61,78.814,GF,
52,LMP2,62,78.64,GF,
52,LMP2,63,78.607,GF,
52,LMP2,64,79.285,GF,
52,LMP2,65,78.658,GF,
52,LMP2,66,78.468,GF,
52,LMP2,67,79.43,GF,
52,LMP2,68,79.082,GF,
52,LMP2,69,78.554,GF,
52,LMP2,70,79.266,GF,
52,LMP2,71,81.177,GF,
52,LMP2,72,78.508,GF,
52,LMP2,73,80.55,GF,
52,LMP2,74,81.186,GF,
52,LMP2,75,79.352,GF,
52,LMP2,76,80.486,GF,
52,LMP2,77,78.676,GF,
52,LMP2,78,80.717,GF,
52,LMP2,79,79.035,GF,
52,LMP2,80,78.451,GF,
52,LMP2,81,129.028,GF,
52,LMP2,82,95.315,GF,61.784
52,LMP2,83,80.869,GF,
52,LMP2,84,84.997,GF,
52,LMP2,85,81.627,GF,
52,LMP2,86,80.194,GF,
52,LMP2,87,80.253,GF,
52,LMP2,88,79.601,GF,
52,LMP2,89,78.549,GF,
52,LMP2,90,78.376,GF,
52,LMP2,91,78.127,GF,
52,LMP2,92,78.0,GF,
52,LMP2,93,77.993,GF,
52,LMP2,94,79.727,GF,
52,LMP2,95,79.806,GF,
52,LMP2,96,81.865,GF,
52,LMP2,97,79.789,GF,
52,LMP2,98,79.866,GF,
52,LMP2,99,81.879,GF,
52,LMP2,100,78.467,GF,
52,LMP2,101,78.236,GF,
52,LMP2,102,78.887,GF,
52,LMP2,103,78.491,GF,
52,LMP2,104,78.844,GF,
52,LMP2,105,81.239,GF,
52,LMP2,106,81.357,GF,
52,LMP2,107,80.709,GF,
52,LMP2,108,80.489,GF,
52,LMP2,109,80.206,GF,
52,LMP2,110,81.042,GF,
52,LMP2,111,79.72,GF,
52,LMP2,112,79.011,GF,
52,LMP2,113,78.613,FF,
57,GTD,1,93.753,GF,
57,GTD,2,86.77,GF,
57,GTD,3,86.577,GF,
57,GTD,4,85.672,GF,
57,GTD,5,86.162,GF,
57,GTD,6,86.591,GF,
57,GTD,7,86.032,GF,
57,GTD,8,87.344,GF,
57,GTD,9,87.229,GF,
57,GTD,10,87.251,GF,
57,GTD,11,86.358,GF,
57,GTD,12,86.659,GF,
57,GTD,13,86.971,GF,
57,GTD,14,86.743,GF,
57,GTD,15,86.742,GF,
57,GTD,16,87.33,GF,
57,GTD,17,86.8,GF,
57,GTD,18,88.37,GF,
57,GTD,19,87.044,GF,
57,GTD,20,86.964,GF,
57,GTD,21,87.214,GF,
60,DPi,1,79.133,GF,
60,DPi,2,76.595,GF,
60,DPi,3,76.766,GF,
60,DPi,4,76.419,GF,
60,DPi,5,76.168,GF,
60,DPi,6,77.242,GF,
60,DPi,7,76.975,GF,
60,DPi,8,79.881,GF,
60,DPi,9,79.821,GF,
60,DPi,10,79.419,GF,
60,DPi,11,78.434,GF,
60,DPi,12,76.698,GF,
60,DPi,13,77.157,GF,
60,DPi,14,77.165,GF,
60,DPi,15,78.512,GF,
60,DPi,16,77.058,GF,
60,DPi,17,80.226,GF,
60,DPi,18,78.38,GF,
60,DPi,19,81.958,GF,
60,DPi,20,80.172,GF,
60,DPi,21,77.589,GF,
60,DPi,22,79.735,GF,
60,DPi,23,77.811,GF,
60,DPi,24,78.177,GF,
60,DPi,25,94.001,FCY,
60,DPi,26,152.63,FCY,
60,DPi,27,193.165,FCY,
60,DPi,28,115.092,FCY,61.707
60,DPi,29,134.313,FCY,
60,DPi,30,138.024,FCY,
60,DPi,31,143.184,FCY,
60,DPi,32,133.789,GF,
60,DPi,33,78.274,GF,
60,DPi,34,76.615,GF,
60,DPi,35,75.872,GF,
60,DPi,36,75.944,GF,
60,DPi,37,76.059,GF,
60,DPi,38,76.15,GF,
60,DPi,39,76.944,GF,
60,DPi,40,78.75,GF,
60,DPi,41,79.96,GF,
60,DPi,42,77.16,GF,
60,DPi,43,76.764,GF,
60,DPi,44,76.316,GF,
60,DPi,45,76.166,GF,
60,DPi,46,77.061,GF,
60,DPi,47,77.741,GF,
60,DPi,48,77.21,GF,
60,DPi,49,78.711,GF,
60,DPi,50,77.638,GF,
60,DPi,51,78.056,GF,
60,DPi,52,77.627,GF,
60,DPi,53,76.877,GF,
60,DPi,54,77.062,GF,
60,DPi,55,77.238,GF,
60,DPi,56,78.266,GF,
60,DPi,57,78.175,GF,
60,DPi,58,77.694,GF,
60,DPi,59,122.177,GF,
60,DPi,60,88.676,GF,54.649
60,DPi,61,77.987,GF,
60,DPi,62,77.855,GF,
60,DPi,63,76.109,GF,
60,DPi,64,76.056,GF,
60,DPi,65,79.424,GF,
60,DPi,66,80.532,GF,
60,DPi,67,80.14,GF,
60,DPi,68,77.473,GF,
60,DPi,69,76.9,GF,
60,DPi,70,77.709,GF,
60,DPi,71,77.129,GF,
60,DPi,72,76.378,GF,
60,DPi,73,76.277,GF,
60,DPi,74,76.358,GF,
60,DPi,75,76.156,GF,
60,DPi,76,76.317,GF,
60,DPi,77,78.312,GF,
60,DPi,78,78.375,GF,
60,DPi,79,78.103,GF,
60,DPi,80,77.327,GF,
60,DPi,81,115.279,GF,
60,DPi,82,88.06,GF,48.339
60,DPi,83,78.06,GF,
60,DPi,84,77.376,GF,
60,DPi,85,78.472,GF,
60,DPi,86,78.021,GF,
60,DPi,87,76.993,GF,
60,DPi,88,76.174,GF,
60,DPi,89,75.927,GF,
60,DPi,90,76.023,GF,
60,DPi,91,76.012,GF,
60,DPi,92,78.211,GF,
60,DPi,93,76.989,GF,
60,DPi,94,78.256,GF,
60,DPi,95,78.777,GF,
60,DPi,96,77.205,GF,
60,DPi,97,76.696,GF,
60,DPi,98,77.797,GF,
60,DPi,99,76.957,GF,
60,DPi,100,75.546,GF,
60,DPi,101,76.821,GF,
60,DPi,102,79.315,GF,
60,DPi,103,77.989,GF,
60,DPi,104,77.036,GF,
60,DPi,105,78.025,GF,
60,DPi,106,76.497,GF,
60,DPi,107,76.551,GF,
60,DPi,108,76.651,GF,
60,DPi,109,78.121,GF,
60,DPi,110,78.025,GF,
60,DPi,111,78.893,GF,
60,DPi,112,78.845,GF,
60,DPi,113,78.305,GF,
60,DPi,114,77.998,GF,
60,DPi,115,76.773,GF,
60,DPi,116,76.665,GF,
60,DPi,117,77.18,FF,
70,GTD,1,98.845,GF,
70,GTD,2,89.0,GF,
70,GTD,3,87.833,GF,
70,GTD,4,87.934,GF,
70,GTD,5,88.6,GF,
70,GTD,6,87.297,GF,
70,GTD,7,87.798,GF,
70,GTD,8,87.136,GF,
70,GTD,9,87.155,GF,
70,GTD,10,87.364,GF,
70,GTD,11,87.363,GF,
70,GTD,12,88.206,GF,
70,GTD,13,87.926,GF,
70,GTD,14,87.995,GF,
70,GTD,15,88.035,GF,
70,GTD,16,88.466,GF,
70,GTD,17,89.1,GF,
70,GTD,18,87.552,GF,
70,GTD,19,88.575,GF,
70,GTD,20,87.951,GF,
70,GTD,21,87.792,GF,
70,GTD,22,91.367,FCY,
70,GTD,23,102.334,FCY,
70,GTD,24,99.601,FCY,
70,GTD,25,146.989,FCY,
70,GTD,26,176.279,FCY,
70,GTD,27,113.055,FCY,64.659
70,GTD,28,137.178,FCY,
70,GTD,29,172.378,FCY,
70,GTD,30,103.522,GF,53.432
70,GTD,31,86.441,GF,
70,GTD,32,85.966,GF,
70,GTD,33,84.68,GF,
70,GTD,34,85.487,GF,
70,GTD,35,85.481,GF,
70,GTD,36,86.877,GF,
70,GTD,37,87.555,GF,
70,GTD,38,86.524,GF,
70,GTD,39,87.085,GF,
70,GTD,40,87.203,GF,
70,GTD,41,99.739,GF,
70,GTD,42,92.205,GF,24.176
70,GTD,43,339.849,GF,154.788
70,GTD,44,93.065,GF,26.043
70,GTD,45,85.368,GF,
79,GTDPRO,1,91.146,GF,
79,GTDPRO,2,85.632,GF,
79,GTDPRO,3,85.325,GF,
79,GTDPRO,4,85.037,GF,
79,GTDPRO,5,85.928,GF,
79,GTDPRO,6,85.395,GF,
79,GTDPRO,7,85.526,GF,
79,GTDPRO,8,85.803,GF,
79,GTDPRO,9,86.191,GF,
79,GTDPRO,10,87.008,GF,
79,GTDPRO,11,86.624,GF,
79,GTDPRO,12,85.58,GF,
79,GTDPRO,13,85.561,GF,
79,GTDPRO,14,85.666,GF,
79,GTDPRO,15,85.806,GF,
79,GTDPRO,16,85.879,GF,
79,GTDPRO,17,85.9,GF,
79,GTDPRO,18,86.428,GF,
79,GTDPRO,19,87.625,GF,
79,GTDPRO,20,86.39,GF,
79,GTDPRO,21,86.375,GF,
79,GTDPRO,22,86.211,GF,
79,GTDPRO,23,95.15,FCY,
79,GTDPRO,24,139.276,FCY,
79,GTDPRO,25,150.574,FCY,
79,GTDPRO,26,217.829,FCY,
79,GTDPRO,27,102.852,FCY,97.753
79,GTDPRO,28,125.025,FCY,
79,GTDPRO,29,140.651,FCY,
79,GTDPRO,30,125.144,GF,
79,GTDPRO,31,87.777,GF,
79,GTDPRO,32,86.757,GF,
79,GTDPRO,33,86.211,GF,
79,GTDPRO,34,85.948,GF,
79,GTDPRO,35,86.701,GF,
79,GTDPRO,36,87.508,GF,
79,GTDPRO,37,87.073,GF,
79,GTDPRO,38,87.623,GF,
79,GTDPRO,39,86.919,GF,
79,GTDPRO,40,88.433,GF,
79,GTDPRO,41,87.862,GF,
79,GTDPRO,42,87.065,GF,
79,GTDPRO,43,87.075,GF,
79,GTDPRO,44,87.196,GF,
79,GTDPRO,45,89.037,GF,
79,GTDPRO,46,87.437,GF,
79,GTDPRO,47,87.225,GF,
79,GTDPRO,48,88.368,GF,
79,GTDPRO,49,88.688,GF,
79,GTDPRO,50,87.738,GF,
79,GTDPRO,51,87.245,GF,
79,GTDPRO,52,88.436,GF,
79,GTDPRO,53,88.434,GF,
79,GTDPRO,54,87.659,GF,
79,GTDPRO,55,88.125,GF,
79,GTDPRO,56,132.121,GF,
79,GTDPRO,57,97.478,GF,55.883
79,GTDPRO,58,86.826,GF,
79,GTDPRO,59,86.658,GF,
79,GTDPRO,60,87.25,GF,
79,GTDPRO,61,85.816,GF,
79,GTDPRO,62,85.26,GF,
79,GTDPRO,63,84.845,GF,
79,GTDPRO,64,85.991,GF,
79,GTDPRO,65,84.479,GF,
79,GTDPRO,66,85.66,GF,
79,GTDPRO,67,85.129,GF,
79,GTDPRO,68,85.568,GF,
79,GTDPRO,69,86.194,GF,
79,GTDPRO,70,86.03,GF,
79,GTDPRO,71,85.943,GF,
79,GTDPRO,72,86.114,GF,
79,GTDPRO,73,85.694,GF,
79,GTDPRO,74,86.447,GF,
79,GTDPRO,75,86.86,GF,
79,GTDPRO,76,85.973,GF,
79,GTDPRO,77,86.097,GF,
79,GTDPRO,78,86.627,GF,
79,GTDPRO,79,85.85,GF,
79,GTDPRO,80,85.997,GF,
79,GTDPRO,81,85.567,GF,
79,GTDPRO,82,85.45,GF,
79,GTDPRO,83,121.325,GF,
79,GTDPRO,84,92.404,GF,47.347
79,GTDPRO,85,85.024,GF,
79,GTDPRO,86,84.582,GF,
79,GTDPRO,87,84.896,GF,
79,GTDPRO,88,84.68,GF,
79,GTDPRO,89,85.856,GF,
79,GTDPRO,90,84.709,GF,
79,GTDPRO,91,85.195,GF,
79,GTDPRO,92,85.376,GF,
79,GTDPRO,93,85.339,GF,
79,GTDPRO,94,85.265,GF,
79,GTDPRO,95,84.937,GF,
79,GTDPRO,96,85.037,GF,
79,GTDPRO,97,85.072,GF,
79,GTDPRO,98,85.648,GF,
79,GTDPRO,99,85.246,GF,
79,GTDPRO,100,85.582,GF,
79,GTDPRO,101,85.786,GF,
79,GTDPRO,102,86.058,GF,
79,GTDPRO,103,85.182,GF,
79,GTDPRO,104,85.725,GF,
79,GTDPRO,105,86.469,GF,
79,GTDPRO,106,85.317,GF,
79,GTDPRO,107,86.323,FF,
8,LMP2,1,95.384,GF,
8,LMP2,2,85.358,GF,
8,LMP2,3,83.842,GF,
8,LMP2,4,83.541,GF,
8,LMP2,5,83.698,GF,
8,LMP2,6,81.553,GF,
8,LMP2,7,81.579,GF,
8,LMP2,8,82.298,GF,
8,LMP2,9,81.565,GF,
8,LMP2,10,81.611,GF,
8,LMP2,11,81.196,GF,
8,LMP2,12,81.116,GF,
8,LMP2,13,81.521,GF,
8,LMP2,14,84.45,GF,
8,LMP2,15,130.501,GF,
8,LMP2,16,97.0,GF,50.307
8,LMP2,17,84.869,GF,
8,LMP2,18,84.983,GF,
8,LMP2,19,84.719,GF,
8,LMP2,20,83.08,GF,
8,LMP2,21,82.682,GF,
8,LMP2,22,82.18,GF,
8,LMP2,23,95.107,FCY,
8,LMP2,24,138.352,FCY,
8,LMP2,25,150.523,FCY,
8,LMP2,26,139.027,FCY,
8,LMP2,27,140.154,FCY,
8,LMP2,28,90.582,FCY,
8,LMP2,29,88.49,FCY,
8,LMP2,30,113.799,FCY,
8,LMP2,31,132.143,GF,
8,LMP2,32,83.888,GF,
8,LMP2,33,82.569,GF,
8,LMP2,34,82.223,GF,
8,LMP2,35,82.435,GF,
8,LMP2,36,82.101,GF,
8,LMP2,37,81.74,GF,
8,LMP2,38,82.28,GF,
8,LMP2,39,80.268,GF,
8,LMP2,40,124.013,GF,
8,LMP2,41,95.844,GF,53.236
8,LMP2,42,80.934,GF,
8,LMP2,43,79.599,GF,
8,LMP2,44,78.237,GF,
8,LMP2,45,79.907,GF,
8,LMP2,46,76.997,GF,
8,LMP2,47,76.551,GF,
8,LMP2,48,77.136,GF,
8,LMP2,49,77.258,GF,
8,LMP2,50,77.842,GF,
8,LMP2,51,79.491,GF,
8,LMP2,52,78.495,GF,
8,LMP2,53,79.069,GF,
8,LMP2,54,78.773,GF,
8,LMP2,55,79.033,GF,
8,LMP2,56,77.593,GF,
8,LMP2,57,77.245,GF,
8,LMP2,58,77.617,GF,
8,LMP2,59,78.571,GF,
8,LMP2,60,77.704,GF,
8,LMP2,61,77.851,GF,
8,LMP2,62,79.454,GF,
8,LMP2,63,80.435,GF,
8,LMP2,64,81.97,GF,
8,LMP2,65,122.864,GF,
8,LMP2,66,89.935,GF,53.263
8,LMP2,67,78.363,GF,
8,LMP2,68,77.949,GF,
8,LMP2,69,76.216,GF,
8,LMP2,70,76.594,GF,
8,LMP2,71,77.033,GF,
8,LMP2,72,78.497,GF,
8,LMP2,73,76.908,GF,
8,LMP2,74,78.495,GF,
8,LMP2,75,78.45,GF,
8,LMP2,76,80.174,GF,
8,LMP2,77,78.655,GF,
8,LMP2,78,79.458,GF,
8,LMP2,79,77.212,GF,
8,LMP2,80,77.162,GF,
8,LMP2,81,76.993,GF,
8,LMP2,82,78.493,GF,
8,LMP2,83,120.414,GF,
8,LMP2,84,88.207,GF,52.445
8,LMP2,85,78.379,GF,
8,LMP2,86,78.747,GF,
8,LMP2,87,79.114,GF,
8,LMP2,88,77.484,GF,
8,LMP2,89,77.761,GF,
8,LMP2,90,78.063,GF,
8,LMP2,91,80.167,GF,
8,LMP2,92,78.292,GF,
8,LMP2,93,78.92,GF,
8,LMP2,94,77.97,GF,
8,LMP2,95,77.62,GF,
8,LMP2,96,77.75,GF,
8,LMP2,97,77.711,GF,
8,LMP2,98,77.923,GF,
8,LMP2,99,80.366,GF,
8,LMP2,100,78.453,GF,
8,LMP2,101,80.382,GF,
8,LMP2,102,78.404,GF,
8,LMP2,103,79.287,GF,
8,LMP2,104,80.823,GF,
8,LMP2,105,79.2,GF,
8,LMP2,106,78.069,GF,
8,LMP2,107,79.599,GF,
8,LMP2,108,78.176,GF,
8,LMP2,109,79.437,GF,
8,LMP2,110,79.262,GF,
8,LMP2,111,79.216,GF,
8,LMP2,112,80.461,GF,
8,LMP2,113,79.684,GF,
8,LMP2,114,80.242,FF,
81,LMP2,1,86.601,GF,
81,LMP2,2,81.383,GF,
81,LMP2,3,81.261,GF,
81,LMP2,4,81.041,GF,
81,LMP2,5,80.791,GF,
81,LMP2,6,80.595,GF,
81,LMP2,7,80.965,GF,
81,LMP2,8,81.771,GF,
81,LMP2,9,81.652,GF,
81,LMP2,10,80.127,GF,
81,LMP2,11,80.616,GF,
81,LMP2,12,81.833,GF,
81,LMP2,13,81.968,GF,
81,LMP2,14,81.211,GF,
81,LMP2,15,82.643,GF,
81,LMP2,16,82.156,GF,
81,LMP2,17,82.02,GF,
81,LMP2,18,81.425,GF,
81,LMP2,19,81.29,GF,
81,LMP2,20,84.266,GF,
81,LMP2,21,81.611,GF,
81,LMP2,22,80.538,GF,
81,LMP2,23,81.634,GF,
81,LMP2,24,93.712,FCY,
81,LMP2,25,151.919,FCY,
81,LMP2,26,202.101,FCY,
81,LMP2,27,115.631,FCY,65.597
81,LMP2,28,129.279,FCY,
81,LMP2,29,136.854,FCY,
81,LMP2,30,143.096,FCY,
81,LMP2,31,133.356,GF,
81,LMP2,32,83.904,GF,
81,LMP2,33,82.662,GF,
81,LMP2,34,83.16,GF,
81,LMP2,35,82.266,GF,
81,LMP2,36,82.21,GF,
81,LMP2,37,81.849,GF,
81,LMP2,38,81.337,GF,
81,LMP2,39,80.057,GF,
81,LMP2,40,80.761,GF,
81,LMP2,41,80.941,GF,
81,LMP2,42,80.633,GF,
81,LMP2,43,82.747,GF,
81,LMP2,44,128.669,GF,
81,LMP2,45,88.577,GF,56.672
81,LMP2,46,78.521,GF,
81,LMP2,47,131.632,GF,
81,LMP2,48,83.464,GF,65.725
81,LMP2,49,78.557,GF,
81,LMP2,50,80.325,GF,
81,LMP2,51,79.656,GF,
81,LMP2,52,79.023,GF,
81,LMP2,53,78.413,GF,
81,LMP2,54,77.765,GF,
81,LMP2,55,78.146,GF,
81,LMP2,56,78.453,GF,
81,LMP2,57,79.621,GF,
81,LMP2,58,78.538,GF,
81,LMP2,59,77.379,GF,
81,LMP2,60,78.53,GF,
81,LMP2,61,79.65,GF,
81,LMP2,62,79.693,GF,
81,LMP2,63,79.043,GF,
81,LMP2,64,77.74,GF,
81,LMP2,65,78.347,GF,
81,LMP2,66,78.17,GF,
81,LMP2,67,78.512,GF,
81,LMP2,68,78.175,GF,
81,LMP2,69,77.527,GF,
81,LMP2,70,76.846,GF,
81,LMP2,71,77.434,GF,
81,LMP2,72,77.246,GF,
81,LMP2,73,78.443,GF,
81,LMP2,74,78.224,GF,
81,LMP2,75,81.152,GF,
81,LMP2,76,132.571,GF,
81,LMP2,77,87.722,GF,63.556
81,LMP2,78,77.787,GF,
81,LMP2,79,77.254,GF,
81,LMP2,80,76.756,GF,
81,LMP2,81,78.044,GF,
81,LMP2,82,79.595,GF,
81,LMP2,83,77.76,GF,
81,LMP2,84,80.057,GF,
81,LMP2,85,79.435,GF,
81,LMP2,86,79.077,GF,
81,LMP2,87,77.839,GF,
81,LMP2,88,77.682,GF,
81,LMP2,89,77.343,GF,
81,LMP2,90,77.099,GF,
81,LMP2,91,77.065,GF,
81,LMP2,92,78.63,GF,
81,LMP2,93,78.129,GF,
81,LMP2,94,79.635,GF,
81,LMP2,95,78.129,GF,
81,LMP2,96,79.29,GF,
81,LMP2,97,78.922,GF,
81,LMP2,98,77.133,GF,
81,LMP2,99,77.847,GF,
81,LMP2,100,77.002,GF,
81,LMP2,101,77.666,GF,
81,LMP2,102,78.339,GF,
81,LMP2,103,79.851,GF,
81,LMP2,104,78.818,GF,
81,LMP2,105,77.769,GF,
81,LMP2,106,79.382,GF,
81,LMP2,107,80.289,GF,
81,LMP2,108,103.419,GF,
81,LMP2,109,86.103,GF,34.566
81,LMP2,110,79.768,GF,
81,LMP2,111,78.325,GF,
81,LMP2,112,78.397,GF,
81,LMP2,113,79.197,FF,
9,GTDPRO,1,90.442,GF,
9,GTDPRO,2,85.349,GF,
9,GTDPRO,3,85.332,GF,
9,GTDPRO,4,85.254,GF,
9,GTDPRO,5,85.283,GF,
9,GTDPRO,6,85.624,GF,
9,GTDPRO,7,85.579,GF,
9,GTDPRO,8,86.055,GF,
9,GTDPRO,9,85.617,GF,
9,GTDPRO,10,85.892,GF,
9,GTDPRO,11,86.716,GF,
9,GTDPRO,12,85.687,GF,
9,GTDPRO,13,85.756,GF,
9,GTDPRO,14,85.923,GF,
9,GTDPRO,15,85.97,GF,
9,GTDPRO,16,85.936,GF,
9,GTDPRO,17,85.853,GF,
9,GTDPRO,18,86.067,GF,
9,GTDPRO,19,87.464,GF,
9,GTDPRO,20,86.899,GF,
9,GTDPRO,21,86.677,GF,
9,GTDPRO,22,86.652,GF,
9,GTDPRO,23,94.22,FCY,
9,GTDPRO,24,140.047,FCY,
9,GTDPRO,25,150.661,FCY,
9,GTDPRO,26,170.79,FCY,
9,GTDPRO,27,125.977,FCY,58.403
9,GTDPRO,28,136.535,FCY,
9,GTDPRO,29,142.802,FCY,
9,GTDPRO,30,131.563,GF,
9,GTDPRO,31,86.321,GF,
9,GTDPRO,32,85.37,GF,
9,GTDPRO,33,85.121,GF,
9,GTDPRO,34,85.13,GF,
9,GTDPRO,35,84.978,GF,
9,GTDPRO,36,85.154,GF,
9,GTDPRO,37,85.277,GF,
9,GTDPRO,38,85.131,GF,
9,GTDPRO,39,85.651,GF,
9,GTDPRO,40,85.787,GF,
9,GTDPRO,41,85.786,GF,
9,GTDPRO,42,85.524,GF,
9,GTDPRO,43,85.664,GF,
9,GTDPRO,44,86.736,GF,
9,GTDPRO,45,85.944,GF,
9,GTDPRO,46,85.787,GF,
9,GTDPRO,47,85.927,GF,
9,GTDPRO,48,86.169,GF,
9,GTDPRO,49,87.237,GF,
9,GTDPRO,50,86.955,GF,
9,GTDPRO,51,86.651,GF,
9,GTDPRO,52,86.363,GF,
9,GTDPRO,53,86.591,GF,
9,GTDPRO,54,85.866,GF,
9,GTDPRO,55,85.862,GF,
9,GTDPRO,56,86.675,GF,
9,GTDPRO,57,86.078,GF,
9,GTDPRO,58,86.381,GF,
9,GTDPRO,59,85.917,GF,
9,GTDPRO,60,86.231,GF,
9,GTDPRO,61,86.471,GF,
9,GTDPRO,62,87.148,GF,
9,GTDPRO,63,132.577,GF,
9,GTDPRO,64,94.056,GF,57.336
9,GTDPRO,65,86.475,GF,
9,GTDPRO,66,85.786,GF,
9,GTDPRO,67,85.273,GF,
9,GTDPRO,68,85.597,GF,
9,GTDPRO,69,86.217,GF,
9,GTDPRO,70,85.869,GF,
9,GTDPRO,71,85.775,GF,
9,GTDPRO,72,85.584,GF,
9,GTDPRO,73,85.491,GF,
9,GTDPRO,74,85.977,GF,
9,GTDPRO,75,85.915,GF,
9,GTDPRO,76,86.658,GF,
9,GTDPRO,77,85.852,GF,
9,GTDPRO,78,85.563,GF,
9,GTDPRO,79,85.537,GF,
9,GTDPRO,80,85.575,GF,
9,GTDPRO,81,86.321,GF,
9,GTDPRO,82,85.678,GF,
9,GTDPRO,83,85.717,GF,
9,GTDPRO,84,86.33,GF,
9,GTDPRO,85,85.946,GF,
9,GTDPRO,86,85.888,GF,
9,GTDPRO,87,85.689,GF,
9,GTDPRO,88,86.126,GF,
9,GTDPRO,89,87.265,GF,
9,GTDPRO,90,87.037,GF,
9,GTDPRO,91,86.358,GF,
9,GTDPRO,92,86.267,GF,
9,GTDPRO,93,86.052,GF,
9,GTDPRO,94,86.108,GF,
9,GTDPRO,95,86.067,GF,
9,GTDPRO,96,85.887,GF,
9,GTDPRO,97,86.521,GF,
9,GTDPRO,98,87.038,GF,
9,GTDPRO,99,86.076,GF,
9,GTDPRO,100,86.782,GF,
9,GTDPRO,101,87.242,GF,
9,GTDPRO,102,87.071,GF,
9,GTDPRO,103,86.786,GF,
9,GTDPRO,104,86.235,GF,
9,GTDPRO,105,86.084,GF,
9,GTDPRO,106,86.527,GF,
9,GTDPRO,107,86.842,FF,
96,GTD,1,93.132,GF,
96,GTD,2,86.421,GF,
96,GTD,3,86.514,GF,
96,GTD,4,85.781,GF,
96,GTD,5,85.97,GF,
96,GTD,6,86.494,GF,
96,GTD,7,86.229,GF,
96,GTD,8,86.352,GF,
96,GTD,9,86.779,GF,
96,GTD,10,86.881,GF,
96,GTD,11,86.545,GF,
96,GTD,12,86.737,GF,
96,GTD,13,86.686,GF,
96,GTD,14,86.471,GF,
96,GTD,15,86.498,GF,
96,GTD,16,87.368,GF,
96,GTD,17,87.326,GF,
96,GTD,18,87.425,GF,
96,GTD,19,88.158,GF,
96,GTD,20,87.332,GF,
96,GTD,21,87.246,GF,
96,GTD,22,87.973,FCY,
96,GTD,23,97.101,FCY,
96,GTD,24,125.146,FCY,
96,GTD,25,146.61,FCY,
96,GTD,26,178.289,FCY,
96,GTD,27,117.169,FCY,58.896
96,GTD,28,136.342,FCY,
96,GTD,29,143.663,FCY,
96,GTD,30,128.677,GF,
96,GTD,31,89.806,GF,
96,GTD,32,86.347,GF,
96,GTD,33,85.882,GF,
96,GTD,34,85.557,GF,
96,GTD,35,85.564,GF,
96,GTD,36,85.732,GF,
96,GTD,37,85.693,GF,
96,GTD,38,86.209,GF,
96,GTD,39,86.352,GF,
96,GTD,40,86.004,GF,
96,GTD,41,85.859,GF,
96,GTD,42,86.076,GF,
96,GTD,43,86.529,GF,
96,GTD,44,86.879,GF,
96,GTD,45,86.041,GF,
96,GTD,46,86.181,GF,
96,GTD,47,86.271,GF,
96,GTD,48,86.793,GF,
96,GTD,49,86.297,GF,
96,GTD,50,86.422,GF,
96,GTD,51,87.066,GF,
96,GTD,52,86.808,GF,
96,GTD,53,86.862,GF,
96,GTD,54,86.91,GF,
96,GTD,55,87.024,GF,
96,GTD,56,87.031,GF,
96,GTD,57,86.912,GF,
96,GTD,58,87.884,GF,
96,GTD,59,87.753,GF,
96,GTD,60,87.506,GF,
96,GTD,61,133.66,GF,
96,GTD,62,94.008,GF,58.099
96,GTD,63,86.802,GF,
96,GTD,64,85.657,GF,
96,GTD,65,86.284,GF,
96,GTD,66,85.766,GF,
96,GTD,67,86.13,GF,
96,GTD,68,85.345,GF,
96,GTD,69,85.551,GF,
96,GTD,70,86.179,GF,
96,GTD,71,86.225,GF,
96,GTD,72,86.299,GF,
96,GTD,73,86.35,GF,
96,GTD,74,85.998,GF,
96,GTD,75,86.475,GF,
96,GTD,76,85.923,GF,
96,GTD,77,86.12,GF,
96,GTD,78,86.616,GF,
96,GTD,79,86.288,GF,
96,GTD,80,86.671,GF,
96,GTD,81,87.168,GF,
96,GTD,82,86.651,GF,
96,GTD,83,86.693,GF,
96,GTD,84,86.695,GF,
96,GTD,85,87.09,GF,
96,GTD,86,87.282,GF,
96,GTD,87,86.907,GF,
96,GTD,88,86.91,GF,
96,GTD,89,86.91,GF,
96,GTD,90,87.402,GF,
96,GTD,91,87.072,GF,
96,GTD,92,87.065,GF,
96,GTD,93,87.44,GF,
96,GTD,94,87.503,GF,
96,GTD,95,87.629,GF,
96,GTD,96,87.816,GF,
96,GTD,97,89.006,GF,
96,GTD,98,87.812,GF,
96,GTD,99,87.564,GF,
96,GTD,100,87.619,GF,
96,GTD,101,87.692,GF,
96,GTD,102,88.296,GF,
96,GTD,103,87.535,GF,
96,GTD,104,88.177,GF,
96,GTD,105,88.348,GF,
96,GTD,106,88.769,GF,
96,GTD,107,90.049,FF,
99,GTD,1,99.673,GF,
99,GTD,2,88.833,GF,
99,GTD,3,87.974,GF,
99,GTD,4,87.8,GF,
99,GTD,5,88.305,GF,
99,GTD,6,87.81,GF,
99,GTD,7,87.508,GF,
99,GTD,8,87.099,GF,
99,GTD,9,87.333,GF,
99,GTD,10,87.0,GF,
99,GTD,11,87.527,GF,
99,GTD,12,88.807,GF,
99,GTD,13,87.479,GF,
99,GTD,14,87.96,GF,
99,GTD,15,87.967,GF,
99,GTD,16,88.316,GF,
99,GTD,17,89.443,GF,
99,GTD,18,88.649,GF,
99,GTD,19,87.927,GF,
99,GTD,20,88.027,GF,
99,GTD,21,87.694,GF,
99,GTD,22,92.541,FCY,
99,GTD,23,101.343,FCY,
99,GTD,24,101.312,FCY,
99,GTD,25,147.607,FCY,
99,GTD,26,170.643,FCY,
99,GTD,27,113.522,FCY,60.935
99,GTD,28,184.577,FCY,
99,GTD,29,107.764,FCY,66.812
99,GTD,30,120.686,GF,
99,GTD,31,88.571,GF,
99,GTD,32,86.796,GF,
99,GTD,33,86.143,GF,
99,GTD,34,85.683,GF,
99,GTD,35,85.573,GF,
99,GTD,36,85.872,GF,
99,GTD,37,86.901,GF,
99,GTD,38,85.947,GF,
99,GTD,39,86.456,GF,
99,GTD,40,90.013,GF,
99,GTD,41,86.74,GF,
99,GTD,42,86.529,GF,
99,GTD,43,99.758,GF,
99,GTD,44,92.497,GF,24.875
99,GTD,45,86.976,GF,
99,GTD,46,86.788,GF,
99,GTD,47,86.586,GF,
99,GTD,48,87.02,GF,
99,GTD,49,86.426,GF,
99,GTD,50,88.411,GF,
99,GTD,51,87.855,GF,
99,GTD,52,87.328,GF,
99,GTD,53,86.807,GF,
99,GTD,54,87.047,GF,
99,GTD,55,88.111,GF,
99,GTD,56,87.074,GF,
99,GTD,57,86.912,GF,
99,GTD,58,87.504,GF,
99,GTD,59,86.531,GF,
99,GTD,60,87.071,GF,
99,GTD,61,86.66,GF,
99,GTD,62,87.175,GF,
99,GTD,63,87.83,GF,
99,GTD,64,87.438,GF,
99,GTD,65,87.034,GF,
99,GTD,66,87.435,GF,
99,GTD,67,90.413,GF,
99,GTD,68,87.433,GF,
99,GTD,69,87.528,GF,
99,GTD,70,139.751,GF,
99,GTD,71,109.066,GF,61.515
99,GTD,72,91.281,GF,
99,GTD,73,88.502,GF,
99,GTD,74,87.714,GF,
99,GTD,75,86.298,GF,
99,GTD,76,86.158,GF,
99,GTD,77,86.131,GF,
99,GTD,78,86.106,GF,
99,GTD,79,86.147,GF,
99,GTD,80,87.012,GF,
99,GTD,81,86.325,GF,
99,GTD,82,86.056,GF,
99,GTD,83,86.094,GF,
99,GTD,84,86.319,GF,
99,GTD,85,86.646,GF,
99,GTD,86,86.74,GF,
99,GTD,87,86.651,GF,
99,GTD,88,86.795,GF,
99,GTD,89,87.047,GF,
99,GTD,90,86.82,GF,
99,GTD,91,87.169,GF,
99,GTD,92,87.586,GF,
99,GTD,93,87.239,GF,
99,GTD,94,87.685,GF,
99,GTD,95,87.824,GF,
99,GTD,96,88.088,GF,
99,GTD,97,87.121,GF,
99,GTD,98,87.297,GF,
99,GTD,99,86.922,GF,
99,GTD,100,87.94,GF,
99,GTD,101,87.51,GF,
99,GTD,102,87.899,GF,
99,GTD,103,87.141,GF,
99,GTD,104,86.953,GF,
99,GTD,105,87.822,GF,
99,GTD,106,86.773,FF,
